,bar_name,station_id,popularity,review_count,price,total_counts,rating,empty_slots,free_bikes,latitude,longitude,name
0,Le 4e Mur,36c6491aa1b52e5ef7005f984738de27,0.9660450876704704,99.0,3.0,11.0,4.25,12,3,45.516926210319546,-73.56425732374191,Gare d'autocars de Montréal (Berri / Ontario)
1,Le Saint Bock,36c6491aa1b52e5ef7005f984738de27,0.9801108993984028,71.0,2.0,9.0,4.15,12,3,45.516926210319546,-73.56425732374191,Gare d'autocars de Montréal (Berri / Ontario)
2,Brasserie Artisanale l'Amère a Boire Inc,36c6491aa1b52e5ef7005f984738de27,0.9608640733049304,84.0,2.0,8.0,4.05,12,3,45.516926210319546,-73.56425732374191,Gare d'autocars de Montréal (Berri / Ontario)
3,Cadet,36c6491aa1b52e5ef7005f984738de27,0.9811314022279788,93.0,2.0,23.0,4.75,12,3,45.516926210319546,-73.56425732374191,Gare d'autocars de Montréal (Berri / Ontario)
4,Pub l'Ile Noire,36c6491aa1b52e5ef7005f984738de27,0.9757577055100016,69.0,2.0,6.0,3.9,12,3,45.516926210319546,-73.56425732374191,Gare d'autocars de Montréal (Berri / Ontario)
5,Renard,36c6491aa1b52e5ef7005f984738de27,0.982351723793416,21.0,3.0,12.0,4.45,12,3,45.516926210319546,-73.56425732374191,Gare d'autocars de Montréal (Berri / Ontario)
6,Le Cheval Blanc,36c6491aa1b52e5ef7005f984738de27,0.9835434998251588,61.0,2.0,2.0,3.85,12,3,45.516926210319546,-73.56425732374191,Gare d'autocars de Montréal (Berri / Ontario)
7,Cabaret Mado,36c6491aa1b52e5ef7005f984738de27,0.9631976706844504,27.0,2.0,11.0,4.15,12,3,45.516926210319546,-73.56425732374191,Gare d'autocars de Montréal (Berri / Ontario)
8,Le Red Tiger,36c6491aa1b52e5ef7005f984738de27,0.9686926859206292,137.0,2.0,9.0,4.1,12,3,45.516926210319546,-73.56425732374191,Gare d'autocars de Montréal (Berri / Ontario)
9,Patrick'S Pub Irlandais,36c6491aa1b52e5ef7005f984738de27,0.9720539225131488,98.0,2.0,2.0,3.8,12,3,45.516926210319546,-73.56425732374191,Gare d'autocars de Montréal (Berri / Ontario)
10,La Distillerie No.1,36c6491aa1b52e5ef7005f984738de27,0.0625444417041051,315.0,2.0,21.0,4.5,12,3,45.516926210319546,-73.56425732374191,Gare d'autocars de Montréal (Berri / Ontario)
11,Arcade MTL,36c6491aa1b52e5ef7005f984738de27,0.5595101601739615,26.0,1.0,13.0,4.5,12,3,45.516926210319546,-73.56425732374191,Gare d'autocars de Montréal (Berri / Ontario)
12,Yer'Mad,36c6491aa1b52e5ef7005f984738de27,0.8757018316140132,15.0,1.0,11.0,4.5,12,3,45.516926210319546,-73.56425732374191,Gare d'autocars de Montréal (Berri / Ontario)
13,Le Normandie,36c6491aa1b52e5ef7005f984738de27,0.7334713303358475,8.0,1.0,14.0,4.5,12,3,45.516926210319546,-73.56425732374191,Gare d'autocars de Montréal (Berri / Ontario)
14,Patrick's Pub,36c6491aa1b52e5ef7005f984738de27,0.9990345997302896,25.0,2.0,6.0,3.5,12,3,45.516926210319546,-73.56425732374191,Gare d'autocars de Montréal (Berri / Ontario)
15,Bistro à Jojo,36c6491aa1b52e5ef7005f984738de27,0.36573198677174,23.0,2.0,11.0,4.0,12,3,45.516926210319546,-73.56425732374191,Gare d'autocars de Montréal (Berri / Ontario)
16,Midway,36c6491aa1b52e5ef7005f984738de27,0.3316889799996118,35.0,2.0,25.0,4.0,12,3,45.516926210319546,-73.56425732374191,Gare d'autocars de Montréal (Berri / Ontario)
17,Pub le Sainte-Élisabeth,36c6491aa1b52e5ef7005f984738de27,0.1067005035431638,123.0,2.0,16.0,4.0,12,3,45.516926210319546,-73.56425732374191,Gare d'autocars de Montréal (Berri / Ontario)
18,Pub l'Île Noire,36c6491aa1b52e5ef7005f984738de27,0.7759253871621193,60.0,2.0,4.0,4.0,12,3,45.516926210319546,-73.56425732374191,Gare d'autocars de Montréal (Berri / Ontario)
19,Bootlegger l'Authentique,36c6491aa1b52e5ef7005f984738de27,0.0366456884570407,46.0,2.0,15.0,4.5,12,3,45.516926210319546,-73.56425732374191,Gare d'autocars de Montréal (Berri / Ontario)
20,Le Mal Nécessaire,36c6491aa1b52e5ef7005f984738de27,0.2489600359489981,163.0,2.0,29.0,4.0,12,3,45.516926210319546,-73.56425732374191,Gare d'autocars de Montréal (Berri / Ontario)
21,Stereo,36c6491aa1b52e5ef7005f984738de27,0.9125503478889034,54.0,3.0,13.0,3.5,12,3,45.516926210319546,-73.56425732374191,Gare d'autocars de Montréal (Berri / Ontario)
22,Ginkgo,36c6491aa1b52e5ef7005f984738de27,0.2142463559787247,75.0,2.0,10.0,4.0,12,3,45.516926210319546,-73.56425732374191,Gare d'autocars de Montréal (Berri / Ontario)
23,Les Foufounes Electriques,36c6491aa1b52e5ef7005f984738de27,0.7502585949663418,78.0,1.0,18.0,3.5,12,3,45.516926210319546,-73.56425732374191,Gare d'autocars de Montréal (Berri / Ontario)
24,Bistro au Vieux St-Hubert,36c6491aa1b52e5ef7005f984738de27,0.833671813370226,6.0,2.0,10.0,3.5,12,3,45.516926210319546,-73.56425732374191,Gare d'autocars de Montréal (Berri / Ontario)
25,Le Blossom,36c6491aa1b52e5ef7005f984738de27,0.1874823031636964,31.0,2.0,8.0,3.0,12,3,45.516926210319546,-73.56425732374191,Gare d'autocars de Montréal (Berri / Ontario)
26,Madame Smith,65f5707d61306518123222b4680bc282,0.9703982815588716,96.0,2.0,7.0,3.95,13,9,45.55321884238814,-73.53978216648102,Marché Maisonneuve
27,L'Espace Public-Brasseurs de Quartier,65f5707d61306518123222b4680bc282,0.9792117150870282,54.0,2.0,5.0,4.35,13,9,45.55321884238814,-73.53978216648102,Marché Maisonneuve
28,Le Trèfle - Taverne Irlandaise,65f5707d61306518123222b4680bc282,0.9747800209809672,72.0,2.0,7.0,3.8,13,9,45.55321884238814,-73.53978216648102,Marché Maisonneuve
29,Le Blind Pig,65f5707d61306518123222b4680bc282,0.9773419826300428,25.0,1.0,7.0,3.45,13,9,45.55321884238814,-73.53978216648102,Marché Maisonneuve
30,Brasserie de Lasalle Enr,65f5707d61306518123222b4680bc282,0.5996988446195237,24.0,2.0,5.0,4.1,13,9,45.55321884238814,-73.53978216648102,Marché Maisonneuve
31,La Nef,65f5707d61306518123222b4680bc282,0.7792359787906684,72.0,2.0,7.0,4.1,13,9,45.55321884238814,-73.53978216648102,Marché Maisonneuve
32,Bar le Bureau,65f5707d61306518123222b4680bc282,0.9100102050282958,26.0,2.0,3.0,4.1,13,9,45.55321884238814,-73.53978216648102,Marché Maisonneuve
33,Bar l'Assemblée,65f5707d61306518123222b4680bc282,0.9256460211094222,48.0,2.0,4.0,4.1,13,9,45.55321884238814,-73.53978216648102,Marché Maisonneuve
34,Taverne l'Escale,65f5707d61306518123222b4680bc282,0.9412247461231597,96.0,2.0,4.0,4.1,13,9,45.55321884238814,-73.53978216648102,Marché Maisonneuve
35,Loupblond,65f5707d61306518123222b4680bc282,0.0338264574279046,34.0,2.0,4.0,4.1,13,9,45.55321884238814,-73.53978216648102,Marché Maisonneuve
36,Le Trèfle,65f5707d61306518123222b4680bc282,0.1389366608801149,35.0,2.0,8.0,4.0,13,9,45.55321884238814,-73.53978216648102,Marché Maisonneuve
37,El Jumelgi,65f5707d61306518123222b4680bc282,0.4517947829602259,1.0,1.0,5.0,4.0,13,9,45.55321884238814,-73.53978216648102,Marché Maisonneuve
38,Rouge Gorge,0e58810dea9e4869279089cb8576642f,0.9532210066582456,18.0,2.0,11.0,4.1,12,17,45.52689,-73.57264,Rachel / de Brébeuf
39,Pub West Shefford,0e58810dea9e4869279089cb8576642f,0.9640326275450128,83.0,2.0,8.0,4.05,12,17,45.52689,-73.57264,Rachel / de Brébeuf
40,Bily Kun,0e58810dea9e4869279089cb8576642f,0.956589379634189,68.0,2.0,13.0,4.15,12,17,45.52689,-73.57264,Rachel / de Brébeuf
41,La Distillerie No2,0e58810dea9e4869279089cb8576642f,0.968492867184768,58.0,2.0,7.0,4.15,12,17,45.52689,-73.57264,Rachel / de Brébeuf
42,Fitzroy,0e58810dea9e4869279089cb8576642f,0.975493659323328,46.0,2.0,8.0,3.8,12,17,45.52689,-73.57264,Rachel / de Brébeuf
43,Bar Plan B,0e58810dea9e4869279089cb8576642f,0.9550265116644188,35.0,2.0,7.0,3.85,12,17,45.52689,-73.57264,Rachel / de Brébeuf
44,A Bar,0e58810dea9e4869279089cb8576642f,0.9262882956175468,93.0,2.0,2.0,3.85,12,17,45.52689,-73.57264,Rachel / de Brébeuf
45,Cafe-Bar le Boudoir,0e58810dea9e4869279089cb8576642f,0.9252606564045474,39.0,1.0,4.0,3.7,12,17,45.52689,-73.57264,Rachel / de Brébeuf
46,Le Terminal,0e58810dea9e4869279089cb8576642f,0.9725748785030722,33.0,2.0,6.0,3.75,12,17,45.52689,-73.57264,Rachel / de Brébeuf
47,Aux Verres Stérilisés Inc,0e58810dea9e4869279089cb8576642f,0.9487893125521848,73.0,2.0,1.0,3.4,12,17,45.52689,-73.57264,Rachel / de Brébeuf
48,Candi Bar,0e58810dea9e4869279089cb8576642f,0.7830644730444418,60.0,2.0,11.0,3.5,12,17,45.52689,-73.57264,Rachel / de Brébeuf
49,Le Rouge Gorge,0e58810dea9e4869279089cb8576642f,0.6049735612184822,33.0,2.0,10.0,4.5,12,17,45.52689,-73.57264,Rachel / de Brébeuf
50,L’Entrepôt - Mont-Royal,0e58810dea9e4869279089cb8576642f,0.3876766765616549,138.0,1.0,10.0,4.0,12,17,45.52689,-73.57264,Rachel / de Brébeuf
51,L'Escogriffe Bar Spectacle,0e58810dea9e4869279089cb8576642f,0.5079357189817219,18.0,1.0,16.0,4.5,12,17,45.52689,-73.57264,Rachel / de Brébeuf
52,L'Barouf,0e58810dea9e4869279089cb8576642f,0.8100579965120381,32.0,2.0,11.0,3.5,12,17,45.52689,-73.57264,Rachel / de Brébeuf
53,Ichigo Ichie,0e58810dea9e4869279089cb8576642f,0.6947417742489442,117.0,2.0,12.0,4.5,12,17,45.52689,-73.57264,Rachel / de Brébeuf
54,Bar la Shop,0e58810dea9e4869279089cb8576642f,0.1684094599422377,8.0,1.0,7.0,4.0,12,17,45.52689,-73.57264,Rachel / de Brébeuf
55,Big In Japan,0e58810dea9e4869279089cb8576642f,0.2269386618337535,258.0,2.0,12.0,3.5,12,17,45.52689,-73.57264,Rachel / de Brébeuf
56,Le A Bar,0e58810dea9e4869279089cb8576642f,0.9340217667486068,15.0,2.0,12.0,4.5,12,17,45.52689,-73.57264,Rachel / de Brébeuf
57,Barraca,0e58810dea9e4869279089cb8576642f,0.7928444404835151,63.0,2.0,7.0,3.5,12,17,45.52689,-73.57264,Rachel / de Brébeuf
58,West Shefford,0e58810dea9e4869279089cb8576642f,0.6045621824246012,7.0,1.0,7.0,3.5,12,17,45.52689,-73.57264,Rachel / de Brébeuf
59,La Distillerie No.2,0e58810dea9e4869279089cb8576642f,0.9413454599668716,71.0,2.0,8.0,4.5,12,17,45.52689,-73.57264,Rachel / de Brébeuf
60,Chez Baptiste,0e58810dea9e4869279089cb8576642f,0.5595867951096589,19.0,1.0,11.0,3.5,12,17,45.52689,-73.57264,Rachel / de Brébeuf
61,La Rockette,0e58810dea9e4869279089cb8576642f,0.0528657114234617,16.0,1.0,6.0,3.0,12,17,45.52689,-73.57264,Rachel / de Brébeuf
62,Plein Sud,0e58810dea9e4869279089cb8576642f,0.831673726809243,58.0,2.0,8.0,4.5,12,17,45.52689,-73.57264,Rachel / de Brébeuf
63,132 Bar Vintage,eeda0f4010f34ca2199f3585a76fef66,0.935308684264988,53.0,3.0,3.0,4.15,9,6,45.5534000891078,-73.66225451231003,Bibliothèque d'Ahuntsic (Lajeunesse / Fleury)
64,Les Cavistes,eeda0f4010f34ca2199f3585a76fef66,0.9494744053608511,13.0,2.0,3.0,3.95,9,6,45.5534000891078,-73.66225451231003,Bibliothèque d'Ahuntsic (Lajeunesse / Fleury)
65,Uber Cafbar,eeda0f4010f34ca2199f3585a76fef66,0.954748192710898,88.0,2.0,4.0,3.75,9,6,45.5534000891078,-73.66225451231003,Bibliothèque d'Ahuntsic (Lajeunesse / Fleury)
66,In Vino Veritas,eeda0f4010f34ca2199f3585a76fef66,0.3041669342810451,21.0,2.0,3.0,4.1,9,6,45.5534000891078,-73.66225451231003,Bibliothèque d'Ahuntsic (Lajeunesse / Fleury)
67,Bienvenu Bar Salon,eeda0f4010f34ca2199f3585a76fef66,0.937228371405939,14.0,2.0,4.0,4.1,9,6,45.5534000891078,-73.66225451231003,Bibliothèque d'Ahuntsic (Lajeunesse / Fleury)
68,Bar Lajeunesse,eeda0f4010f34ca2199f3585a76fef66,0.5046993084844462,80.0,2.0,2.0,4.1,9,6,45.5534000891078,-73.66225451231003,Bibliothèque d'Ahuntsic (Lajeunesse / Fleury)
69,Bar Ahuntsic,eeda0f4010f34ca2199f3585a76fef66,0.9933060723486552,61.0,2.0,3.0,4.1,9,6,45.5534000891078,-73.66225451231003,Bibliothèque d'Ahuntsic (Lajeunesse / Fleury)
70,Le Rendez Vous du Thé,eeda0f4010f34ca2199f3585a76fef66,0.9319260385221976,98.0,2.0,3.0,4.1,9,6,45.5534000891078,-73.66225451231003,Bibliothèque d'Ahuntsic (Lajeunesse / Fleury)
71,Le Pourvoyeur,eeda0f4010f34ca2199f3585a76fef66,0.9605215269005972,94.0,3.0,7.0,4.1,9,6,45.5534000891078,-73.66225451231003,Bibliothèque d'Ahuntsic (Lajeunesse / Fleury)
72,Lanny Izakaya,eeda0f4010f34ca2199f3585a76fef66,0.8996190724673447,42.0,2.0,4.0,4.1,9,6,45.5534000891078,-73.66225451231003,Bibliothèque d'Ahuntsic (Lajeunesse / Fleury)
73,Bar Vintage 132,eeda0f4010f34ca2199f3585a76fef66,0.3062697551577847,8.0,2.0,5.0,4.5,9,6,45.5534000891078,-73.66225451231003,Bibliothèque d'Ahuntsic (Lajeunesse / Fleury)
74,Über Cafbar,eeda0f4010f34ca2199f3585a76fef66,0.2999435051471593,6.0,2.0,4.0,4.5,9,6,45.5534000891078,-73.66225451231003,Bibliothèque d'Ahuntsic (Lajeunesse / Fleury)
75,Sacre Fut,eeda0f4010f34ca2199f3585a76fef66,0.5259798587859784,1.0,2.0,3.0,4.0,9,6,45.5534000891078,-73.66225451231003,Bibliothèque d'Ahuntsic (Lajeunesse / Fleury)
76,Resto Bar Coin Du Metro,eeda0f4010f34ca2199f3585a76fef66,0.9777805318229592,4.0,2.0,3.0,3.0,9,6,45.5534000891078,-73.66225451231003,Bibliothèque d'Ahuntsic (Lajeunesse / Fleury)
77,Le Petit Flore,eeda0f4010f34ca2199f3585a76fef66,0.1551390101712142,10.0,2.0,4.0,4.0,9,6,45.5534000891078,-73.66225451231003,Bibliothèque d'Ahuntsic (Lajeunesse / Fleury)
78,Resto-Bar Lucky 7,8140fc3c3486abf913b0bd9211926f2b,0.6085265509145276,39.0,2.0,6.0,4.1,15,19,45.55984236120471,-73.61544728279114,Cité des Arts du Cirque (Paul Boutet / des Regrattiers)
79,Brasserie Place 37,8140fc3c3486abf913b0bd9211926f2b,0.8063542358003811,97.0,2.0,2.0,4.1,15,19,45.55984236120471,-73.61544728279114,Cité des Arts du Cirque (Paul Boutet / des Regrattiers)
80,Perandello Sport Bar,8140fc3c3486abf913b0bd9211926f2b,0.3135084601825487,19.0,2.0,2.0,4.1,15,19,45.55984236120471,-73.61544728279114,Cité des Arts du Cirque (Paul Boutet / des Regrattiers)
81,Brasserie Chez le Pere Gedeon,8140fc3c3486abf913b0bd9211926f2b,0.8996190724673447,73.0,2.0,6.0,4.1,15,19,45.55984236120471,-73.61544728279114,Cité des Arts du Cirque (Paul Boutet / des Regrattiers)
82,La Zone,8140fc3c3486abf913b0bd9211926f2b,0.9104659978243544,2.0,1.0,6.0,1.0,15,19,45.55984236120471,-73.61544728279114,Cité des Arts du Cirque (Paul Boutet / des Regrattiers)
83,Caffè Roma,8140fc3c3486abf913b0bd9211926f2b,0.9402930299312772,3.0,1.0,7.0,5.0,15,19,45.55984236120471,-73.61544728279114,Cité des Arts du Cirque (Paul Boutet / des Regrattiers)
84,Chez Baptiste Sur Masson,e287c24d95d9f0e3767d167d83ecebcd,0.9611780741755692,79.0,2.0,3.0,3.5,9,9,45.5457759528664,-73.56217458844185,Omer-Lavallée / du Midway
85,Morelli,e287c24d95d9f0e3767d167d83ecebcd,0.1116772641960507,3.0,2.0,7.0,4.1,9,9,45.5457759528664,-73.56217458844185,Omer-Lavallée / du Midway
86,Taverne Morelli,e287c24d95d9f0e3767d167d83ecebcd,0.8996190724673447,5.0,2.0,4.0,4.1,9,9,45.5457759528664,-73.56217458844185,Omer-Lavallée / du Midway
87,Boswell,e287c24d95d9f0e3767d167d83ecebcd,0.5849326501171193,46.0,2.0,8.0,4.5,9,9,45.5457759528664,-73.56217458844185,Omer-Lavallée / du Midway
88,Pot Masson,e287c24d95d9f0e3767d167d83ecebcd,0.4424757594989591,47.0,1.0,6.0,3.5,9,9,45.5457759528664,-73.56217458844185,Omer-Lavallée / du Midway
89,Baron Samedi,e287c24d95d9f0e3767d167d83ecebcd,0.249164173762144,10.0,2.0,6.0,3.0,9,9,45.5457759528664,-73.56217458844185,Omer-Lavallée / du Midway
90,Cherry Bar Inc,bfc27d829d7ce8c0f9e55b1cab901cbb,0.9025526843506247,64.0,2.0,4.0,4.1,9,6,45.5616903,-73.610512,CHSLD St-Michel (8e avenue / Jarry)
91,Action Production a N J,bfc27d829d7ce8c0f9e55b1cab901cbb,0.8996190724673447,75.0,2.0,2.0,4.1,9,6,45.5616903,-73.610512,CHSLD St-Michel (8e avenue / Jarry)
92,Au P'tit Buck,bfc27d829d7ce8c0f9e55b1cab901cbb,0.2091394684770483,2.0,1.0,8.0,4.0,9,6,45.5616903,-73.610512,CHSLD St-Michel (8e avenue / Jarry)
93,Vin Prendre Une Bière,1ff33fd73e2add3c30fcd821850dccd3,0.6761509202366425,51.0,2.0,2.0,4.1,21,9,45.53830765459552,-73.6548838019371,Chabanel / du Parc
94,Resto Bar Trophys,1ff33fd73e2add3c30fcd821850dccd3,0.978269712475112,83.0,2.0,2.0,4.1,21,9,45.53830765459552,-73.6548838019371,Chabanel / du Parc
95,Solevino,1ff33fd73e2add3c30fcd821850dccd3,0.3006629700200532,21.0,2.0,2.0,4.1,21,9,45.53830765459552,-73.6548838019371,Chabanel / du Parc
96,Resto Bar Beauharnois,1ff33fd73e2add3c30fcd821850dccd3,0.0584755257730487,99.0,2.0,4.0,4.1,21,9,45.53830765459552,-73.6548838019371,Chabanel / du Parc
97,Le Bar Salon Solid Gold Inc,1ff33fd73e2add3c30fcd821850dccd3,0.9777630292520356,58.0,2.0,4.0,4.1,21,9,45.53830765459552,-73.6548838019371,Chabanel / du Parc
98,Sharky's,1ff33fd73e2add3c30fcd821850dccd3,0.0146279528751622,3.0,2.0,2.0,1.5,21,9,45.53830765459552,-73.6548838019371,Chabanel / du Parc
99,Roasters,1ff33fd73e2add3c30fcd821850dccd3,0.9479228563855648,28.0,2.0,2.0,3.0,21,9,45.53830765459552,-73.6548838019371,Chabanel / du Parc
100,Pub Pit Caribou,2501128835e132f929d56798aa789839,0.9676079556402406,96.0,2.0,3.0,4.2,14,15,45.52783154456306,-73.5719096660614,Calixa-Lavallée / Rachel
101,Le Royal,2501128835e132f929d56798aa789839,0.0782647170067153,80.0,3.0,4.0,4.25,14,15,45.52783154456306,-73.5719096660614,Calixa-Lavallée / Rachel
102,Grenade - Resto-bar et terrasse,2501128835e132f929d56798aa789839,0.9634545804877004,52.0,2.0,5.0,4.0,14,15,45.52783154456306,-73.5719096660614,Calixa-Lavallée / Rachel
103,Barraca Rhumerie,2501128835e132f929d56798aa789839,0.925867248995554,10.0,1.0,3.0,3.7,14,15,45.52783154456306,-73.5719096660614,Calixa-Lavallée / Rachel
104,Chez Victoire,2501128835e132f929d56798aa789839,0.5131856028610461,66.0,3.0,7.0,4.0,14,15,45.52783154456306,-73.5719096660614,Calixa-Lavallée / Rachel
105,Le Boudoir Cafe Bar,2501128835e132f929d56798aa789839,0.6201982285781923,14.0,2.0,6.0,3.0,14,15,45.52783154456306,-73.5719096660614,Calixa-Lavallée / Rachel
106,Grenade,2501128835e132f929d56798aa789839,0.0055699669045112,54.0,2.0,9.0,4.0,14,15,45.52783154456306,-73.5719096660614,Calixa-Lavallée / Rachel
107,Marconi,00c210cb99cf9d1b923c1548938aee56,0.9641682188300612,53.0,2.0,5.0,4.5,10,15,45.53519006163501,-73.61548215150833,Marché Jean-Talon (Casgrain / Shamrock)
108,Brasserie Harricana,00c210cb99cf9d1b923c1548938aee56,0.9738380183690508,3.0,2.0,6.0,4.4,10,15,45.53519006163501,-73.61548215150833,Marché Jean-Talon (Casgrain / Shamrock)
109,Birra,00c210cb99cf9d1b923c1548938aee56,0.9846995939397832,76.0,2.0,6.0,4.05,10,15,45.53519006163501,-73.61548215150833,Marché Jean-Talon (Casgrain / Shamrock)
110,Vices & Versa Bistro du Terroir Inc,00c210cb99cf9d1b923c1548938aee56,0.9729459704411,4.0,2.0,5.0,4.25,10,15,45.53519006163501,-73.61548215150833,Marché Jean-Talon (Casgrain / Shamrock)
111,Yïsst,00c210cb99cf9d1b923c1548938aee56,0.9680718205627752,78.0,2.0,4.0,4.25,10,15,45.53519006163501,-73.61548215150833,Marché Jean-Talon (Casgrain / Shamrock)
112,Bar le Vestiaire,00c210cb99cf9d1b923c1548938aee56,0.987418556024178,36.0,2.0,6.0,4.05,10,15,45.53519006163501,-73.61548215150833,Marché Jean-Talon (Casgrain / Shamrock)
113,Cicchetti,00c210cb99cf9d1b923c1548938aee56,0.9682930484489072,87.0,2.0,7.0,3.95,10,15,45.53519006163501,-73.61548215150833,Marché Jean-Talon (Casgrain / Shamrock)
114,Huis Clos,00c210cb99cf9d1b923c1548938aee56,0.9449428018868598,17.0,2.0,6.0,4.0,10,15,45.53519006163501,-73.61548215150833,Marché Jean-Talon (Casgrain / Shamrock)
115,Bar St-Denis,00c210cb99cf9d1b923c1548938aee56,0.9759075695618974,48.0,2.0,5.0,3.45,10,15,45.53519006163501,-73.61548215150833,Marché Jean-Talon (Casgrain / Shamrock)
116,Notre Dame des Quilles,00c210cb99cf9d1b923c1548938aee56,0.944792937834964,36.0,2.0,1.0,3.6,10,15,45.53519006163501,-73.61548215150833,Marché Jean-Talon (Casgrain / Shamrock)
117,Le Vestiaire,00c210cb99cf9d1b923c1548938aee56,0.8642667358498026,28.0,2.0,6.0,4.5,10,15,45.53519006163501,-73.61548215150833,Marché Jean-Talon (Casgrain / Shamrock)
118,Le Zotique,00c210cb99cf9d1b923c1548938aee56,0.5604796094188325,4.0,3.0,7.0,3.5,10,15,45.53519006163501,-73.61548215150833,Marché Jean-Talon (Casgrain / Shamrock)
119,Alexandraplatz,00c210cb99cf9d1b923c1548938aee56,0.8270638562916187,35.0,2.0,6.0,4.0,10,15,45.53519006163501,-73.61548215150833,Marché Jean-Talon (Casgrain / Shamrock)
120,Yïsst ,00c210cb99cf9d1b923c1548938aee56,0.0603865593887376,19.0,2.0,7.0,4.0,10,15,45.53519006163501,-73.61548215150833,Marché Jean-Talon (Casgrain / Shamrock)
121,Salon Miss Villeray,00c210cb99cf9d1b923c1548938aee56,0.7450154221652988,10.0,1.0,6.0,3.5,10,15,45.53519006163501,-73.61548215150833,Marché Jean-Talon (Casgrain / Shamrock)
122,Brasserie Beaubien,00c210cb99cf9d1b923c1548938aee56,0.3043120158662673,2.0,1.0,5.0,4.0,10,15,45.53519006163501,-73.61548215150833,Marché Jean-Talon (Casgrain / Shamrock)
123,Bruno Sport Bar,00c210cb99cf9d1b923c1548938aee56,0.8538072200212606,10.0,1.0,6.0,4.5,10,15,45.53519006163501,-73.61548215150833,Marché Jean-Talon (Casgrain / Shamrock)
124,Restaurant El Chalateco,00c210cb99cf9d1b923c1548938aee56,0.7686926184771479,27.0,2.0,4.0,4.0,10,15,45.53519006163501,-73.61548215150833,Marché Jean-Talon (Casgrain / Shamrock)
125,Le Jockey,00c210cb99cf9d1b923c1548938aee56,0.5261526851099503,9.0,1.0,5.0,4.0,10,15,45.53519006163501,-73.61548215150833,Marché Jean-Talon (Casgrain / Shamrock)
126,Taverna,00c210cb99cf9d1b923c1548938aee56,0.2809899239475838,4.0,2.0,6.0,4.0,10,15,45.53519006163501,-73.61548215150833,Marché Jean-Talon (Casgrain / Shamrock)
127,Melrose,00c210cb99cf9d1b923c1548938aee56,0.0209475648465906,8.0,1.0,3.0,3.5,10,15,45.53519006163501,-73.61548215150833,Marché Jean-Talon (Casgrain / Shamrock)
128,Le Petit Buck,00c210cb99cf9d1b923c1548938aee56,0.644022807707985,1.0,1.0,5.0,3.0,10,15,45.53519006163501,-73.61548215150833,Marché Jean-Talon (Casgrain / Shamrock)
129,Pastaga,00c210cb99cf9d1b923c1548938aee56,0.7374709617820263,72.0,3.0,1.0,4.0,10,15,45.53519006163501,-73.61548215150833,Marché Jean-Talon (Casgrain / Shamrock)
130,Taverne Cobra,f9bb106633ce38eeec6728faed3155ad,0.9416457927451526,75.0,1.0,1.0,3.7,13,8,45.53330725719417,-73.62082242965698,Fabrik8 (Waverly / Jean-Talon)
131,Miss Villeray,f9bb106633ce38eeec6728faed3155ad,0.9518080027403713,2.0,2.0,4.0,3.55,13,8,45.53330725719417,-73.62082242965698,Fabrik8 (Waverly / Jean-Talon)
132,Nouveau Cafe Cozmos,f9bb106633ce38eeec6728faed3155ad,0.2487821274647617,4.0,2.0,5.0,4.5,13,8,45.53330725719417,-73.62082242965698,Fabrik8 (Waverly / Jean-Talon)
133,Buvette Chez Simone,a32e2261fca6732a8f47eec9fef69017,0.944899983586318,118.0,2.0,6.0,4.5,17,15,45.51689731423111,-73.58910799026489,Parc Jeanne-Mance (du Mont-Royal / du Parc)
134,Darling,a32e2261fca6732a8f47eec9fef69017,0.9799039442791182,40.0,3.0,10.0,4.6,17,15,45.51689731423111,-73.58910799026489,Parc Jeanne-Mance (du Mont-Royal / du Parc)
135,Salon Daome,a32e2261fca6732a8f47eec9fef69017,0.4863088484018069,32.0,1.0,11.0,4.25,17,15,45.51689731423111,-73.58910799026489,Parc Jeanne-Mance (du Mont-Royal / du Parc)
136,Le Majestique,a32e2261fca6732a8f47eec9fef69017,0.976735390039036,204.0,2.0,10.0,4.5,17,15,45.51689731423111,-73.58910799026489,Parc Jeanne-Mance (du Mont-Royal / du Parc)
137,Brasserie Dieu du Ciel,a32e2261fca6732a8f47eec9fef69017,0.9624340776581244,34.0,2.0,8.0,4.55,17,15,45.51689731423111,-73.58910799026489,Parc Jeanne-Mance (du Mont-Royal / du Parc)
138,Casa del Popolo,a32e2261fca6732a8f47eec9fef69017,0.9515510929371214,26.0,2.0,9.0,4.1,17,15,45.51689731423111,-73.58910799026489,Parc Jeanne-Mance (du Mont-Royal / du Parc)
139,Réservoir,a32e2261fca6732a8f47eec9fef69017,0.9639898092444712,65.0,1.0,10.0,4.25,17,15,45.51689731423111,-73.58910799026489,Parc Jeanne-Mance (du Mont-Royal / du Parc)
140,Bar Suzanne,a32e2261fca6732a8f47eec9fef69017,0.9591085229827228,48.0,2.0,8.0,4.15,17,15,45.51689731423111,-73.58910799026489,Parc Jeanne-Mance (du Mont-Royal / du Parc)
141,Bar Henrietta,a32e2261fca6732a8f47eec9fef69017,0.9574314728781748,42.0,3.0,7.0,4.0,17,15,45.51689731423111,-73.58910799026489,Parc Jeanne-Mance (du Mont-Royal / du Parc)
142,Blue Dog,a32e2261fca6732a8f47eec9fef69017,0.9449605698088162,27.0,1.0,13.0,4.5,17,15,45.51689731423111,-73.58910799026489,Parc Jeanne-Mance (du Mont-Royal / du Parc)
143,North Star,a32e2261fca6732a8f47eec9fef69017,0.7920362713269448,30.0,2.0,12.0,4.5,17,15,45.51689731423111,-73.58910799026489,Parc Jeanne-Mance (du Mont-Royal / du Parc)
144,Barfly,a32e2261fca6732a8f47eec9fef69017,0.4369471730621024,41.0,1.0,11.0,4.0,17,15,45.51689731423111,-73.58910799026489,Parc Jeanne-Mance (du Mont-Royal / du Parc)
145,Les Torchés,a32e2261fca6732a8f47eec9fef69017,0.9359204982500632,36.0,2.0,12.0,4.0,17,15,45.51689731423111,-73.58910799026489,Parc Jeanne-Mance (du Mont-Royal / du Parc)
146,larrys,a32e2261fca6732a8f47eec9fef69017,0.9188294748401404,108.0,2.0,10.0,4.5,17,15,45.51689731423111,-73.58910799026489,Parc Jeanne-Mance (du Mont-Royal / du Parc)
147,Le Bayou Bar,a32e2261fca6732a8f47eec9fef69017,0.3427086857004179,2.0,4.0,4.0,4.0,17,15,45.51689731423111,-73.58910799026489,Parc Jeanne-Mance (du Mont-Royal / du Parc)
148,Chez Serge,a32e2261fca6732a8f47eec9fef69017,0.1364987839659892,35.0,2.0,4.0,4.0,17,15,45.51689731423111,-73.58910799026489,Parc Jeanne-Mance (du Mont-Royal / du Parc)
149,Bar Kabinet,a32e2261fca6732a8f47eec9fef69017,0.0300050167945846,30.0,2.0,5.0,4.0,17,15,45.51689731423111,-73.58910799026489,Parc Jeanne-Mance (du Mont-Royal / du Parc)
150,Datcha,a32e2261fca6732a8f47eec9fef69017,0.7274154745402526,20.0,3.0,4.0,3.5,17,15,45.51689731423111,-73.58910799026489,Parc Jeanne-Mance (du Mont-Royal / du Parc)
151,Primetime Lounge,a32e2261fca6732a8f47eec9fef69017,0.5805225905495328,8.0,1.0,2.0,4.0,17,15,45.51689731423111,-73.58910799026489,Parc Jeanne-Mance (du Mont-Royal / du Parc)
152,Sparrow,a32e2261fca6732a8f47eec9fef69017,0.0466902556960101,208.0,2.0,9.0,4.0,17,15,45.51689731423111,-73.58910799026489,Parc Jeanne-Mance (du Mont-Royal / du Parc)
153,Bar le Mal Nécessaire,f332a5c6e3f7fc73096885d6efc0f829,0.9816666309847496,2.0,3.0,21.0,4.4,18,1,45.51586835126322,-73.56008380651474,St-Hubert / de Maisonneuve (sud)
154,Sainte-Elisabeth,f332a5c6e3f7fc73096885d6efc0f829,0.972631969570461,68.0,2.0,4.0,4.0,18,1,45.51586835126322,-73.56008380651474,St-Hubert / de Maisonneuve (sud)
155,The Coldroom,f332a5c6e3f7fc73096885d6efc0f829,0.2928140860318783,242.0,2.0,21.0,4.5,18,1,45.51586835126322,-73.56008380651474,St-Hubert / de Maisonneuve (sud)
156,Stereobar,f332a5c6e3f7fc73096885d6efc0f829,0.6097560540542604,6.0,3.0,7.0,2.5,18,1,45.51586835126322,-73.56008380651474,St-Hubert / de Maisonneuve (sud)
157,Bar Zoe Karaoke et Cocktails,0243c740e1d4fe272e0c414cdd900c7d,0.9857700514533244,65.0,2.0,4.0,3.8,8,10,45.55969734528566,-73.60145956277847,CHSLD Joseph-François-Perrault (St-Michel / Everett)
158,Bar Hélène,0243c740e1d4fe272e0c414cdd900c7d,0.4761680475568591,48.0,2.0,5.0,4.1,8,10,45.55969734528566,-73.60145956277847,CHSLD Joseph-François-Perrault (St-Michel / Everett)
159,Beamers Bar,0243c740e1d4fe272e0c414cdd900c7d,0.0980610446238055,44.0,2.0,5.0,4.1,8,10,45.55969734528566,-73.60145956277847,CHSLD Joseph-François-Perrault (St-Michel / Everett)
160,Café Bar Brewski's,0243c740e1d4fe272e0c414cdd900c7d,0.7973053016192454,37.0,2.0,3.0,4.1,8,10,45.55969734528566,-73.60145956277847,CHSLD Joseph-François-Perrault (St-Michel / Everett)
161,Au Ptit Buck,0243c740e1d4fe272e0c414cdd900c7d,0.379976735390039,59.0,2.0,5.0,4.1,8,10,45.55969734528566,-73.60145956277847,CHSLD Joseph-François-Perrault (St-Michel / Everett)
162,Bar Excel,0243c740e1d4fe272e0c414cdd900c7d,0.9512014101493644,6.0,3.0,5.0,4.1,8,10,45.55969734528566,-73.60145956277847,CHSLD Joseph-François-Perrault (St-Michel / Everett)
163,Bar Zoe,0243c740e1d4fe272e0c414cdd900c7d,0.8996190724673447,55.0,2.0,4.0,4.1,8,10,45.55969734528566,-73.60145956277847,CHSLD Joseph-François-Perrault (St-Michel / Everett)
164,Bar Zoé,0243c740e1d4fe272e0c414cdd900c7d,0.8384662479531066,12.0,1.0,4.0,4.0,8,10,45.55969734528566,-73.60145956277847,CHSLD Joseph-François-Perrault (St-Michel / Everett)
165,Empire Cafe,278e51e3bb2d95cf556a62edff8f95ec,0.475111862810165,88.0,1.0,3.0,4.1,8,10,45.55463653358596,-73.61255215771962,Parc Nicolas-Tillemont (des Érables / Villeray)
166,Chez Momo,278e51e3bb2d95cf556a62edff8f95ec,0.8996190724673447,19.0,2.0,1.0,4.1,8,10,45.55463653358596,-73.61255215771962,Parc Nicolas-Tillemont (des Érables / Villeray)
167,Bar 1370,278e51e3bb2d95cf556a62edff8f95ec,0.8996190724673447,83.0,2.0,2.0,4.1,8,10,45.55463653358596,-73.61255215771962,Parc Nicolas-Tillemont (des Érables / Villeray)
168,Limite08,700cf042fd8763ec6c702d94d5b6689b,0.7328923048377544,82.0,2.0,2.0,4.1,10,15,45.55774990838239,-73.58380123972893,Collège de Rosemont (Beaubien / 15e avenue)
169,Taverne La-Paz,700cf042fd8763ec6c702d94d5b6689b,0.4427769095177946,71.0,2.0,2.0,4.1,10,15,45.55774990838239,-73.58380123972893,Collège de Rosemont (Beaubien / 15e avenue)
170,Ruelle des papillons,700cf042fd8763ec6c702d94d5b6689b,0.1802507725135056,87.0,3.0,3.0,4.1,10,15,45.55774990838239,-73.58380123972893,Collège de Rosemont (Beaubien / 15e avenue)
171,Le Grand Lionel,700cf042fd8763ec6c702d94d5b6689b,0.8996190724673447,19.0,2.0,3.0,4.1,10,15,45.55774990838239,-73.58380123972893,Collège de Rosemont (Beaubien / 15e avenue)
172,Beaubien Deli,700cf042fd8763ec6c702d94d5b6689b,0.980958925108118,8.0,2.0,3.0,4.0,10,15,45.55774990838239,-73.58380123972893,Collège de Rosemont (Beaubien / 15e avenue)
173,Boswell Brasserie Artisanale,82cc3be4d76f16ca475536a6e07461c5,0.97502265801737,36.0,2.0,7.0,4.15,11,7,45.54365380040509,-73.55942063033581,Préfontaine / Marcel-Pépin
174,Le Verre Bouteille,82cc3be4d76f16ca475536a6e07461c5,0.7766998893599404,8.0,2.0,7.0,4.0,11,7,45.54365380040509,-73.55942063033581,Préfontaine / Marcel-Pépin
175,Bar Davidson,0f8246e77098962beaa5e48211a7cff8,0.9615777116472912,1.0,1.0,4.0,2.85,4,6,45.54710313981358,-73.54892447590828,de Chambly / de Rouen
176,Bar St Vincent,0f8246e77098962beaa5e48211a7cff8,0.908326018540324,18.0,2.0,4.0,4.1,4,6,45.54710313981358,-73.54892447590828,de Chambly / de Rouen
177,Blockhaus,0f8246e77098962beaa5e48211a7cff8,0.981623812684208,98.0,3.0,4.0,4.1,4,6,45.54710313981358,-73.54892447590828,de Chambly / de Rouen
178,Brasserie des Patriotes,0f8246e77098962beaa5e48211a7cff8,0.9607427547867292,3.0,1.0,3.0,2.7,4,6,45.54710313981358,-73.54892447590828,de Chambly / de Rouen
179,Davidson Taverne,0f8246e77098962beaa5e48211a7cff8,0.1628331117759187,1.0,1.0,5.0,4.0,4,6,45.54710313981358,-73.54892447590828,de Chambly / de Rouen
180,Ping Pong Club,c8aba35f90d2eeada8a20ea7915c943a,0.9569319260385222,36.0,2.0,5.0,4.05,8,12,45.529668174024685,-73.60166944563389,de Gaspé / Marmier
181,Bishop & Bagg,c8aba35f90d2eeada8a20ea7915c943a,0.955968514276335,70.0,2.0,6.0,4.3,8,12,45.529668174024685,-73.60166944563389,de Gaspé / Marmier
182,Isle de Garde,c8aba35f90d2eeada8a20ea7915c943a,0.97061237306158,53.0,3.0,4.0,4.55,8,12,45.529668174024685,-73.60166944563389,de Gaspé / Marmier
183,Whisky Café,c8aba35f90d2eeada8a20ea7915c943a,0.8980139444932097,37.0,3.0,4.0,3.8,8,12,45.529668174024685,-73.60166944563389,de Gaspé / Marmier
184,Nacho Libre,c8aba35f90d2eeada8a20ea7915c943a,0.9636686719904088,61.0,2.0,4.0,3.9,8,12,45.529668174024685,-73.60166944563389,de Gaspé / Marmier
185,Bar Waverly,c8aba35f90d2eeada8a20ea7915c943a,0.9615634388804442,53.0,1.0,4.0,3.7,8,12,45.529668174024685,-73.60166944563389,de Gaspé / Marmier
186,Bar Tapas Taza Flores,c8aba35f90d2eeada8a20ea7915c943a,0.9264310232860192,88.0,3.0,3.0,3.9,8,12,45.529668174024685,-73.60166944563389,de Gaspé / Marmier
187,The Emerald,c8aba35f90d2eeada8a20ea7915c943a,0.9233052873464784,85.0,3.0,2.0,3.85,8,12,45.529668174024685,-73.60166944563389,de Gaspé / Marmier
188,Snowbird Tiki Bar,c8aba35f90d2eeada8a20ea7915c943a,0.8081879428660534,36.0,3.0,7.0,3.5,8,12,45.529668174024685,-73.60166944563389,de Gaspé / Marmier
189,Waverly,c8aba35f90d2eeada8a20ea7915c943a,0.0775532075608486,54.0,2.0,6.0,3.5,8,12,45.529668174024685,-73.60166944563389,de Gaspé / Marmier
190,Pub Bishop & Bagg,c8aba35f90d2eeada8a20ea7915c943a,0.0605616259835337,91.0,2.0,7.0,4.0,8,12,45.529668174024685,-73.60166944563389,de Gaspé / Marmier
191,L'Gros Luxe Mile End,c8aba35f90d2eeada8a20ea7915c943a,0.8587751325391936,84.0,2.0,4.0,4.0,8,12,45.529668174024685,-73.60166944563389,de Gaspé / Marmier
192,Taverne la Remise,c8aba35f90d2eeada8a20ea7915c943a,0.0132731115915718,7.0,1.0,6.0,3.0,8,12,45.529668174024685,-73.60166944563389,de Gaspé / Marmier
193,Mezcaleros,c8aba35f90d2eeada8a20ea7915c943a,0.8428987800761409,17.0,1.0,3.0,3.5,8,12,45.529668174024685,-73.60166944563389,de Gaspé / Marmier
194,Bières Jukebox,0d4d6ab1ff41bf892ecbb0e09a8e2f40,0.8779036160054807,58.0,2.0,4.0,4.1,23,2,45.55970526805903,-73.55155438184738,La Tour de Montréal (Pierre-de-Coubertin / Bennett)
195,Madisons New York Bar & Grill,0d4d6ab1ff41bf892ecbb0e09a8e2f40,0.4663494147613359,36.0,2.0,3.0,3.0,23,2,45.55970526805903,-73.55155438184738,La Tour de Montréal (Pierre-de-Coubertin / Bennett)
196,MaBrasserie,e335f2f5ad674c200bb9795ee863749c,0.965759632333526,80.0,2.0,5.0,4.5,10,7,45.53946063965585,-73.57605636119843,Messier / St-Joseph
197,La Distillerie No 3,e335f2f5ad674c200bb9795ee863749c,0.9546696924932384,93.0,2.0,4.0,4.1,10,7,45.53946063965585,-73.57605636119843,Messier / St-Joseph
198,Quai No.4,e335f2f5ad674c200bb9795ee863749c,0.9562682423801266,43.0,3.0,3.0,4.0,10,7,45.53946063965585,-73.57605636119843,Messier / St-Joseph
199,Verre Bouteille,e335f2f5ad674c200bb9795ee863749c,0.9658952236185746,85.0,1.0,4.0,3.45,10,7,45.53946063965585,-73.57605636119843,Messier / St-Joseph
200,Bar Lounge Lobby,e335f2f5ad674c200bb9795ee863749c,0.9181100002140916,40.0,3.0,2.0,3.2,10,7,45.53946063965585,-73.57605636119843,Messier / St-Joseph
201,La Porte Rouge,e335f2f5ad674c200bb9795ee863749c,0.9208146895316393,94.0,2.0,4.0,3.15,10,7,45.53946063965585,-73.57605636119843,Messier / St-Joseph
202,La Distillerie No.3,e335f2f5ad674c200bb9795ee863749c,0.7873001968639787,17.0,2.0,5.0,4.0,10,7,45.53946063965585,-73.57605636119843,Messier / St-Joseph
203,Le Rosemont,e335f2f5ad674c200bb9795ee863749c,0.9463860009909432,12.0,2.0,7.0,4.0,10,7,45.53946063965585,-73.57605636119843,Messier / St-Joseph
204,Lobby Bar,e335f2f5ad674c200bb9795ee863749c,0.419813339578849,9.0,2.0,5.0,3.0,10,7,45.53946063965585,-73.57605636119843,Messier / St-Joseph
205,Pub BreWskey,30efd061ab22a0caa3dc67f5e027154e,0.9912079756221144,71.0,1.0,7.0,4.45,12,16,45.5121682576952,-73.55481594800949,Square Viger (Berri / Viger)
206,Cold Room,30efd061ab22a0caa3dc67f5e027154e,0.9576598371477304,73.0,3.0,9.0,4.35,12,16,45.5121682576952,-73.55481594800949,Square Viger (Berri / Viger)
207,Perché,30efd061ab22a0caa3dc67f5e027154e,0.9697274615170524,9.0,2.0,7.0,4.15,12,16,45.5121682576952,-73.55481594800949,Square Viger (Berri / Viger)
208,Terrasse Place d'Armes,30efd061ab22a0caa3dc67f5e027154e,0.9753223861211616,68.0,3.0,17.0,4.4,12,16,45.5121682576952,-73.55481594800949,Square Viger (Berri / Viger)
209,Modavie,30efd061ab22a0caa3dc67f5e027154e,0.9911294754044544,8.0,2.0,12.0,4.25,12,16,45.5121682576952,-73.55481594800949,Square Viger (Berri / Viger)
210,Pub Wolf & Workman,30efd061ab22a0caa3dc67f5e027154e,0.9745017020274466,59.0,2.0,16.0,4.4,12,16,45.5121682576952,-73.55481594800949,Square Viger (Berri / Viger)
211,Maison Saint-Paul,30efd061ab22a0caa3dc67f5e027154e,0.2468565521990728,100.0,3.0,13.0,4.5,12,16,45.5121682576952,-73.55481594800949,Square Viger (Berri / Viger)
212,Wolf & Workman,30efd061ab22a0caa3dc67f5e027154e,0.9721441673425142,120.0,2.0,21.0,4.5,12,16,45.5121682576952,-73.55481594800949,Square Viger (Berri / Viger)
213,Terrasse William Gray,30efd061ab22a0caa3dc67f5e027154e,0.1325520884489368,60.0,3.0,8.0,3.5,12,16,45.5121682576952,-73.55481594800949,Square Viger (Berri / Viger)
214,Les 3 Brasseurs,30efd061ab22a0caa3dc67f5e027154e,0.8635291376784824,224.0,2.0,19.0,3.5,12,16,45.5121682576952,-73.55481594800949,Square Viger (Berri / Viger)
215,Rebel Brasserie Urbaine,76d6ac391db2e789d1696e32fccf92f6,0.8936393414545377,31.0,3.0,6.0,4.05,34,1,45.526991277453526,-73.55821162462234,Dorion / Ontario
216,Bar l'aigle Noir,76d6ac391db2e789d1696e32fccf92f6,0.9849279582093386,20.0,2.0,5.0,3.95,34,1,45.526991277453526,-73.55821162462234,Dorion / Ontario
217,Bar le Stud,76d6ac391db2e789d1696e32fccf92f6,0.993470209167398,74.0,2.0,6.0,3.75,34,1,45.526991277453526,-73.55821162462234,Dorion / Ontario
218,Bistro Tendresse,76d6ac391db2e789d1696e32fccf92f6,0.9561112419448072,17.0,3.0,4.0,3.9,34,1,45.526991277453526,-73.55821162462234,Dorion / Ontario
219,Le National,76d6ac391db2e789d1696e32fccf92f6,0.9417028838125416,65.0,2.0,3.0,3.8,34,1,45.526991277453526,-73.55821162462234,Dorion / Ontario
220,Bar Stock&Lounge,76d6ac391db2e789d1696e32fccf92f6,0.9770708000599456,99.0,2.0,2.0,3.7,34,1,45.526991277453526,-73.55821162462234,Dorion / Ontario
221,District Video Lounge,76d6ac391db2e789d1696e32fccf92f6,0.9774418919979732,6.0,3.0,5.0,3.65,34,1,45.526991277453526,-73.55821162462234,Dorion / Ontario
222,Le Stud,76d6ac391db2e789d1696e32fccf92f6,0.9139356778513692,28.0,2.0,7.0,3.5,34,1,45.526991277453526,-73.55821162462234,Dorion / Ontario
223,Bar Aigle Noir,76d6ac391db2e789d1696e32fccf92f6,0.0473584829702012,18.0,3.0,7.0,3.0,34,1,45.526991277453526,-73.55821162462234,Dorion / Ontario
224,Macbar et Fromage,76d6ac391db2e789d1696e32fccf92f6,0.997461916505306,44.0,2.0,6.0,4.0,34,1,45.526991277453526,-73.55821162462234,Dorion / Ontario
225,Saloon Bistro Bar,76d6ac391db2e789d1696e32fccf92f6,0.2959662978254497,95.0,2.0,6.0,3.5,34,1,45.526991277453526,-73.55821162462234,Dorion / Ontario
226,Lounge l'Un et l'Autre,76d6ac391db2e789d1696e32fccf92f6,0.4808827344851687,2.0,2.0,5.0,3.5,34,1,45.526991277453526,-73.55821162462234,Dorion / Ontario
227,Tiradito,cecb49c91023c7469470569da814659e,0.9509516367295382,150.0,2.0,20.0,4.3,11,8,45.50206,-73.56295,Square Victoria (Viger / du Square-Victoria)
228,Nacarat,cecb49c91023c7469470569da814659e,0.9825586789127008,28.0,3.0,25.0,4.45,11,8,45.50206,-73.56295,Square Victoria (Viger / du Square-Victoria)
229,Escondite,cecb49c91023c7469470569da814659e,0.9734026989802108,247.0,2.0,43.0,4.35,11,8,45.50206,-73.56295,Square Victoria (Viger / du Square-Victoria)
230,Nyks Bistro Pub,cecb49c91023c7469470569da814659e,0.992235614835114,83.0,2.0,22.0,4.4,11,8,45.50206,-73.56295,Square Victoria (Viger / du Square-Victoria)
231,Tommy,cecb49c91023c7469470569da814659e,0.9809387198755416,63.0,1.0,15.0,4.2,11,8,45.50206,-73.56295,Square Victoria (Viger / du Square-Victoria)
232,Bord'Elle,cecb49c91023c7469470569da814659e,0.974730066297002,14.0,3.0,4.0,3.9,11,8,45.50206,-73.56295,Square Victoria (Viger / du Square-Victoria)
233,Botero,cecb49c91023c7469470569da814659e,0.3754003904503459,2.0,2.0,16.0,4.5,11,8,45.50206,-73.56295,Square Victoria (Viger / du Square-Victoria)
234,NYK'S,cecb49c91023c7469470569da814659e,0.5459737619936241,188.0,2.0,29.0,4.0,11,8,45.50206,-73.56295,Square Victoria (Viger / du Square-Victoria)
235,La Voûte,cecb49c91023c7469470569da814659e,0.3507999969108334,34.0,4.0,13.0,4.0,11,8,45.50206,-73.56295,Square Victoria (Viger / du Square-Victoria)
236,Sarah B.,cecb49c91023c7469470569da814659e,0.1723031747682034,28.0,2.0,14.0,4.0,11,8,45.50206,-73.56295,Square Victoria (Viger / du Square-Victoria)
237,Le Confessionnal,cecb49c91023c7469470569da814659e,0.6050091545331179,18.0,2.0,12.0,3.0,11,8,45.50206,-73.56295,Square Victoria (Viger / du Square-Victoria)
238,Gokudo,cecb49c91023c7469470569da814659e,0.8733954126205556,62.0,2.0,27.0,4.5,11,8,45.50206,-73.56295,Square Victoria (Viger / du Square-Victoria)
239,Barroco,cecb49c91023c7469470569da814659e,0.3905885877618696,301.0,3.0,15.0,4.5,11,8,45.50206,-73.56295,Square Victoria (Viger / du Square-Victoria)
240,Pub Victoria,cecb49c91023c7469470569da814659e,0.613041321171329,14.0,2.0,11.0,3.0,11,8,45.50206,-73.56295,Square Victoria (Viger / du Square-Victoria)
241,Soubois,69f583a85e1a83b443c203b781bfc0c9,0.9849850492767276,38.0,2.0,18.0,4.25,39,9,45.50038,-73.57507,Métro Peel (de Maisonneuve / Stanley)
242,Bar George,69f583a85e1a83b443c203b781bfc0c9,0.977284891562654,70.0,3.0,17.0,4.25,39,9,45.50038,-73.57507,Métro Peel (de Maisonneuve / Stanley)
243,Bar Cloakroom,69f583a85e1a83b443c203b781bfc0c9,0.9756506597586476,11.0,3.0,14.0,4.3,39,9,45.50038,-73.57507,Métro Peel (de Maisonneuve / Stanley)
244,Ye Olde Orchard Pub & Grill,69f583a85e1a83b443c203b781bfc0c9,0.9777987111691536,69.0,2.0,22.0,4.15,39,9,45.50038,-73.57507,Métro Peel (de Maisonneuve / Stanley)
245,Brass Door,69f583a85e1a83b443c203b781bfc0c9,0.9632333526015686,76.0,1.0,6.0,4.0,39,9,45.50038,-73.57507,Métro Peel (de Maisonneuve / Stanley)
246,Upstairs Jazz Bar & Grill,69f583a85e1a83b443c203b781bfc0c9,0.9832152261876728,89.0,2.0,17.0,4.2,39,9,45.50038,-73.57507,Métro Peel (de Maisonneuve / Stanley)
247,C'Cho-Colat,69f583a85e1a83b443c203b781bfc0c9,0.9745587930948354,49.0,1.0,12.0,4.05,39,9,45.50038,-73.57507,Métro Peel (de Maisonneuve / Stanley)
248,Cloakroom Bar,69f583a85e1a83b443c203b781bfc0c9,0.9509790774430036,194.0,3.0,22.0,5.0,39,9,45.50038,-73.57507,Métro Peel (de Maisonneuve / Stanley)
249,Mad Hatter Pub,69f583a85e1a83b443c203b781bfc0c9,0.5140891895225894,101.0,1.0,26.0,4.0,39,9,45.50038,-73.57507,Métro Peel (de Maisonneuve / Stanley)
250,N Sur Mackay,69f583a85e1a83b443c203b781bfc0c9,0.0637601722070617,89.0,2.0,26.0,4.5,39,9,45.50038,-73.57507,Métro Peel (de Maisonneuve / Stanley)
251,Grumpy's Bar,69f583a85e1a83b443c203b781bfc0c9,0.1270142777302033,36.0,1.0,27.0,4.0,39,9,45.50038,-73.57507,Métro Peel (de Maisonneuve / Stanley)
252,Alice Bar,69f583a85e1a83b443c203b781bfc0c9,0.8469342489198514,3.0,2.0,18.0,4.0,39,9,45.50038,-73.57507,Métro Peel (de Maisonneuve / Stanley)
253,The Brass Door Pub,69f583a85e1a83b443c203b781bfc0c9,0.3625307756389784,35.0,1.0,7.0,4.0,39,9,45.50038,-73.57507,Métro Peel (de Maisonneuve / Stanley)
254,Le Warehouse,69f583a85e1a83b443c203b781bfc0c9,0.6693415962085569,161.0,1.0,17.0,3.5,39,9,45.50038,-73.57507,Métro Peel (de Maisonneuve / Stanley)
255,Piranha Bar,69f583a85e1a83b443c203b781bfc0c9,0.2273396352792972,22.0,2.0,17.0,3.5,39,9,45.50038,-73.57507,Métro Peel (de Maisonneuve / Stanley)
256,Sir Winston Churchill Pub,69f583a85e1a83b443c203b781bfc0c9,0.0274163230594334,143.0,2.0,11.0,3.5,39,9,45.50038,-73.57507,Métro Peel (de Maisonneuve / Stanley)
257,Peel Pub,69f583a85e1a83b443c203b781bfc0c9,0.0205194809472976,109.0,1.0,16.0,3.0,39,9,45.50038,-73.57507,Métro Peel (de Maisonneuve / Stanley)
258,Notre-Bœuf-de-Grâce,69f583a85e1a83b443c203b781bfc0c9,0.2065615321595182,56.0,2.0,10.0,4.0,39,9,45.50038,-73.57507,Métro Peel (de Maisonneuve / Stanley)
259,Ziggy's Pub,69f583a85e1a83b443c203b781bfc0c9,0.6362872352685954,35.0,2.0,7.0,3.5,39,9,45.50038,-73.57507,Métro Peel (de Maisonneuve / Stanley)
260,La Cage,7efdfc0229daac74cfa58a8a39d13ac2,0.99533280524096,83.0,1.0,12.0,4.2,19,10,45.50631445605528,-73.55967122894072,Métro Place-d'Armes (Viger / St-Urbain)
261,Benelux,650b371db12a750bd2db8da8ecfa0890,0.9899876540566772,127.0,1.0,11.0,4.25,3,19,45.50928678961862,-73.57101917266846,Jeanne-Mance / Sherbrooke
262,Pullman,650b371db12a750bd2db8da8ecfa0890,0.969534779164615,204.0,2.0,16.0,4.3,3,19,45.50928678961862,-73.57101917266846,Jeanne-Mance / Sherbrooke
263,McKibbin's Irish Pub,650b371db12a750bd2db8da8ecfa0890,0.9877182841279696,62.0,2.0,14.0,4.1,3,19,45.50928678961862,-73.57101917266846,Jeanne-Mance / Sherbrooke
264,Biiru,650b371db12a750bd2db8da8ecfa0890,0.96940632426299,45.0,2.0,11.0,4.1,3,19,45.50928678961862,-73.57101917266846,Jeanne-Mance / Sherbrooke
265,Café Parvis,650b371db12a750bd2db8da8ecfa0890,0.0598954455633857,223.0,2.0,12.0,4.0,3,19,45.50928678961862,-73.57101917266846,Jeanne-Mance / Sherbrooke
266,Blvd44,650b371db12a750bd2db8da8ecfa0890,0.8076742169204735,26.0,2.0,5.0,2.5,3,19,45.50928678961862,-73.57101917266846,Jeanne-Mance / Sherbrooke
267,Biirū,650b371db12a750bd2db8da8ecfa0890,0.8195754935694478,191.0,2.0,12.0,4.0,3,19,45.50928678961862,-73.57101917266846,Jeanne-Mance / Sherbrooke
268,Apartment 200,650b371db12a750bd2db8da8ecfa0890,0.4987408334786752,72.0,2.0,6.0,3.0,3,19,45.50928678961862,-73.57101917266846,Jeanne-Mance / Sherbrooke
269,Siboire,1013ec013026d8e51b4e126c5c72c5c8,0.9792045787036046,85.0,2.0,4.0,3.85,15,3,45.52723106564012,-73.58672618865965,Métro Laurier (Berri / St-Joseph)
270,Clébard,1013ec013026d8e51b4e126c5c72c5c8,0.8467048579700149,19.0,2.0,7.0,3.5,15,3,45.52723106564012,-73.58672618865965,Métro Laurier (Berri / St-Joseph)
271,Quai des Brumes,1013ec013026d8e51b4e126c5c72c5c8,0.9378009678414944,18.0,1.0,5.0,3.5,15,3,45.52723106564012,-73.58672618865965,Métro Laurier (Berri / St-Joseph)
272,Taverne Metro-Pub,04f6eaaa0d7993020973687c13f41663,0.9615563024970204,84.0,2.0,4.0,4.1,22,0,45.53370598779895,-73.55217933654784,Métro Frontenac (Ontario / du Havre)
273,Bar Sexe Mania,04f6eaaa0d7993020973687c13f41663,0.9524574136319196,63.0,2.0,3.0,4.1,22,0,45.53370598779895,-73.55217933654784,Métro Frontenac (Ontario / du Havre)
274,The Kath Women,04f6eaaa0d7993020973687c13f41663,0.0899612494380098,64.0,1.0,3.0,4.1,22,0,45.53370598779895,-73.55217933654784,Métro Frontenac (Ontario / du Havre)
275,Bar Fullum,04f6eaaa0d7993020973687c13f41663,0.9643252192653808,1.0,2.0,4.0,4.1,22,0,45.53370598779895,-73.55217933654784,Métro Frontenac (Ontario / du Havre)
276,Pro Max Pub,04f6eaaa0d7993020973687c13f41663,0.3763371798439986,64.0,2.0,3.0,4.1,22,0,45.53370598779895,-73.55217933654784,Métro Frontenac (Ontario / du Havre)
277,Pro-Max Pub,04f6eaaa0d7993020973687c13f41663,0.1991978705031864,46.0,2.0,2.0,4.1,22,0,45.53370598779895,-73.55217933654784,Métro Frontenac (Ontario / du Havre)
278,Astral 2000,04f6eaaa0d7993020973687c13f41663,0.9325112219629336,33.0,2.0,1.0,2.6,22,0,45.53370598779895,-73.55217933654784,Métro Frontenac (Ontario / du Havre)
279,Alfred's Damn Right Joint,04f6eaaa0d7993020973687c13f41663,0.8996190724673447,52.0,2.0,2.0,4.1,22,0,45.53370598779895,-73.55217933654784,Métro Frontenac (Ontario / du Havre)
280,Bier Markt,81e413363c9c2b6933f4706dd9fafc6b,0.99135783967401,27.0,2.0,6.0,3.85,22,4,45.49788352593901,-73.56856763362885,Place du Canada (Peel / des Canadiens-de-Montréal)
281,La Cage ,81e413363c9c2b6933f4706dd9fafc6b,0.2645594839865233,36.0,2.0,12.0,3.5,22,4,45.49788352593901,-73.56856763362885,Place du Canada (Peel / des Canadiens-de-Montréal)
282,Henri - Brasserie Francaise,81e413363c9c2b6933f4706dd9fafc6b,0.9536848624113168,44.0,3.0,12.0,4.0,22,4,45.49788352593901,-73.56856763362885,Place du Canada (Peel / des Canadiens-de-Montréal)
283,Ye Olde Orchard,81e413363c9c2b6933f4706dd9fafc6b,0.9325063976946856,83.0,2.0,7.0,4.0,22,4,45.49788352593901,-73.56856763362885,Place du Canada (Peel / des Canadiens-de-Montréal)
284,Etoh Brasserie,f9d30314d14794ea0c378ba2c1ee0c5d,0.9894881072170244,46.0,2.0,4.0,4.2,21,16,45.53613488953656,-73.62258464097977,Gary-Carter / St-Laurent
285,Bar la Québécoise,f9d30314d14794ea0c378ba2c1ee0c5d,0.9044438259578812,13.0,1.0,4.0,3.55,21,16,45.53613488953656,-73.62258464097977,Gary-Carter / St-Laurent
286,Bar Pam Pam,9836aac1ee4659e9103ab4a3ac10c9e0,0.81946377214955,89.0,1.0,4.0,4.1,6,27,45.53035130173597,-73.6243924498558,Métro Parc  (Hutchison / Ogilvy)
287,Ritz Bar,9836aac1ee4659e9103ab4a3ac10c9e0,0.4635366488970719,46.0,2.0,2.0,4.1,6,27,45.53035130173597,-73.6243924498558,Métro Parc  (Hutchison / Ogilvy)
288,Cozmos Café Bar,9836aac1ee4659e9103ab4a3ac10c9e0,0.9908154745338158,81.0,1.0,4.0,4.1,6,27,45.53035130173597,-73.6243924498558,Métro Parc  (Hutchison / Ogilvy)
289,Bande Paul,9836aac1ee4659e9103ab4a3ac10c9e0,0.5851477588187858,69.0,2.0,3.0,4.1,6,27,45.53035130173597,-73.6243924498558,Métro Parc  (Hutchison / Ogilvy)
290,Bar Sportivo,9836aac1ee4659e9103ab4a3ac10c9e0,0.9392979225987854,33.0,1.0,1.0,2.85,6,27,45.53035130173597,-73.6243924498558,Métro Parc  (Hutchison / Ogilvy)
291,Kamehameha Snack-Bar,6086b10ac3a09a5ad176d6a32deaf0ad,0.9050504185488878,93.0,2.0,1.0,3.65,9,8,45.51862424058306,-73.55219006538391,René-Lévesque / Panet
292,Le Bureau Bar a Tapas,ede6b6e636d0057c3569441aad58f64c,0.9452425299906514,74.0,3.0,16.0,4.15,30,5,45.49047561880464,-73.56022328138351,des Bassins / du Séminaire
293,Monopole,ede6b6e636d0057c3569441aad58f64c,0.9713117386370936,21.0,1.0,11.0,4.35,30,5,45.49047561880464,-73.56022328138351,des Bassins / du Séminaire
294,Zibo,ede6b6e636d0057c3569441aad58f64c,0.9882178309676224,54.0,2.0,9.0,3.9,30,5,45.49047561880464,-73.56022328138351,des Bassins / du Séminaire
295,Milky Way Cocktail Bar,ede6b6e636d0057c3569441aad58f64c,0.9785551678120562,9.0,3.0,6.0,4.3,30,5,45.49047561880464,-73.56022328138351,des Bassins / du Séminaire
296,Bird Bar,ede6b6e636d0057c3569441aad58f64c,0.9537490990315928,69.0,1.0,8.0,3.95,30,5,45.49047561880464,-73.56022328138351,des Bassins / du Séminaire
297,Knox Taverne,ede6b6e636d0057c3569441aad58f64c,0.9693278240453304,98.0,2.0,7.0,4.05,30,5,45.49047561880464,-73.56022328138351,des Bassins / du Séminaire
298,New City Gas,ede6b6e636d0057c3569441aad58f64c,0.9793901246726184,72.0,2.0,9.0,3.85,30,5,45.49047561880464,-73.56022328138351,des Bassins / du Séminaire
299,Lord William Pub,ede6b6e636d0057c3569441aad58f64c,0.98012517216525,72.0,1.0,9.0,3.75,30,5,45.49047561880464,-73.56022328138351,des Bassins / du Séminaire
300,Resto-pub le 100 génies,ede6b6e636d0057c3569441aad58f64c,0.9895737438181078,34.0,2.0,5.0,3.25,30,5,45.49047561880464,-73.56022328138351,des Bassins / du Séminaire
301,Association Montréal Beach,ede6b6e636d0057c3569441aad58f64c,0.4137746472842493,30.0,2.0,1.0,4.1,30,5,45.49047561880464,-73.56022328138351,des Bassins / du Séminaire
302,Pub Lord William,ede6b6e636d0057c3569441aad58f64c,0.6000117307075793,38.0,2.0,18.0,4.0,30,5,45.49047561880464,-73.56022328138351,des Bassins / du Séminaire
303,Industria Pizzeria + Bar,ede6b6e636d0057c3569441aad58f64c,0.8226900212995328,44.0,2.0,7.0,3.5,30,5,45.49047561880464,-73.56022328138351,des Bassins / du Séminaire
304,Perles et Paddock,ede6b6e636d0057c3569441aad58f64c,0.8575004217456614,50.0,4.0,16.0,4.0,30,5,45.49047561880464,-73.56022328138351,des Bassins / du Séminaire
305,Resto-Pub 100 Génies,ede6b6e636d0057c3569441aad58f64c,0.5906453857152193,8.0,2.0,10.0,3.0,30,5,45.49047561880464,-73.56022328138351,des Bassins / du Séminaire
306,Le Bureau,ede6b6e636d0057c3569441aad58f64c,0.173597932896969,33.0,3.0,14.0,3.5,30,5,45.49047561880464,-73.56022328138351,des Bassins / du Séminaire
307,Knox,ede6b6e636d0057c3569441aad58f64c,0.7353651135733781,19.0,2.0,7.0,4.5,30,5,45.49047561880464,-73.56022328138351,des Bassins / du Séminaire
308,Mélisse,ede6b6e636d0057c3569441aad58f64c,0.4898539064417108,45.0,2.0,8.0,4.5,30,5,45.49047561880464,-73.56022328138351,des Bassins / du Séminaire
309,Arem Restaurant,ede6b6e636d0057c3569441aad58f64c,0.778296641576864,4.0,2.0,11.0,1.5,30,5,45.49047561880464,-73.56022328138351,des Bassins / du Séminaire
310,Bar le Sénateur,ede6b6e636d0057c3569441aad58f64c,0.5756612488036507,6.0,3.0,6.0,3.5,30,5,45.49047561880464,-73.56022328138351,des Bassins / du Séminaire
311,Taverne 1909 signé St-Hubert,ede6b6e636d0057c3569441aad58f64c,0.1288707070112755,40.0,2.0,3.0,2.5,30,5,45.49047561880464,-73.56022328138351,des Bassins / du Séminaire
312,Le Vin Papillon,444448176f019fa75930cba6037f6ed8,0.9511300463151284,145.0,3.0,11.0,4.55,8,6,45.485328993998365,-73.57692271471024,St-Jacques / Vinet
313,Burgundy Lion,444448176f019fa75930cba6037f6ed8,0.9686998223040528,43.0,2.0,11.0,4.35,8,6,45.485328993998365,-73.57692271471024,St-Jacques / Vinet
314,Atwater Cocktail Club,444448176f019fa75930cba6037f6ed8,0.9870117821690324,120.0,3.0,8.0,4.35,8,6,45.485328993998365,-73.57692271471024,St-Jacques / Vinet
315,Drinkerie Ste-Cunégonde,444448176f019fa75930cba6037f6ed8,0.9665303617432758,84.0,2.0,8.0,3.75,8,6,45.485328993998365,-73.57692271471024,St-Jacques / Vinet
316,El Gordo,444448176f019fa75930cba6037f6ed8,0.950152361786094,79.0,2.0,8.0,3.6,8,6,45.485328993998365,-73.57692271471024,St-Jacques / Vinet
317,Moose Bawr,444448176f019fa75930cba6037f6ed8,0.983372226622992,81.0,2.0,3.0,3.8,8,6,45.485328993998365,-73.57692271471024,St-Jacques / Vinet
318,Kampai Garden,444448176f019fa75930cba6037f6ed8,0.9794043974394656,95.0,1.0,3.0,3.6,8,6,45.485328993998365,-73.57692271471024,St-Jacques / Vinet
319,Pub Burgundy Lion,444448176f019fa75930cba6037f6ed8,0.2355834329892379,234.0,2.0,15.0,4.0,8,6,45.485328993998365,-73.57692271471024,St-Jacques / Vinet
320,La Drinkerie Ste-Cunégonde,444448176f019fa75930cba6037f6ed8,0.6582152926330472,51.0,2.0,14.0,4.0,8,6,45.485328993998365,-73.57692271471024,St-Jacques / Vinet
321,Canal Lounge,444448176f019fa75930cba6037f6ed8,0.1737507707671705,28.0,2.0,9.0,4.5,8,6,45.485328993998365,-73.57692271471024,St-Jacques / Vinet
322,Bar Ganadara,444448176f019fa75930cba6037f6ed8,0.6487450123193194,72.0,2.0,11.0,4.0,8,6,45.485328993998365,-73.57692271471024,St-Jacques / Vinet
323,Imadake,444448176f019fa75930cba6037f6ed8,0.3859242841698019,287.0,2.0,11.0,4.0,8,6,45.485328993998365,-73.57692271471024,St-Jacques / Vinet
324,KINKA IZAKAYA MONTREAL,444448176f019fa75930cba6037f6ed8,0.2297743595972463,378.0,2.0,13.0,4.0,8,6,45.485328993998365,-73.57692271471024,St-Jacques / Vinet
325,Forum Sports Bar & GamesCentre,444448176f019fa75930cba6037f6ed8,0.8668105789436217,32.0,2.0,8.0,2.5,8,6,45.485328993998365,-73.57692271471024,St-Jacques / Vinet
326,Cock'n Bull Pub,444448176f019fa75930cba6037f6ed8,0.8409034541267801,16.0,1.0,8.0,3.5,8,6,45.485328993998365,-73.57692271471024,St-Jacques / Vinet
327,La Chic Régal,444448176f019fa75930cba6037f6ed8,0.7695917002104785,7.0,1.0,6.0,3.0,8,6,45.485328993998365,-73.57692271471024,St-Jacques / Vinet
328,Kampaï Garden,444448176f019fa75930cba6037f6ed8,0.9601462929205912,159.0,2.0,8.0,3.5,8,6,45.485328993998365,-73.57692271471024,St-Jacques / Vinet
329,La Station des Sports,444448176f019fa75930cba6037f6ed8,0.5522338493836155,108.0,2.0,7.0,2.5,8,6,45.485328993998365,-73.57692271471024,St-Jacques / Vinet
330,Pub Epoxy,444448176f019fa75930cba6037f6ed8,0.6549186641310744,9.0,2.0,8.0,3.5,8,6,45.485328993998365,-73.57692271471024,St-Jacques / Vinet
331,La Belle & La Boeuf,444448176f019fa75930cba6037f6ed8,0.2551634094626737,217.0,2.0,1.0,3.5,8,6,45.485328993998365,-73.57692271471024,St-Jacques / Vinet
332,Paperplane MTL,f9cff3cd7959287708ec2346fdc9f24c,0.6844790796919937,5.0,2.0,6.0,3.1,25,8,45.48295816149219,-73.57975836854166,Métro Lionel-Groulx (St-Jacques / Atwater)
333,Cafeteria BBR,f9cff3cd7959287708ec2346fdc9f24c,0.8425571089083475,10.0,3.0,1.0,4.1,25,8,45.48295816149219,-73.57975836854166,Métro Lionel-Groulx (St-Jacques / Atwater)
334,Bar,f9cff3cd7959287708ec2346fdc9f24c,0.9444860733477488,69.0,2.0,3.0,4.1,25,8,45.48295816149219,-73.57975836854166,Métro Lionel-Groulx (St-Jacques / Atwater)
335,Cyr,f9cff3cd7959287708ec2346fdc9f24c,0.0432893018476096,6.0,2.0,3.0,4.1,25,8,45.48295816149219,-73.57975836854166,Métro Lionel-Groulx (St-Jacques / Atwater)
336,Stem Bar,f9cff3cd7959287708ec2346fdc9f24c,0.9175034076230848,73.0,2.0,2.0,4.1,25,8,45.48295816149219,-73.57975836854166,Métro Lionel-Groulx (St-Jacques / Atwater)
337,Le Tequila Bar,f9cff3cd7959287708ec2346fdc9f24c,0.4108624318497892,44.0,2.0,8.0,3.5,25,8,45.48295816149219,-73.57975836854166,Métro Lionel-Groulx (St-Jacques / Atwater)
338,Else's,0c9cd68aa1bd69a080463ce7f302337c,0.95186509380776,122.0,2.0,8.0,4.15,3,16,45.52551168509886,-73.57424452900887,du Parc-Lafontaine / Rachel
339,Tattoo Box Montreal,0c9cd68aa1bd69a080463ce7f302337c,0.8865457763314707,43.0,2.0,3.0,4.0,3,16,45.52551168509886,-73.57424452900887,du Parc-Lafontaine / Rachel
340,North Star Machines à Piastres,c6315ed8be3d1b1db4e1743fd8cf702d,0.9935915276855994,10.0,2.0,2.0,3.8,9,5,45.51989655507833,-73.58010649681091,de l'Hôtel-de-Ville / Rachel
341,Taverne Atlantic,9fce8c378d9e1fc9d96999ff50a71f6a,0.9879109664804072,76.0,2.0,1.0,4.1,3,10,45.52357479400008,-73.62344294786453,Métro Acadie (de l'Acadie / Beaumont)
342,Boucherie Bar à vin Provisions,9fce8c378d9e1fc9d96999ff50a71f6a,0.9699629621700314,62.0,2.0,1.0,4.1,3,10,45.52357479400008,-73.62344294786453,Métro Acadie (de l'Acadie / Beaumont)
343,TAS Café Bistro Lounge,9fce8c378d9e1fc9d96999ff50a71f6a,0.9509445003461146,72.0,1.0,1.0,4.1,3,10,45.52357479400008,-73.62344294786453,Métro Acadie (de l'Acadie / Beaumont)
344,Wills,9fce8c378d9e1fc9d96999ff50a71f6a,0.9800752174812848,99.0,2.0,2.0,4.1,3,10,45.52357479400008,-73.62344294786453,Métro Acadie (de l'Acadie / Beaumont)
345,Taverne Portara,9fce8c378d9e1fc9d96999ff50a71f6a,0.8996190724673447,15.0,2.0,2.0,4.1,3,10,45.52357479400008,-73.62344294786453,Métro Acadie (de l'Acadie / Beaumont)
346,Le Off Miss Villeray,3da178370890fe8edbd73af1c48b6fa7,0.7673324912400894,32.0,3.0,3.0,4.1,2,13,45.54640752148169,-73.63842844963074,Métro Crémazie (Crémazie / Lajeunesse)
347,Raphaël Bistrot Bar à Vins,3da178370890fe8edbd73af1c48b6fa7,0.8996190724673447,2.0,2.0,2.0,4.1,2,13,45.54640752148169,-73.63842844963074,Métro Crémazie (Crémazie / Lajeunesse)
348,Autos Lajeunesse,3da178370890fe8edbd73af1c48b6fa7,0.029116444368323,98.0,2.0,4.0,4.1,2,13,45.54640752148169,-73.63842844963074,Métro Crémazie (Crémazie / Lajeunesse)
349,Le Petit 26,3da178370890fe8edbd73af1c48b6fa7,0.5650517030979041,58.0,2.0,4.0,4.1,2,13,45.54640752148169,-73.63842844963074,Métro Crémazie (Crémazie / Lajeunesse)
350,Chez Josie,3da178370890fe8edbd73af1c48b6fa7,0.9722394684821626,54.0,3.0,2.0,4.1,2,13,45.54640752148169,-73.63842844963074,Métro Crémazie (Crémazie / Lajeunesse)
351,Etna,3da178370890fe8edbd73af1c48b6fa7,0.8870595959379706,98.0,2.0,2.0,4.1,2,13,45.54640752148169,-73.63842844963074,Métro Crémazie (Crémazie / Lajeunesse)
352,Bar le Record,8ae2d0c3c6bfb29c5614921e85221107,0.9683572758997196,83.0,2.0,3.0,4.1,15,0,45.54218173507584,-73.62268656492233,Lajeunesse / Villeray
353,Bistro Bar Bizzwack,8ae2d0c3c6bfb29c5614921e85221107,0.1413003917874499,79.0,2.0,3.0,4.1,15,0,45.54218173507584,-73.62268656492233,Lajeunesse / Villeray
354,Bar Cafe EVA,73eda86efde149b545d1e7646de05cd6,0.3844012931126763,40.0,2.0,1.0,4.1,8,11,45.54407915308118,-73.66735741496086,Tolhurst / Fleury
355,SuWu,4752f08cc123b7e93771ee25c318efee,0.917703226358946,16.0,2.0,3.0,4.0,8,19,45.51814312154928,-73.56800436973572,Métro Sherbrooke (de Rigaud / Berri)
356,Les Deux Gamins,4752f08cc123b7e93771ee25c318efee,0.6854269424827031,598.0,2.0,4.0,4.0,8,19,45.51814312154928,-73.56800436973572,Métro Sherbrooke (de Rigaud / Berri)
357,El Furniture Warehouse,4752f08cc123b7e93771ee25c318efee,0.5888204802193473,22.0,1.0,4.0,4.0,8,19,45.51814312154928,-73.56800436973572,Métro Sherbrooke (de Rigaud / Berri)
358,Abreuvoir Bar & Terrasse,4752f08cc123b7e93771ee25c318efee,0.1158531623301516,25.0,2.0,1.0,4.0,8,19,45.51814312154928,-73.56800436973572,Métro Sherbrooke (de Rigaud / Berri)
359,Mme Lee,4752f08cc123b7e93771ee25c318efee,0.6056267554284123,31.0,2.0,4.0,3.0,8,19,45.51814312154928,-73.56800436973572,Métro Sherbrooke (de Rigaud / Berri)
360,Bar Chez Pierre,4c87345d7a652a966f526460dfa264c5,0.6158342075403027,32.0,2.0,2.0,4.1,26,5,45.48020822800015,-73.57759863138199,Marché Atwater
361,Porto Lounge,4c87345d7a652a966f526460dfa264c5,0.6713624069594011,3.0,3.0,2.0,4.1,26,5,45.48020822800015,-73.57759863138199,Marché Atwater
362,Bar De Courcelle,4c87345d7a652a966f526460dfa264c5,0.9841678378363252,27.0,1.0,6.0,4.0,26,5,45.48020822800015,-73.57759863138199,Marché Atwater
363,Bar Pamplemousse,eb0fd4c2ab7be34b815978bb8ebfbe65,0.9779271660707788,45.0,2.0,4.0,4.0,20,4,45.51074821798916,-73.56512099504471,Métro St-Laurent ( de Maisonneuve / St-Laurent)
364,Foufounes Electriques,eb0fd4c2ab7be34b815978bb8ebfbe65,0.9900661542743368,90.0,1.0,3.0,3.95,20,4,45.51074821798916,-73.56512099504471,Métro St-Laurent ( de Maisonneuve / St-Laurent)
365,MVP Bar Sportif,eb0fd4c2ab7be34b815978bb8ebfbe65,0.9865805222402249,52.0,2.0,2.0,3.0,20,4,45.51074821798916,-73.56512099504471,Métro St-Laurent ( de Maisonneuve / St-Laurent)
366,Bar Taboo,75029d868bd65133941f05b6d4fa2daf,0.9839502736803044,69.0,2.0,3.0,2.9,9,10,45.53006276144042,-73.54559183120728,Frontenac / Ste-Catherine
367,Bar le Jockey,5e32fab9110f792cab5784b893f3a1af,0.9601147530454516,64.0,2.0,3.0,3.95,15,8,45.545350334193245,-73.61032962799072,Lanaudière / Jean-Talon
368,Bar Tennesse,5e32fab9110f792cab5784b893f3a1af,0.90285954883784,67.0,1.0,2.0,4.1,15,8,45.545350334193245,-73.61032962799072,Lanaudière / Jean-Talon
369,Bar Coucou,5e32fab9110f792cab5784b893f3a1af,0.0986034097639998,81.0,2.0,1.0,4.1,15,8,45.545350334193245,-73.61032962799072,Lanaudière / Jean-Talon
370,Bar la Plaza,5e32fab9110f792cab5784b893f3a1af,0.8730151933603089,5.0,1.0,2.0,4.1,15,8,45.545350334193245,-73.61032962799072,Lanaudière / Jean-Talon
371,Bar 1650,5e32fab9110f792cab5784b893f3a1af,0.9283007557430044,7.0,2.0,1.0,4.1,15,8,45.545350334193245,-73.61032962799072,Lanaudière / Jean-Talon
372,Le Système,5e32fab9110f792cab5784b893f3a1af,0.9573244271268206,20.0,2.0,2.0,4.1,15,8,45.545350334193245,-73.61032962799072,Lanaudière / Jean-Talon
373,Helm Brasseur Gourmand,462e77d533503e90f53675acf2f9ddcc,0.9609711190562846,87.0,2.0,1.0,3.7,0,19,45.527371996141,-73.60398352146149,Clark / de l'Arcade
374,Billard Eljumelgi,e61bdf615b9672bd815d52f210429d3c,0.3704353907526743,47.0,2.0,2.0,4.1,20,1,45.55315915057821,-73.53263273835182,Bennett / Ste-Catherine
375,Nhâu Bar,81835dccb50d8900b00cc0a3ea1b480f,0.9657739051003732,48.0,2.0,9.0,4.0,12,3,45.49572236030835,-73.55461344122887,Duke / Nazareth
376,Boho,81835dccb50d8900b00cc0a3ea1b480f,0.7775375195358496,41.0,3.0,2.0,4.15,12,3,45.49572236030835,-73.55461344122887,Duke / Nazareth
377,Méchant Bœuf Bar & Brasserie,81835dccb50d8900b00cc0a3ea1b480f,0.9546411469595438,19.0,2.0,7.0,4.1,12,3,45.49572236030835,-73.55461344122887,Duke / Nazareth
378,Philemon Bar,81835dccb50d8900b00cc0a3ea1b480f,0.9552834214676686,76.0,2.0,5.0,4.0,12,3,45.49572236030835,-73.55461344122887,Duke / Nazareth
379,Bistro-Brasserie les Soeurs Grises,81835dccb50d8900b00cc0a3ea1b480f,0.9723821961506348,75.0,2.0,2.0,3.65,12,3,45.49572236030835,-73.55461344122887,Duke / Nazareth
380,Holder,81835dccb50d8900b00cc0a3ea1b480f,0.6050779658654576,377.0,3.0,7.0,4.0,12,3,45.49572236030835,-73.55461344122887,Duke / Nazareth
381,La Catrina,81835dccb50d8900b00cc0a3ea1b480f,0.2169281645034164,47.0,2.0,10.0,4.0,12,3,45.49572236030835,-73.55461344122887,Duke / Nazareth
382,The Farsides,81835dccb50d8900b00cc0a3ea1b480f,0.715099653136713,39.0,2.0,7.0,3.0,12,3,45.49572236030835,-73.55461344122887,Duke / Nazareth
383,Somwhr Liquor Lounge,81835dccb50d8900b00cc0a3ea1b480f,0.2282119102609364,7.0,2.0,6.0,2.5,12,3,45.49572236030835,-73.55461344122887,Duke / Nazareth
384,Le Saint-Sulpice,81835dccb50d8900b00cc0a3ea1b480f,0.3579576231860584,76.0,2.0,6.0,3.5,12,3,45.49572236030835,-73.55461344122887,Duke / Nazareth
385,Bord'Elle Boutique Bar and Eatery,81835dccb50d8900b00cc0a3ea1b480f,0.5509852637181717,65.0,4.0,1.0,3.5,12,3,45.49572236030835,-73.55461344122887,Duke / Nazareth
386,Randolph Pub Ludique,2b9e2e02951cbf0f3386b55b303d7105,0.9538061900989816,16.0,1.0,3.0,3.8,6,12,45.54902230455398,-73.59198164194822,Parc Molson (d'Iberville / Beaubien)
387,Broue Pub Brouhaha,2b9e2e02951cbf0f3386b55b303d7105,0.9821947233580964,6.0,2.0,5.0,4.2,6,12,45.54902230455398,-73.59198164194822,Parc Molson (d'Iberville / Beaubien)
388,Pub Rosemont,2b9e2e02951cbf0f3386b55b303d7105,0.967215454551942,95.0,3.0,4.0,3.9,6,12,45.54902230455398,-73.59198164194822,Parc Molson (d'Iberville / Beaubien)
389,Bar Taverne les Torchés,2b9e2e02951cbf0f3386b55b303d7105,0.2045144761537748,18.0,2.0,2.0,4.1,6,12,45.54902230455398,-73.59198164194822,Parc Molson (d'Iberville / Beaubien)
390,Le Lexor Lounge,2b9e2e02951cbf0f3386b55b303d7105,0.5366917153724835,54.0,2.0,2.0,4.1,6,12,45.54902230455398,-73.59198164194822,Parc Molson (d'Iberville / Beaubien)
391,Bar Rolex,2b9e2e02951cbf0f3386b55b303d7105,0.6437017848094942,32.0,2.0,2.0,4.1,6,12,45.54902230455398,-73.59198164194822,Parc Molson (d'Iberville / Beaubien)
392,Pub Papineau,2b9e2e02951cbf0f3386b55b303d7105,0.5065833137082789,68.0,2.0,1.0,4.1,6,12,45.54902230455398,-73.59198164194822,Parc Molson (d'Iberville / Beaubien)
393,Dice Club,2b9e2e02951cbf0f3386b55b303d7105,0.7230797776302925,48.0,2.0,1.0,4.1,6,12,45.54902230455398,-73.59198164194822,Parc Molson (d'Iberville / Beaubien)
394,Vinvinvin,07151bf35f8c11187f1e4e0c0311b250,0.9736810179337316,81.0,2.0,4.0,4.1,15,4,45.539306918976,-73.59521873295307,de Bellechasse / de Lanaudière
395,Nestor,07151bf35f8c11187f1e4e0c0311b250,0.9653528584783804,96.0,2.0,3.0,3.75,15,4,45.539306918976,-73.59521873295307,de Bellechasse / de Lanaudière
396,Arabica Lounge,16fb65f48b8435b23e10d3e232fd5f0c,0.9725106510522598,78.0,1.0,2.0,3.75,4,15,45.48830194643546,-73.56871783733366,Notre-Dame  / St-Martin
397,Andrews Bar,16fb65f48b8435b23e10d3e232fd5f0c,0.5206121554313365,11.0,1.0,10.0,3.5,4,15,45.48830194643546,-73.56871783733366,Notre-Dame  / St-Martin
398,Jono Bar,26aa0933324c9525e24f3b802787f507,0.952849914720218,27.0,2.0,2.0,4.1,19,0,45.533313304815366,-73.56671154499054,des Érables / Rachel
399,Le Diplomate,7fb17e275b3e5006964621b39f5decbd,0.921927965345722,18.0,3.0,1.0,3.3,7,8,45.52794135176983,-73.62388551235199,Jean-Talon / de l'Épée
400,Bar Chez P.P,5fe27f765b1c3a37dd8b9f9e155ebfff,0.8841907698016799,43.0,2.0,1.0,4.1,14,11,45.54428297135084,-73.54544162750244,Aylwin / Ontario
401,Le Bar Loic,d63041391198f1496b84b02d71a3ed90,0.9726391059538848,4.0,3.0,3.0,4.3,17,9,45.46976497412213,-73.58923405408859,St-Rémi / Ste-Émilie
402,L'Annexe St-Ambroise (L’Annexe St-Ambroise),d63041391198f1496b84b02d71a3ed90,0.9359580951565366,78.0,1.0,3.0,4.3,17,9,45.46976497412213,-73.58923405408859,St-Rémi / Ste-Émilie
403,Terrasse St-Ambroise,d63041391198f1496b84b02d71a3ed90,0.980967265409236,66.0,2.0,3.0,4.2,17,9,45.46976497412213,-73.58923405408859,St-Rémi / Ste-Émilie
404,Cordova,d63041391198f1496b84b02d71a3ed90,0.941909838931826,82.0,1.0,4.0,4.25,17,9,45.46976497412213,-73.58923405408859,St-Rémi / Ste-Émilie
405,Bar de Courcelles,d63041391198f1496b84b02d71a3ed90,0.952942687704725,9.0,1.0,4.0,4.05,17,9,45.46976497412213,-73.58923405408859,St-Rémi / Ste-Émilie
406,Messorem Bracitorium,d63041391198f1496b84b02d71a3ed90,0.9856487329351232,14.0,2.0,2.0,4.1,17,9,45.46976497412213,-73.58923405408859,St-Rémi / Ste-Émilie
407,Le Téquila Bar,d63041391198f1496b84b02d71a3ed90,0.968514276335039,90.0,1.0,4.0,3.05,17,9,45.46976497412213,-73.58923405408859,St-Rémi / Ste-Émilie
408,Bar Bistro Notre Dame,d63041391198f1496b84b02d71a3ed90,0.9733955625967872,97.0,2.0,3.0,4.1,17,9,45.46976497412213,-73.58923405408859,St-Rémi / Ste-Émilie
409,BarBara,d63041391198f1496b84b02d71a3ed90,0.971925467611524,8.0,2.0,3.0,4.1,17,9,45.46976497412213,-73.58923405408859,St-Rémi / Ste-Émilie
410,Riverside,d63041391198f1496b84b02d71a3ed90,0.9518559979844992,25.0,1.0,3.0,4.0,17,9,45.46976497412213,-73.58923405408859,St-Rémi / Ste-Émilie
411,Loïc,d63041391198f1496b84b02d71a3ed90,0.358514729995544,24.0,3.0,3.0,3.0,17,9,45.46976497412213,-73.58923405408859,St-Rémi / Ste-Émilie
412,Cafe Del Monko,d63041391198f1496b84b02d71a3ed90,0.6337907471251772,1.0,1.0,3.0,5.0,17,9,45.46976497412213,-73.58923405408859,St-Rémi / Ste-Émilie
413,Elena,d63041391198f1496b84b02d71a3ed90,0.4213902379876542,57.0,3.0,3.0,4.0,17,9,45.46976497412213,-73.58923405408859,St-Rémi / Ste-Émilie
414,Le Saint Édouard,8569736c023d7713fa1054b1dc71a704,0.9352087748970576,96.0,2.0,4.0,3.7,8,27,45.53255611409675,-73.58993947505951,St-Grégoire / Christophe-Colomb
415,Taverne St-Sacrement,8569736c023d7713fa1054b1dc71a704,0.9740877917888772,61.0,2.0,1.0,3.45,8,27,45.53255611409675,-73.58993947505951,St-Grégoire / Christophe-Colomb
416,Taverne Bar la Remise Inc,8569736c023d7713fa1054b1dc71a704,0.9623555774404648,83.0,2.0,1.0,3.15,8,27,45.53255611409675,-73.58993947505951,St-Grégoire / Christophe-Colomb
417,Brasserie Chez Baptiste,8569736c023d7713fa1054b1dc71a704,0.9777773020188828,36.0,2.0,1.0,3.35,8,27,45.53255611409675,-73.58993947505951,St-Grégoire / Christophe-Colomb
418,The Whiskey Man,8569736c023d7713fa1054b1dc71a704,0.3782568669849493,48.0,2.0,1.0,4.1,8,27,45.53255611409675,-73.58993947505951,St-Grégoire / Christophe-Colomb
419,Les Garnements Rosemont,8569736c023d7713fa1054b1dc71a704,0.104597971839831,62.0,2.0,2.0,4.1,8,27,45.53255611409675,-73.58993947505951,St-Grégoire / Christophe-Colomb
420,Bar la Marche a Côté,8569736c023d7713fa1054b1dc71a704,0.926780706073776,59.0,2.0,1.0,4.1,8,27,45.53255611409675,-73.58993947505951,St-Grégoire / Christophe-Colomb
421,Espace Urbain Montreal,8569736c023d7713fa1054b1dc71a704,0.1714872936693142,36.0,2.0,1.0,4.1,8,27,45.53255611409675,-73.58993947505951,St-Grégoire / Christophe-Colomb
422,La Succursale,c7c82cf193fdc50ec1a106c90cb51544,0.982844134249645,39.0,2.0,3.0,4.05,16,3,45.54434593245247,-73.57697686180472,Masson / Molson
423,Broue Bar Gaspé,c7c82cf193fdc50ec1a106c90cb51544,0.112126856351738,38.0,2.0,1.0,4.1,16,3,45.54434593245247,-73.57697686180472,Masson / Molson
424,Bar Sel et Poivre,c7c82cf193fdc50ec1a106c90cb51544,0.9800323991807433,16.0,2.0,1.0,2.95,16,3,45.54434593245247,-73.57697686180472,Masson / Molson
425,Bar la Broue du Plateau Enr,531dfca0ea4152da1c5e60b7fa74ba1c,0.7315292556038451,18.0,2.0,1.0,4.1,11,16,45.541602844435374,-73.56496073305605,Molson / Wiliam-Tremblay
426,Igloo's - the One & Only,531dfca0ea4152da1c5e60b7fa74ba1c,0.0199676008192568,14.0,3.0,1.0,4.1,11,16,45.541602844435374,-73.56496073305605,Molson / Wiliam-Tremblay
427,Bistro Jono Bar 2201 Mont Royal e,531dfca0ea4152da1c5e60b7fa74ba1c,0.8996190724673447,46.0,2.0,1.0,4.1,11,16,45.541602844435374,-73.56496073305605,Molson / Wiliam-Tremblay
428,La Distillerie,cf46557eb890581a5631cafc7b9a2bba,0.9646392201360194,9.0,3.0,1.0,4.3,18,5,45.521564270906616,-73.57036739587784,Roy / St-André
429,N sur Mackay,4249917b3ff262f4cd831f8ea34cf74e,0.954163009270162,60.0,3.0,2.0,3.75,8,15,45.4912258547597,-73.58763009309769,Atwater / Sherbrooke
430,Kinka Izakaya Montreal,4249917b3ff262f4cd831f8ea34cf74e,0.9361079592084324,45.0,2.0,2.0,3.45,8,15,45.4912258547597,-73.58763009309769,Atwater / Sherbrooke
431,Station des Sports,4249917b3ff262f4cd831f8ea34cf74e,0.9805248096369722,4.0,2.0,2.0,3.15,8,15,45.4912258547597,-73.58763009309769,Atwater / Sherbrooke
432,Forum Sports Bar,4249917b3ff262f4cd831f8ea34cf74e,0.5579795471251079,85.0,1.0,2.0,3.0,8,15,45.4912258547597,-73.58763009309769,Atwater / Sherbrooke
433,La Boîte à Karaoke,4249917b3ff262f4cd831f8ea34cf74e,0.8863174120619153,72.0,2.0,1.0,3.0,8,15,45.4912258547597,-73.58763009309769,Atwater / Sherbrooke
434,Forum de Montréal,4249917b3ff262f4cd831f8ea34cf74e,0.9910581115702184,10.0,2.0,2.0,2.8,8,15,45.4912258547597,-73.58763009309769,Atwater / Sherbrooke
435,G a Delicatessen,4249917b3ff262f4cd831f8ea34cf74e,0.4501191692202928,87.0,2.0,1.0,4.1,8,15,45.4912258547597,-73.58763009309769,Atwater / Sherbrooke
436,Hurley's Irish Pub,7b28024fd4c90ded38fc0447771d1ca4,0.9784195765270076,41.0,2.0,5.0,3.85,14,5,45.49658063218649,-73.5762146115303,Ste-Catherine / Bishop
437,Shehrazad,7b28024fd4c90ded38fc0447771d1ca4,0.2052556930560055,5.0,2.0,6.0,4.0,14,5,45.49658063218649,-73.5762146115303,Ste-Catherine / Bishop
438,Crobar,7b28024fd4c90ded38fc0447771d1ca4,0.8423187664580576,5.0,1.0,1.0,3.0,14,5,45.49658063218649,-73.5762146115303,Ste-Catherine / Bishop
439,Brutopia,f05dc5b7b3635787d9fe3fd8565bee7a,0.9858842335881022,96.0,1.0,5.0,3.85,14,9,45.49228068089086,-73.58096480369566,Ste-Catherine / Towers
440,La Cage Aux Sports,f7b1f88c4f4e3231537dd0a5a7397287,0.9883034675687056,73.0,1.0,2.0,3.1,19,4,45.4912954250061,-73.56159925460815,Ottawa / du Séminaire
441,Galt,f7b1f88c4f4e3231537dd0a5a7397287,0.7265565488355215,1.0,3.0,1.0,3.0,19,4,45.4912954250061,-73.56159925460815,Ottawa / du Séminaire
442,Nuvoo,f7b1f88c4f4e3231537dd0a5a7397287,0.6868590971612439,2.0,1.0,2.0,1.0,19,4,45.4912954250061,-73.56159925460815,Ottawa / du Séminaire
443,Broken Coconut,c0bf44a23aa9fdfd893bd437866dbf2a,0.1449470837169139,90.0,3.0,1.0,4.1,5,10,45.4801160762769,-73.58560770750046,Parc St-Henri (Laporte / Guay)
444,Thomson House,4dfba1c78f4c98769c58749cb8f10472,0.9665660436603938,30.0,2.0,1.0,4.0,3,42,45.50277615861811,-73.57589408755302,McTavish / Sherbrooke
445,Purple Haze,dfaab1117322af6f88c48893144bcf6f,0.8898356490897543,42.0,3.0,1.0,4.1,22,5,45.46766565386597,-73.59391784324544,de la Côte St-Paul / St-Ambroise
446,Riverside St-Henri,dfaab1117322af6f88c48893144bcf6f,0.8996190724673447,88.0,2.0,1.0,4.1,22,5,45.46766565386597,-73.59391784324544,de la Côte St-Paul / St-Ambroise
447,Toucan,e1d27e3bb1414d200aac4dbc156450d7,0.8996190724673447,68.0,2.0,1.0,4.1,12,9,45.551961779348346,-73.6303174495697,Jacques-Casault / Christophe-Colomb
448,Domaine Papineau,955f8b917ca4548746c2189a36b96fb2,0.1961292256310347,72.0,3.0,1.0,4.1,16,11,45.53857953787113,-73.58848571777344,des Carrières / Marquette
449,Complexe Sky,63c25a074954b752156b8c981b4e1f99,0.9793829882891948,93.0,2.0,1.0,3.55,13,4,45.52797141659334,-73.54948371648788,de Maisonneuve / Fullum
450,Sky Pub Terrasse,63c25a074954b752156b8c981b4e1f99,0.901382317469153,11.0,2.0,1.0,3.5,13,4,45.52797141659334,-73.54948371648788,de Maisonneuve / Fullum
451,Bar le Cocktail,63c25a074954b752156b8c981b4e1f99,0.965467040613158,56.0,2.0,1.0,3.3,13,4,45.52797141659334,-73.54948371648788,de Maisonneuve / Fullum
452,Broue Pub Brouhaha Papineau,7eaaf829040807e1e2c7091f2866f62e,0.998544177781584,36.0,2.0,1.0,3.45,3,12,45.56157008176612,-73.65338176488876,Hamel / Sauriol
453,Bar le Grand Chapeau,286671379fa925e68543ac801281068b,0.9974594475011952,92.0,2.0,1.0,4.1,4,6,45.529996997063385,-73.63287091255188,Ball / Bloomfield
454,Cafe Baraki,286671379fa925e68543ac801281068b,0.1402870253412975,43.0,2.0,1.0,4.1,4,6,45.529996997063385,-73.63287091255188,Ball / Bloomfield
455,Bar Café Loutraki,286671379fa925e68543ac801281068b,0.9394192411169868,16.0,2.0,1.0,4.1,4,6,45.529996997063385,-73.63287091255188,Ball / Bloomfield
456,Brasserie Quebecoise,aa4100b71e77eb483a5d173547e56ab6,0.1678905564238155,43.0,2.0,1.0,4.1,13,2,45.54851320767612,-73.62365484237671,Parc Villeray (Christophe-Colomb / Jarry)
457,Yer'Mad Bistro Bar,b9d14281ceeaf9913a820adab2e125c6,0.9760859791474876,49.0,2.0,1.0,3.75,20,3,45.51613214980722,-73.56049686670303,St-Hubert / de Maisonneuve (nord)
458,McLean's Pub,ac93999c9a8a448cf9db2701716fa637,0.9899591085229827,93.0,1.0,1.0,3.85,12,3,45.49969963056761,-73.57193648815155,du Square Dorchester / Peel
459,Bar U-Turn,cfc09f1f86e151cf8778b662a3d3650b,0.94235229470409,69.0,2.0,2.0,4.1,19,5,45.55331992800521,-73.56932803988457,15e avenue / Laurier
460,Bar Monaco,cfc09f1f86e151cf8778b662a3d3650b,0.1173150071007015,76.0,2.0,2.0,4.1,19,5,45.55331992800521,-73.56932803988457,15e avenue / Laurier
461,Billy Buck,cfc09f1f86e151cf8778b662a3d3650b,0.0738472956675016,86.0,1.0,2.0,4.1,19,5,45.55331992800521,-73.56932803988457,15e avenue / Laurier
462,Cafe Sport Alex,cfc09f1f86e151cf8778b662a3d3650b,0.5543614007293384,41.0,2.0,2.0,4.1,19,5,45.55331992800521,-73.56932803988457,15e avenue / Laurier
463,Aquarium Café Bar,cfc09f1f86e151cf8778b662a3d3650b,0.9393835591998688,93.0,2.0,1.0,4.1,19,5,45.55331992800521,-73.56932803988457,15e avenue / Laurier
464,Clandestino,d5193bc68b01855a79fd8c694ef2e2f9,0.9458633953485052,56.0,3.0,1.0,3.9,37,6,45.50424245563397,-73.553469479084,de la Commune / St-Sulpice
465,BEVO Bar + Pizzeria,0a3aa715457ea0c777ddd396228eafd1,0.9628337151298464,45.0,2.0,1.0,3.8,61,20,45.50761009451047,-73.55183601379395,de la Commune / Place Jacques-Cartier
466,Le 409,7214c61eb7f8d875d6db8db935ad16ea,0.9589015678634382,43.0,2.0,1.0,3.55,19,0,45.49276061084002,-73.55641052126883,Smith / Peel
467,Pub Saint Pierre,7214c61eb7f8d875d6db8db935ad16ea,0.9596080698223756,11.0,1.0,1.0,3.6,19,0,45.49276061084002,-73.55641052126883,Smith / Peel
468,Bar le Confessionnal,7214c61eb7f8d875d6db8db935ad16ea,0.8885867819906228,11.0,2.0,1.0,3.3,19,0,45.49276061084002,-73.55641052126883,Smith / Peel
469,Vargas,7214c61eb7f8d875d6db8db935ad16ea,0.0739398626759925,95.0,3.0,1.0,3.5,19,0,45.49276061084002,-73.55641052126883,Smith / Peel
470,King Crab,31c3024050ee6f3e44c85eceae251db1,0.9118942102521284,7.0,3.0,1.0,4.1,4,11,45.48972725318433,-73.56406286358833,Ottawa / William
471,Ti-Agrikol,15f3a0b338dba26f99a8df6fab3fdbc7,0.2896800759311196,99.0,3.0,1.0,3.6,21,1,45.52719536319051,-73.5645255446434,Émile-Duployé / Sherbrooke
472,Le MTL Bar,15f3a0b338dba26f99a8df6fab3fdbc7,0.95142977441892,13.0,2.0,1.0,3.05,21,1,45.52719536319051,-73.5645255446434,Émile-Duployé / Sherbrooke
473,Les Enfants du Rock MTL,15f3a0b338dba26f99a8df6fab3fdbc7,0.9621200767874856,95.0,2.0,1.0,4.1,21,1,45.52719536319051,-73.5645255446434,Émile-Duployé / Sherbrooke
474,L'Gros Luxe Plateau,15f3a0b338dba26f99a8df6fab3fdbc7,0.6624387953837089,42.0,2.0,1.0,3.5,21,1,45.52719536319051,-73.5645255446434,Émile-Duployé / Sherbrooke
475,Cafe Lounge,ce541d236b1fb3391edee931485e6ad7,0.6320244259133732,2.0,1.0,2.0,2.0,18,5,45.48378886396517,-73.5750612616539,Workman / Vinet
476,La Marche à Côté,268397f44e5cae3f431fc80129c14fd5,0.8374575226474755,2.0,2.0,3.0,3.0,19,3,45.52714838624861,-73.58947947621346,Laurier / St-Denis
477,Taverne Saint-Sacrement,f07d83b19d7555633ed07b8705e1439c,0.6235935026102813,27.0,2.0,2.0,3.5,25,1,45.53280412806031,-73.57190161943436,Cartier / Marie-Anne
478,Beaumonde Par Mademoiselle,1e35b33de4e369aeedcdd6de0f62c2cb,0.4063703024778254,5.0,2.0,2.0,3.0,14,4,45.52164617544124,-73.59366774559021,St-Urbain / Laurier
479,Joverse,3e138c9acff07bff5f9e684c01bc564f,0.901749649020329,55.0,2.0,2.0,3.5,27,7,45.50531166520915,-73.56089115142822,Viger / Chenneville
480,Furco,014e10dba2d92bd20c826b88864dc6b6,0.8718744844721765,64.0,2.0,4.0,3.5,32,5,45.505173440423306,-73.5706517100334,de Maisonneuve / Aylmer (ouest)
481,Ace Bar,014e10dba2d92bd20c826b88864dc6b6,0.6263008230772216,6.0,2.0,3.0,2.5,32,5,45.505173440423306,-73.5706517100334,de Maisonneuve / Aylmer (ouest)
482,La P'tite Grenouille Montréal,12d398be5955fed8787b107d04ba8cab,0.3004690334809323,25.0,2.0,3.0,3.0,6,9,45.51401222645779,-73.56598667800426,CÉGEP du Vieux-Montréal (Ontario / de l'Hôtel-de-Ville)
483,St-Laurent Bifteck,b7ea33e5396a99849c76067836da7f21,0.0550283083615789,51.0,1.0,2.0,4.0,41,5,45.51487490356938,-73.58486406505108,Parc Jeanne-Mance (monument sir George-Étienne-Cartier)
484,Pincette,3cc8af25d891cb13e3301e4a612d0383,0.1949312815658459,38.0,3.0,5.0,4.5,15,0,45.50714391928411,-73.55511903762817,Notre-Dame / St-Gabriel
485,John Michael's Pub,3cc8af25d891cb13e3301e4a612d0383,0.7925430813034519,48.0,2.0,4.0,3.0,15,0,45.50714391928411,-73.55511903762817,Notre-Dame / St-Gabriel
486,Pub St-Paul,3cc8af25d891cb13e3301e4a612d0383,0.6517919262609123,51.0,2.0,3.0,2.5,15,0,45.50714391928411,-73.55511903762817,Notre-Dame / St-Gabriel
