,fsq_id,bar_name,station_id,popularity,price,rating,total_counts
0,55aedbd9498eb6db5d095733,Le 4e Mur,36c6491aa1b52e5ef7005f984738de27,0.9660450876704704,3.0,8.5,11
1,4b0c1ff8f964a520603723e3,Le Saint Bock,36c6491aa1b52e5ef7005f984738de27,0.9801108993984028,2.0,8.3,9
2,4ad4c06bf964a5203ef920e3,Brasserie Artisanale l'Amère a Boire Inc,36c6491aa1b52e5ef7005f984738de27,0.9608640733049304,2.0,8.1,8
3,56ec4544498e27e294330c2b,Cadet,36c6491aa1b52e5ef7005f984738de27,0.9811314022279788,2.0,9.5,23
4,4c1009053ce120a19f6d071c,Pub l'Ile Noire,36c6491aa1b52e5ef7005f984738de27,0.9757577055100016,2.0,7.8,6
5,5786aca5498e11e46ccfe8e7,Renard,36c6491aa1b52e5ef7005f984738de27,0.982351723793416,3.0,8.9,12
6,4ad4c06bf964a5202af920e3,Le Cheval Blanc,36c6491aa1b52e5ef7005f984738de27,0.9835434998251588,2.0,7.7,2
7,4ad4c06ef964a52010fb20e3,Cabaret Mado,36c6491aa1b52e5ef7005f984738de27,0.9631976706844504,2.0,8.3,11
8,5536df62498e2325f5f9be5c,Le Red Tiger,36c6491aa1b52e5ef7005f984738de27,0.9686926859206292,2.0,8.2,9
9,54767635498ee8c8c4f3ae4e,Patrick'S Pub Irlandais,36c6491aa1b52e5ef7005f984738de27,0.9720539225131488,2.0,7.6,2
10,50cfc6a0e4b00c2caa3b1e57,Madame Smith,65f5707d61306518123222b4680bc282,0.9703982815588716,2.0,7.9,7
11,4f039af102d5cce0cf039639,L'Espace Public-Brasseurs de Quartier,65f5707d61306518123222b4680bc282,0.9792117150870282,2.0,8.7,5
12,53b68e72498e8b9d660abb9d,Le Trèfle - Taverne Irlandaise,65f5707d61306518123222b4680bc282,0.9747800209809672,2.0,7.6,7
13,54ff8f33498e0e2e2734aaf2,Le Blind Pig,65f5707d61306518123222b4680bc282,0.9773419826300428,1.0,6.9,7
14,557e24bb122b43ee5b6f9f09,Brasserie de Lasalle Enr,65f5707d61306518123222b4680bc282,0.5996988446195237,2.0,8.2,5
15,212eaec4bd794982cf8789a9,La Nef,65f5707d61306518123222b4680bc282,0.7792359787906684,2.0,8.2,7
16,4c6f5686d274b60c4e8cd60d,Bar le Bureau,65f5707d61306518123222b4680bc282,0.9100102050282958,2.0,8.2,3
17,5465440c498e7f14d79989c3,Bar l'Assemblée,65f5707d61306518123222b4680bc282,0.9256460211094222,2.0,8.2,4
18,514531a5e4b0910b604fb7cc,Taverne l'Escale,65f5707d61306518123222b4680bc282,0.9412247461231597,2.0,8.2,4
19,5781c6e1498e7519bb8a5e83,Loupblond,65f5707d61306518123222b4680bc282,0.0338264574279046,2.0,8.2,4
20,54f4fd2c498e6ed27bd8e8ae,Rouge Gorge,0e58810dea9e4869279089cb8576642f,0.9532210066582456,2.0,8.2,11
21,56159b81498e692deb443cb9,Pub West Shefford,0e58810dea9e4869279089cb8576642f,0.9640326275450128,2.0,8.1,8
22,4ad4c06bf964a52090f920e3,Bily Kun,0e58810dea9e4869279089cb8576642f,0.956589379634189,2.0,8.3,13
23,4ae3d573f964a5203e9921e3,La Distillerie No2,0e58810dea9e4869279089cb8576642f,0.968492867184768,2.0,8.3,7
24,541260c1498eaf769b43d38c,Fitzroy,0e58810dea9e4869279089cb8576642f,0.975493659323328,2.0,7.6,8
25,4ad4c06bf964a52060f920e3,Bar Plan B,0e58810dea9e4869279089cb8576642f,0.9550265116644188,2.0,7.7,7
26,4cd1f545de0f6dcbe6617463,A Bar,0e58810dea9e4869279089cb8576642f,0.9262882956175468,2.0,7.7,2
27,4ae294f6f964a5201e8f21e3,Cafe-Bar le Boudoir,0e58810dea9e4869279089cb8576642f,0.9252606564045474,1.0,7.4,4
28,5560d3e3498eb97d20dc071a,Le Terminal,0e58810dea9e4869279089cb8576642f,0.9725748785030722,2.0,7.5,6
29,4ae3b893f964a520749821e3,Aux Verres Stérilisés Inc,0e58810dea9e4869279089cb8576642f,0.9487893125521848,2.0,6.8,1
30,51057014e4b05ec8610cb068,132 Bar Vintage,eeda0f4010f34ca2199f3585a76fef66,0.935308684264988,3.0,8.3,3
31,50a66e27e4b052420c9534a3,Les Cavistes,eeda0f4010f34ca2199f3585a76fef66,0.9494744053608511,2.0,7.9,3
32,4bd384809854d13a220afe4d,Uber Cafbar,eeda0f4010f34ca2199f3585a76fef66,0.954748192710898,2.0,7.5,4
33,a235d106f4c5408473d1dca0,In Vino Veritas,eeda0f4010f34ca2199f3585a76fef66,0.3041669342810451,2.0,8.2,3
34,4d0c25fa801054816a001796,Bienvenu Bar Salon,eeda0f4010f34ca2199f3585a76fef66,0.937228371405939,2.0,8.2,4
35,4dcf65d3183899ddfaec7935,Bar Lajeunesse,eeda0f4010f34ca2199f3585a76fef66,0.5046993084844462,2.0,8.2,2
36,4d0c5208d515236a09cd064b,Bar Ahuntsic,eeda0f4010f34ca2199f3585a76fef66,0.9933060723486552,2.0,8.2,3
37,4b7eb7b0f964a520eafa2fe3,Le Rendez Vous du Thé,eeda0f4010f34ca2199f3585a76fef66,0.9319260385221976,2.0,8.2,3
38,5a0e4f8c8194fc76a7737397,Le Pourvoyeur,eeda0f4010f34ca2199f3585a76fef66,0.9605215269005972,3.0,8.2,7
39,ae4819eb18ca4e495deeb86a,Lanny Izakaya,eeda0f4010f34ca2199f3585a76fef66,0.8996190724673447,2.0,8.2,4
40,5606f3e59a184b4d75b78b9a,Resto-Bar Lucky 7,8140fc3c3486abf913b0bd9211926f2b,0.6085265509145276,2.0,8.2,6
41,48d57f4a1808476d9b42c59d,Brasserie Place 37,8140fc3c3486abf913b0bd9211926f2b,0.8063542358003811,2.0,8.2,2
42,2069e40c3f484191f0149871,Perandello Sport Bar,8140fc3c3486abf913b0bd9211926f2b,0.3135084601825487,2.0,8.2,2
43,34c15ba7ec3c4fa2619b1274,Brasserie Chez le Pere Gedeon,8140fc3c3486abf913b0bd9211926f2b,0.8996190724673447,2.0,8.2,6
44,4af8a196f964a520d30e22e3,Chez Baptiste Sur Masson,e287c24d95d9f0e3767d167d83ecebcd,0.9611780741755692,2.0,7.0,3
45,4de0837ec65bcc724f423d55,Morelli,e287c24d95d9f0e3767d167d83ecebcd,0.1116772641960507,2.0,8.2,7
46,b60737e7cfeb43165b412c9a,Taverne Morelli,e287c24d95d9f0e3767d167d83ecebcd,0.8996190724673447,2.0,8.2,4
47,57aca538498efa5e389d018a,Cherry Bar Inc,bfc27d829d7ce8c0f9e55b1cab901cbb,0.9025526843506247,2.0,8.2,4
48,0676e51e2d2f425b5977cdac,Action Production a N J,bfc27d829d7ce8c0f9e55b1cab901cbb,0.8996190724673447,2.0,8.2,2
49,61fbec86eea3a30441af3db2,Vin Prendre Une Bière,1ff33fd73e2add3c30fcd821850dccd3,0.6761509202366425,2.0,8.2,2
50,4ce5d01eb9975481ecb9ec44,Resto Bar Trophys,1ff33fd73e2add3c30fcd821850dccd3,0.978269712475112,2.0,8.2,2
51,27e752c42904450e443198df,Solevino,1ff33fd73e2add3c30fcd821850dccd3,0.3006629700200532,2.0,8.2,2
52,2a12178ac65d4877aff124f9,Resto Bar Beauharnois,1ff33fd73e2add3c30fcd821850dccd3,0.0584755257730487,2.0,8.2,4
53,4c6f343a0d68ef3b3fd946e7,Le Bar Salon Solid Gold Inc,1ff33fd73e2add3c30fcd821850dccd3,0.9777630292520356,2.0,8.2,4
54,573d039ccd10fe71e376c912,Pub Pit Caribou,2501128835e132f929d56798aa789839,0.9676079556402406,2.0,8.4,3
55,58818ec01174200247eb1f81,Le Royal,2501128835e132f929d56798aa789839,0.0782647170067153,3.0,8.5,4
56,53c9c69b498e1fd4f3aa670a,Grenade - Resto-bar et terrasse,2501128835e132f929d56798aa789839,0.9634545804877004,2.0,8.0,5
57,4adb8f80f964a520fd2821e3,Barraca Rhumerie,2501128835e132f929d56798aa789839,0.925867248995554,1.0,7.4,3
58,5849d31423188e1e7a58e397,Marconi,00c210cb99cf9d1b923c1548938aee56,0.9641682188300612,2.0,9.0,5
59,548f5fec498e19e6e8b9f5da,Brasserie Harricana,00c210cb99cf9d1b923c1548938aee56,0.9738380183690508,2.0,8.8,6
60,5668a837498e95e2fca374ba,Birra,00c210cb99cf9d1b923c1548938aee56,0.9846995939397832,2.0,8.1,6
61,4ad4c06bf964a5205af920e3,Vices & Versa Bistro du Terroir Inc,00c210cb99cf9d1b923c1548938aee56,0.9729459704411,2.0,8.5,5
62,556653bc498e86ab9700cf34,Yïsst,00c210cb99cf9d1b923c1548938aee56,0.9680718205627752,2.0,8.5,4
63,50d0ecf1e4b0fda9f35bfd5f,Bar le Vestiaire,00c210cb99cf9d1b923c1548938aee56,0.987418556024178,2.0,8.1,6
64,5a9dd63f3af9884365660a40,Cicchetti,00c210cb99cf9d1b923c1548938aee56,0.9682930484489072,2.0,7.9,7
65,51f9d75e498eceabc4345166,Huis Clos,00c210cb99cf9d1b923c1548938aee56,0.9449428018868598,2.0,8.0,6
66,5c156a1ccbcdee002c5dfe6b,Bar St-Denis,00c210cb99cf9d1b923c1548938aee56,0.9759075695618974,2.0,6.9,5
67,4f42f3d3e4b03c8ff60869f3,Notre Dame des Quilles,00c210cb99cf9d1b923c1548938aee56,0.944792937834964,2.0,7.2,1
68,5675d65b498ef5898f8b080b,Taverne Cobra,f9bb106633ce38eeec6728faed3155ad,0.9416457927451526,1.0,7.4,1
69,4b15c25cf964a520dbb323e3,Miss Villeray,f9bb106633ce38eeec6728faed3155ad,0.9518080027403713,2.0,7.1,4
70,4dc627f4b0fb5556cd042ce6,Le Pourvoyeur,f9bb106633ce38eeec6728faed3155ad,0.9417528384965068,2.0,6.8,7
71,4b9ae085f964a520a7de35e3,Buvette Chez Simone,a32e2261fca6732a8f47eec9fef69017,0.944899983586318,2.0,9.0,6
72,58c8b974951e7d7e08bc6fd8,Darling,a32e2261fca6732a8f47eec9fef69017,0.9799039442791182,3.0,9.2,10
73,4b47fbe5f964a520b64526e3,Salon Daome,a32e2261fca6732a8f47eec9fef69017,0.4863088484018069,1.0,8.5,11
74,533de7ac498e9266dca655ff,Le Majestique,a32e2261fca6732a8f47eec9fef69017,0.976735390039036,2.0,9.0,10
75,4ad4c06bf964a5203df920e3,Brasserie Dieu du Ciel,a32e2261fca6732a8f47eec9fef69017,0.9624340776581244,2.0,9.1,8
76,4ad4c06bf964a5206df920e3,Casa del Popolo,a32e2261fca6732a8f47eec9fef69017,0.9515510929371214,2.0,8.2,9
77,4ae22438f964a5201e8b21e3,Réservoir,a32e2261fca6732a8f47eec9fef69017,0.9639898092444712,1.0,8.5,10
78,595eaff1f427de5e694c808c,Bar Suzanne,a32e2261fca6732a8f47eec9fef69017,0.9591085229827228,2.0,8.3,8
79,563d374ccd102a339a37edf2,Bar Henrietta,a32e2261fca6732a8f47eec9fef69017,0.9574314728781748,3.0,8.0,7
80,5372ed9f498e6f504d4fe05d,Bar le Mal Nécessaire,f332a5c6e3f7fc73096885d6efc0f829,0.9816666309847496,3.0,8.8,21
81,4ad4c06af964a5200ff920e3,Sainte-Elisabeth,f332a5c6e3f7fc73096885d6efc0f829,0.972631969570461,2.0,8.0,4
82,4cd21ce53e63721ed8c5a7cc,Bar Zoe Karaoke et Cocktails,0243c740e1d4fe272e0c414cdd900c7d,0.9857700514533244,2.0,7.6,4
83,754658eea30844a566cf5f79,Bar Hélène,0243c740e1d4fe272e0c414cdd900c7d,0.4761680475568591,2.0,8.2,5
84,34f21679eb114782ec3509a5,Beamers Bar,0243c740e1d4fe272e0c414cdd900c7d,0.0980610446238055,2.0,8.2,5
85,1e132627230345ea96339611,Café Bar Brewski's,0243c740e1d4fe272e0c414cdd900c7d,0.7973053016192454,2.0,8.2,3
86,04370f71f5954b42f7db79fb,Au Ptit Buck,0243c740e1d4fe272e0c414cdd900c7d,0.379976735390039,2.0,8.2,5
87,528c47fc11d211233bdfb21b,Bar Excel,0243c740e1d4fe272e0c414cdd900c7d,0.9512014101493644,3.0,8.2,5
88,68ede87884ff4255b8991866,Bar Zoe,0243c740e1d4fe272e0c414cdd900c7d,0.8996190724673447,2.0,8.2,4
89,5282865f11d2a93492597e98,Empire Cafe,278e51e3bb2d95cf556a62edff8f95ec,0.475111862810165,1.0,8.2,3
90,1a3471063dbb45eb49299f6d,Chez Momo,278e51e3bb2d95cf556a62edff8f95ec,0.8996190724673447,2.0,8.2,1
91,e27e3493e6ad43b84b9dc022,Bar 1370,278e51e3bb2d95cf556a62edff8f95ec,0.8996190724673447,2.0,8.2,2
92,5485fcbc498e2f5b907f32ab,Limite08,700cf042fd8763ec6c702d94d5b6689b,0.7328923048377544,2.0,8.2,2
93,4ca67cbcb7106dcbb8a75ea5,Taverne La-Paz,700cf042fd8763ec6c702d94d5b6689b,0.4427769095177946,2.0,8.2,2
94,57f7f9bbcd10b5d0637b4b5d,Ruelle des papillons,700cf042fd8763ec6c702d94d5b6689b,0.1802507725135056,3.0,8.2,3
95,63268d3977e6454897dab7e3,Le Grand Lionel,700cf042fd8763ec6c702d94d5b6689b,0.8996190724673447,2.0,8.2,3
96,561ea014498e1dcaa9772c8a,Boswell Brasserie Artisanale,82cc3be4d76f16ca475536a6e07461c5,0.97502265801737,2.0,8.3,7
97,4bf9ff125efe2d7fe5216d34,Bar Davidson,0f8246e77098962beaa5e48211a7cff8,0.9615777116472912,1.0,5.7,4
98,4e0279ac483bb38cf0effa93,Bar St Vincent,0f8246e77098962beaa5e48211a7cff8,0.908326018540324,2.0,8.2,4
99,5ac0419d4c954c34ab44ee4b,Blockhaus,0f8246e77098962beaa5e48211a7cff8,0.981623812684208,3.0,8.2,4
100,4c3751b70a71c9b614973ec9,Brasserie des Patriotes,0f8246e77098962beaa5e48211a7cff8,0.9607427547867292,1.0,5.4,3
101,543745e9498e0d5e64dd929a,Ping Pong Club,c8aba35f90d2eeada8a20ea7915c943a,0.9569319260385222,2.0,8.1,5
102,530d54f0498e3559bf75e043,Bishop & Bagg,c8aba35f90d2eeada8a20ea7915c943a,0.955968514276335,2.0,8.6,6
103,540314f8498e97602cef55ba,Isle de Garde,c8aba35f90d2eeada8a20ea7915c943a,0.97061237306158,3.0,9.1,4
104,4ad4c06af964a520faf820e3,Whisky Café,c8aba35f90d2eeada8a20ea7915c943a,0.8980139444932097,3.0,7.6,4
105,4b1f4cecf964a520512524e3,Nacho Libre,c8aba35f90d2eeada8a20ea7915c943a,0.9636686719904088,2.0,7.8,4
106,4ccaf5c7c9b846885faab2c3,Bar Waverly,c8aba35f90d2eeada8a20ea7915c943a,0.9615634388804442,1.0,7.4,4
107,4ae3af79f964a520249821e3,Bar Tapas Taza Flores,c8aba35f90d2eeada8a20ea7915c943a,0.9264310232860192,3.0,7.8,3
108,500a199de4b0114578789f65,The Emerald,c8aba35f90d2eeada8a20ea7915c943a,0.9233052873464784,3.0,7.7,2
109,5d125be07140700023cc5b8c,Bières Jukebox,0d4d6ab1ff41bf892ecbb0e09a8e2f40,0.8779036160054807,2.0,8.2,4
110,52647dcd498e25e8a0faceb5,MaBrasserie,e335f2f5ad674c200bb9795ee863749c,0.965759632333526,2.0,9.0,5
111,4d0bf0f25ce054814e8425dc,La Distillerie No 3,e335f2f5ad674c200bb9795ee863749c,0.9546696924932384,2.0,8.2,4
112,4e8230b4f5b91d2e46d64910,Quai No.4,e335f2f5ad674c200bb9795ee863749c,0.9562682423801266,3.0,8.0,3
113,4ae3ea74f964a520979921e3,Verre Bouteille,e335f2f5ad674c200bb9795ee863749c,0.9658952236185746,1.0,6.9,4
114,4b27e67ff964a520ee8b24e3,Bar Lounge Lobby,e335f2f5ad674c200bb9795ee863749c,0.9181100002140916,3.0,6.4,2
115,4b0a1766f964a520b52123e3,La Porte Rouge,e335f2f5ad674c200bb9795ee863749c,0.9208146895316393,2.0,6.3,4
116,55777789498e80fb292f9b8a,Pub BreWskey,30efd061ab22a0caa3dc67f5e027154e,0.9912079756221144,1.0,8.9,7
117,57e2f1e3498ea815291bae31,Cold Room,30efd061ab22a0caa3dc67f5e027154e,0.9576598371477304,3.0,8.7,9
118,595eb9036cf01a44b31964c5,Perché,30efd061ab22a0caa3dc67f5e027154e,0.9697274615170524,2.0,8.3,7
119,4bdf009389ca76b0cfab5d5e,Terrasse Place d'Armes,30efd061ab22a0caa3dc67f5e027154e,0.9753223861211616,3.0,8.8,17
120,4ad4c06bf964a5204cf920e3,Modavie,30efd061ab22a0caa3dc67f5e027154e,0.9911294754044544,2.0,8.5,12
121,5c9583a2123a19002cd832f8,Pub Wolf & Workman,30efd061ab22a0caa3dc67f5e027154e,0.9745017020274466,2.0,8.8,16
122,511d7d4be4b0ae5fffd73e82,Rebel Brasserie Urbaine,76d6ac391db2e789d1696e32fccf92f6,0.8936393414545377,3.0,8.1,6
123,4b6cdd27f964a520035a2ce3,Bar l'aigle Noir,76d6ac391db2e789d1696e32fccf92f6,0.9849279582093386,2.0,7.9,5
124,4b4e66d8f964a5206bec26e3,Bar le Stud,76d6ac391db2e789d1696e32fccf92f6,0.993470209167398,2.0,7.5,6
125,5c79a3fc66fc65002c413d1b,Bistro Tendresse,76d6ac391db2e789d1696e32fccf92f6,0.9561112419448072,3.0,7.8,4
126,4b186576f964a52017d223e3,Le National,76d6ac391db2e789d1696e32fccf92f6,0.9417028838125416,2.0,7.6,3
127,4fa9c7f9e4b096d4709e4294,Bar Stock&Lounge,76d6ac391db2e789d1696e32fccf92f6,0.9770708000599456,2.0,7.4,2
128,595efe0c112c6c7093f64ef6,District Video Lounge,76d6ac391db2e789d1696e32fccf92f6,0.9774418919979732,3.0,7.3,5
129,57dafea0498e5359faf5f11f,Tiradito,cecb49c91023c7469470569da814659e,0.9509516367295382,2.0,8.6,20
130,59622257531593143d4e0ff9,Nacarat,cecb49c91023c7469470569da814659e,0.9825586789127008,3.0,8.9,25
131,550bd362498e0e9050efe954,Escondite,cecb49c91023c7469470569da814659e,0.9734026989802108,2.0,8.7,43
132,4b0435bcf964a520215222e3,Nyks Bistro Pub,cecb49c91023c7469470569da814659e,0.992235614835114,2.0,8.8,22
133,556467ea498e21a8004aabc5,Tommy,cecb49c91023c7469470569da814659e,0.9809387198755416,1.0,8.4,15
134,583677b7288b6a0d9c6b399f,Bord'Elle,cecb49c91023c7469470569da814659e,0.974730066297002,3.0,7.8,4
135,556902a1498e618f7c287e74,Soubois,69f583a85e1a83b443c203b781bfc0c9,0.9849850492767276,2.0,8.5,18
136,5928b8f482a7501cafce9f60,Bar George,69f583a85e1a83b443c203b781bfc0c9,0.977284891562654,3.0,8.5,17
137,567aba8e498e6b5bdd0ad844,Bar Cloakroom,69f583a85e1a83b443c203b781bfc0c9,0.9756506597586476,3.0,8.6,14
138,4b08d25cf964a520a41223e3,Ye Olde Orchard Pub & Grill,69f583a85e1a83b443c203b781bfc0c9,0.9777987111691536,2.0,8.3,22
139,59e7e809ccad6b7e88c57340,Escondite,69f583a85e1a83b443c203b781bfc0c9,0.9645892654520544,1.0,8.1,43
140,53701414498ec249d96976cc,Brass Door,69f583a85e1a83b443c203b781bfc0c9,0.9632333526015686,1.0,8.0,6
141,4ad4c06bf964a52024f920e3,Upstairs Jazz Bar & Grill,69f583a85e1a83b443c203b781bfc0c9,0.9832152261876728,2.0,8.4,17
142,56453da5498e11179bd146d7,C'Cho-Colat,69f583a85e1a83b443c203b781bfc0c9,0.9745587930948354,1.0,8.1,12
143,57fffed138fa0da136f2a8e3,La Cage,7efdfc0229daac74cfa58a8a39d13ac2,0.99533280524096,1.0,8.4,12
144,4ae4d07df964a520669e21e3,Benelux,650b371db12a750bd2db8da8ecfa0890,0.9899876540566772,1.0,8.5,11
145,4ae0e7f9f964a520928321e3,Pullman,650b371db12a750bd2db8da8ecfa0890,0.969534779164615,2.0,8.6,16
146,4b6e6475f964a52081bb2ce3,McKibbin's Irish Pub,650b371db12a750bd2db8da8ecfa0890,0.9877182841279696,2.0,8.2,14
147,52d731d011d2a0079c930734,Biiru,650b371db12a750bd2db8da8ecfa0890,0.96940632426299,2.0,8.2,11
148,58af99d2f22995176a094d1f,Siboire,1013ec013026d8e51b4e126c5c72c5c8,0.9792045787036046,2.0,7.7,4
149,4cae667a1463a143f58f8ca9,Taverne Metro-Pub,04f6eaaa0d7993020973687c13f41663,0.9615563024970204,2.0,8.2,4
150,4c6b77620c3ac9b64239d238,Bar Sexe Mania,04f6eaaa0d7993020973687c13f41663,0.9524574136319196,2.0,8.2,3
151,4e1631551495f6691bf04a74,The Kath Women,04f6eaaa0d7993020973687c13f41663,0.0899612494380098,1.0,8.2,3
152,4dfffdabae6001fafcac02df,Bar Fullum,04f6eaaa0d7993020973687c13f41663,0.9643252192653808,2.0,8.2,4
153,4ae39fe71c9a42a9f3218291,Pro Max Pub,04f6eaaa0d7993020973687c13f41663,0.3763371798439986,2.0,8.2,3
154,d59bb0c519244a9ef1279ccc,Pro-Max Pub,04f6eaaa0d7993020973687c13f41663,0.1991978705031864,2.0,8.2,2
155,4b19b820f964a520afe223e3,Astral 2000,04f6eaaa0d7993020973687c13f41663,0.9325112219629336,2.0,5.2,1
156,0cc4274e64dd439ff406d3b7,Alfred's Damn Right Joint,04f6eaaa0d7993020973687c13f41663,0.8996190724673447,2.0,8.2,2
157,52a3688811d2c18af186e13a,Bier Markt,81e413363c9c2b6933f4706dd9fafc6b,0.99135783967401,2.0,7.7,6
158,5238c53411d28de3660ad07f,Etoh Brasserie,f9d30314d14794ea0c378ba2c1ee0c5d,0.9894881072170244,2.0,8.4,4
159,4c203792b4e62d7f2ee1e093,Bar la Québécoise,f9d30314d14794ea0c378ba2c1ee0c5d,0.9044438259578812,1.0,7.1,4
160,4ca6c3a1a6e08cfa74517e94,Bar Pam Pam,9836aac1ee4659e9103ab4a3ac10c9e0,0.81946377214955,1.0,8.2,4
161,b08bbcc843104ea1d6b02c3b,Ritz Bar,9836aac1ee4659e9103ab4a3ac10c9e0,0.4635366488970719,2.0,8.2,2
162,5271be1911d2c6270f077c3f,Cozmos Café Bar,9836aac1ee4659e9103ab4a3ac10c9e0,0.9908154745338158,1.0,8.2,4
163,4ed948e0c2ee3cd6444a7e19,Bande Paul,9836aac1ee4659e9103ab4a3ac10c9e0,0.5851477588187858,2.0,8.2,3
164,4c1e1ffffcf8c9b684bbac0b,Bar Sportivo,9836aac1ee4659e9103ab4a3ac10c9e0,0.9392979225987854,1.0,5.7,1
165,595d3687898bdc5f36d6b0af,Kamehameha Snack-Bar,6086b10ac3a09a5ad176d6a32deaf0ad,0.9050504185488878,2.0,7.3,1
166,50bfe73ce4b0a80fdba120c1,Le Bureau Bar a Tapas,ede6b6e636d0057c3569441aad58f64c,0.9452425299906514,3.0,8.3,16
167,593054634aa3f82f20e61573,Monopole,ede6b6e636d0057c3569441aad58f64c,0.9713117386370936,1.0,8.7,11
168,53977b1a498ee68a34848261,Zibo,ede6b6e636d0057c3569441aad58f64c,0.9882178309676224,2.0,7.8,9
169,5c424340dab4b1002ce2f25c,Milky Way Cocktail Bar,ede6b6e636d0057c3569441aad58f64c,0.9785551678120562,3.0,8.6,6
170,55df496d498eac393a801eb6,Bird Bar,ede6b6e636d0057c3569441aad58f64c,0.9537490990315928,1.0,7.9,8
171,56ec7718498e0ec380cdf79a,Knox Taverne,ede6b6e636d0057c3569441aad58f64c,0.9693278240453304,2.0,8.1,7
172,4f722440e4b0995f2face125,New City Gas,ede6b6e636d0057c3569441aad58f64c,0.9793901246726184,2.0,7.7,9
173,55720dc6498e200d00257919,Lord William Pub,ede6b6e636d0057c3569441aad58f64c,0.98012517216525,1.0,7.5,9
174,4b47a1eaf964a5203c3826e3,Resto-pub le 100 génies,ede6b6e636d0057c3569441aad58f64c,0.9895737438181078,2.0,6.5,5
175,56dc5cb3498ed1be4ca910ab,Association Montréal Beach,ede6b6e636d0057c3569441aad58f64c,0.4137746472842493,2.0,8.2,1
176,51d36b04498e0485ae7335e3,Le Vin Papillon,444448176f019fa75930cba6037f6ed8,0.9511300463151284,3.0,9.1,11
177,4ae3a16cf964a520729721e3,Burgundy Lion,444448176f019fa75930cba6037f6ed8,0.9686998223040528,2.0,8.7,11
178,577ef91f498eccce05ee8202,Atwater Cocktail Club,444448176f019fa75930cba6037f6ed8,0.9870117821690324,3.0,8.7,8
179,4d82b213e83fa14327853da1,Drinkerie Ste-Cunégonde,444448176f019fa75930cba6037f6ed8,0.9665303617432758,2.0,7.5,8
180,573e6e51cd10204ed96a075d,El Gordo,444448176f019fa75930cba6037f6ed8,0.950152361786094,2.0,7.2,8
181,583df7e572714f2d3df950c7,Moose Bawr,444448176f019fa75930cba6037f6ed8,0.983372226622992,2.0,7.6,3
182,582e6cac761b1a3f49712ade,Kampai Garden,444448176f019fa75930cba6037f6ed8,0.9794043974394656,1.0,7.2,3
183,5b9c52b006fb600038c0646f,Paperplane MTL,f9cff3cd7959287708ec2346fdc9f24c,0.6844790796919937,2.0,6.2,6
184,589222369dc8d06afb12ba49,Cafeteria BBR,f9cff3cd7959287708ec2346fdc9f24c,0.8425571089083475,3.0,8.2,1
185,4fe77d33e4b02db7ae89f0a7,Bar,f9cff3cd7959287708ec2346fdc9f24c,0.9444860733477488,2.0,8.2,3
186,5beb3ee39cadd9043837d715,Cyr,f9cff3cd7959287708ec2346fdc9f24c,0.0432893018476096,2.0,8.2,3
187,5e22629249c88c000895a64d,Stem Bar,f9cff3cd7959287708ec2346fdc9f24c,0.9175034076230848,2.0,8.2,2
188,4ad4c06af964a52010f920e3,Else's,0c9cd68aa1bd69a080463ce7f302337c,0.95186509380776,2.0,8.3,8
189,4bf5fa98abdaef3bde2ba184,Tattoo Box Montreal,0c9cd68aa1bd69a080463ce7f302337c,0.8865457763314707,2.0,8.0,3
190,56858d0e498e81a958de42c7,North Star Machines à Piastres,c6315ed8be3d1b1db4e1743fd8cf702d,0.9935915276855994,2.0,7.6,2
191,5d56143cfcdc0c0008656df2,Taverne Atlantic,9fce8c378d9e1fc9d96999ff50a71f6a,0.9879109664804072,2.0,8.2,1
192,5d3243c51eef220008669db8,Boucherie Bar à vin Provisions,9fce8c378d9e1fc9d96999ff50a71f6a,0.9699629621700314,2.0,8.2,1
193,5efc903267cf5200087dd0ef,TAS Café Bistro Lounge,9fce8c378d9e1fc9d96999ff50a71f6a,0.9509445003461146,1.0,8.2,1
194,62ae54bef1d09e5fad4fa820,Wills,9fce8c378d9e1fc9d96999ff50a71f6a,0.9800752174812848,2.0,8.2,2
195,9254c944e4ce43cae9fb8865,Taverne Portara,9fce8c378d9e1fc9d96999ff50a71f6a,0.8996190724673447,2.0,8.2,2
196,4e6aa917d4c01ce017ad2ab9,Le Off Miss Villeray,3da178370890fe8edbd73af1c48b6fa7,0.7673324912400894,3.0,8.2,3
197,d43ce92f4263431eb76f18f5,Raphaël Bistrot Bar à Vins,3da178370890fe8edbd73af1c48b6fa7,0.8996190724673447,2.0,8.2,2
198,568bc64e498ec34f4d922bab,Autos Lajeunesse,3da178370890fe8edbd73af1c48b6fa7,0.029116444368323,2.0,8.2,4
199,6122bffc6f4b773f2d181e56,Le Petit 26,3da178370890fe8edbd73af1c48b6fa7,0.5650517030979041,2.0,8.2,4
200,627f0d9a7b019300c0336743,Chez Josie,3da178370890fe8edbd73af1c48b6fa7,0.9722394684821626,3.0,8.2,2
201,61689accf0825425f7f3c223,Etna,3da178370890fe8edbd73af1c48b6fa7,0.8870595959379706,2.0,8.2,2
202,57c8c0e1498eae8bcbda7374,Bar le Record,8ae2d0c3c6bfb29c5614921e85221107,0.9683572758997196,2.0,8.2,3
203,84d255e0f9e249cc21d10198,Bistro Bar Bizzwack,8ae2d0c3c6bfb29c5614921e85221107,0.1413003917874499,2.0,8.2,3
204,112465524b364f0fa56d17be,Bar Cafe EVA,73eda86efde149b545d1e7646de05cd6,0.3844012931126763,2.0,8.2,1
205,515879eee4b0d2c60278af2c,SuWu,4752f08cc123b7e93771ee25c318efee,0.917703226358946,2.0,8.0,3
206,4b761beff964a5204a3d2ee3,Bar Chez Pierre,4c87345d7a652a966f526460dfa264c5,0.6158342075403027,2.0,8.2,2
207,5c54edf3acb00b002c1b0943,Porto Lounge,4c87345d7a652a966f526460dfa264c5,0.6713624069594011,3.0,8.2,2
208,5adb9b12ba57b41e9370c47b,Bar Pamplemousse,eb0fd4c2ab7be34b815978bb8ebfbe65,0.9779271660707788,2.0,8.0,4
209,4ad4c06bf964a5208bf920e3,Foufounes Electriques,eb0fd4c2ab7be34b815978bb8ebfbe65,0.9900661542743368,1.0,7.9,3
210,4c2ec35566e40f476fe9c08b,Bar Taboo,75029d868bd65133941f05b6d4fa2daf,0.9839502736803044,2.0,5.8,3
211,4e8520329adfdc1fadf2ba2f,Bar le Jockey,5e32fab9110f792cab5784b893f3a1af,0.9601147530454516,2.0,7.9,3
212,52ea88d3498ee6cf2fd4e2fc,Bar Tennesse,5e32fab9110f792cab5784b893f3a1af,0.90285954883784,1.0,8.2,2
213,4ccd99c2ee23a14324cc26a8,Bar Coucou,5e32fab9110f792cab5784b893f3a1af,0.0986034097639998,2.0,8.2,1
214,55ff20dc498e3854e4b64752,Bar la Plaza,5e32fab9110f792cab5784b893f3a1af,0.8730151933603089,1.0,8.2,2
215,4c648a6aaf8a76b0fa7c78c5,Bar 1650,5e32fab9110f792cab5784b893f3a1af,0.9283007557430044,2.0,8.2,1
216,633ad43585d1901c113461ef,Le Système,5e32fab9110f792cab5784b893f3a1af,0.9573244271268206,2.0,8.2,2
217,4ad92b8ef964a520cc1821e3,Helm Brasseur Gourmand,462e77d533503e90f53675acf2f9ddcc,0.9609711190562846,2.0,7.4,1
218,868de8ae45ab4d4ba41f1e71,Billard Eljumelgi,e61bdf615b9672bd815d52f210429d3c,0.3704353907526743,2.0,8.2,2
219,594c456d59fe5c1c5d3cf28d,Nhâu Bar,81835dccb50d8900b00cc0a3ea1b480f,0.9657739051003732,2.0,8.0,9
220,5928f3b65455b230d386bc0f,Boho,81835dccb50d8900b00cc0a3ea1b480f,0.7775375195358496,3.0,8.3,2
221,4ae8c5a1f964a52027b221e3,Méchant Bœuf Bar & Brasserie,81835dccb50d8900b00cc0a3ea1b480f,0.9546411469595438,2.0,8.2,7
222,4ced7fee62ef6dcb75d9f259,Philemon Bar,81835dccb50d8900b00cc0a3ea1b480f,0.9552834214676686,2.0,8.0,5
223,4eeaa9bc0e01182cafa426f0,Bistro-Brasserie les Soeurs Grises,81835dccb50d8900b00cc0a3ea1b480f,0.9723821961506348,2.0,7.3,2
224,56edf560498e0692bffee7a5,Randolph Pub Ludique,2b9e2e02951cbf0f3386b55b303d7105,0.9538061900989816,1.0,7.6,3
225,4b1b1894f964a520fff723e3,Broue Pub Brouhaha,2b9e2e02951cbf0f3386b55b303d7105,0.9821947233580964,2.0,8.4,5
226,51676069e4b033680a8dfe14,Pub Rosemont,2b9e2e02951cbf0f3386b55b303d7105,0.967215454551942,3.0,7.8,4
227,385f842eb1544d5374d781d2,Bar Taverne les Torchés,2b9e2e02951cbf0f3386b55b303d7105,0.2045144761537748,2.0,8.2,2
228,52d0c1cf11d267002e370708,Le Lexor Lounge,2b9e2e02951cbf0f3386b55b303d7105,0.5366917153724835,2.0,8.2,2
229,504eacfbe4b0225693eaa493,Bar Rolex,2b9e2e02951cbf0f3386b55b303d7105,0.6437017848094942,2.0,8.2,2
230,5c1c6c5db6b04b002ccde72c,Pub Papineau,2b9e2e02951cbf0f3386b55b303d7105,0.5065833137082789,2.0,8.2,1
231,4fe8fd83e4b07bc3afb58f88,Dice Club,2b9e2e02951cbf0f3386b55b303d7105,0.7230797776302925,2.0,8.2,1
232,5d16dd303f9ff700237563cf,Vinvinvin,07151bf35f8c11187f1e4e0c0311b250,0.9736810179337316,2.0,8.2,4
233,56168654498e0e25431da209,Nestor,07151bf35f8c11187f1e4e0c0311b250,0.9653528584783804,2.0,7.5,3
234,598528d34c954c7964d137f1,Arabica Lounge,16fb65f48b8435b23e10d3e232fd5f0c,0.9725106510522598,1.0,7.5,2
235,4ba6563bf964a520c54739e3,Jono Bar,26aa0933324c9525e24f3b802787f507,0.952849914720218,2.0,8.2,2
236,56d1423bcd10e735a3aa9b9e,Le Diplomate,7fb17e275b3e5006964621b39f5decbd,0.921927965345722,3.0,6.6,1
237,4deec8a4887754a6af84463d,Bar Chez P.P,5fe27f765b1c3a37dd8b9f9e155ebfff,0.8841907698016799,2.0,8.2,1
238,55634921498e57b144d55b38,Le Bar Loic,d63041391198f1496b84b02d71a3ed90,0.9726391059538848,3.0,8.6,3
239,5352e152498eb6d10554a79d,L'Annexe St-Ambroise (L’Annexe St-Ambroise),d63041391198f1496b84b02d71a3ed90,0.9359580951565366,1.0,8.6,3
240,4c4da7940d90b713fa1b8c78,Terrasse St-Ambroise,d63041391198f1496b84b02d71a3ed90,0.980967265409236,2.0,8.4,3
241,5a942e136fd6261fec882325,Cordova,d63041391198f1496b84b02d71a3ed90,0.941909838931826,1.0,8.5,4
242,4d26698977a2a1cd5b7c4fb7,Bar de Courcelles,d63041391198f1496b84b02d71a3ed90,0.952942687704725,1.0,8.1,4
243,5c0f61b6c53093002cc647d8,Messorem Bracitorium,d63041391198f1496b84b02d71a3ed90,0.9856487329351232,2.0,8.2,2
244,550cad24498ebe3e1243497c,Le Téquila Bar,d63041391198f1496b84b02d71a3ed90,0.968514276335039,1.0,6.1,4
245,4d631f182f16b60c1f0bddf4,Bar Bistro Notre Dame,d63041391198f1496b84b02d71a3ed90,0.9733955625967872,2.0,8.2,3
246,601ecd3cdde2dc05ebba243d,BarBara,d63041391198f1496b84b02d71a3ed90,0.971925467611524,2.0,8.2,3
247,5091f6a3e4b045f238965949,Le Saint Édouard,8569736c023d7713fa1054b1dc71a704,0.9352087748970576,2.0,7.4,4
248,4fcbb484e4b088c92e504205,Taverne St-Sacrement,8569736c023d7713fa1054b1dc71a704,0.9740877917888772,2.0,6.9,1
249,4b7482fef964a52007e12de3,Taverne Bar la Remise Inc,8569736c023d7713fa1054b1dc71a704,0.9623555774404648,2.0,6.3,1
250,4b4ea1d6f964a52004f326e3,Brasserie Chez Baptiste,8569736c023d7713fa1054b1dc71a704,0.9777773020188828,2.0,6.7,1
251,57d88695498e1975f1ea9ab4,The Whiskey Man,8569736c023d7713fa1054b1dc71a704,0.3782568669849493,2.0,8.2,1
252,5a220e62646e381283294b96,Les Garnements Rosemont,8569736c023d7713fa1054b1dc71a704,0.104597971839831,2.0,8.2,2
253,50ef7a9ce4b0568907fee592,Bar la Marche a Côté,8569736c023d7713fa1054b1dc71a704,0.926780706073776,2.0,8.2,1
254,553c653a498e6d24233fe909,Espace Urbain Montreal,8569736c023d7713fa1054b1dc71a704,0.1714872936693142,2.0,8.2,1
255,4dcca178d22deadedd26846f,La Succursale,c7c82cf193fdc50ec1a106c90cb51544,0.982844134249645,2.0,8.1,3
256,4fc04470e4b055703895014c,Broue Bar Gaspé,c7c82cf193fdc50ec1a106c90cb51544,0.112126856351738,2.0,8.2,1
257,4b09d277f964a5203d1e23e3,Bar Sel et Poivre,c7c82cf193fdc50ec1a106c90cb51544,0.9800323991807433,2.0,5.9,1
258,4cf59ee3e308236a18cbe1ac,Bar la Broue du Plateau Enr,531dfca0ea4152da1c5e60b7fa74ba1c,0.7315292556038451,2.0,8.2,1
259,572f7ede498e47f582ceb891,Igloo's - the One & Only,531dfca0ea4152da1c5e60b7fa74ba1c,0.0199676008192568,3.0,8.2,1
260,7976a909323e47727f89c030,Bistro Jono Bar 2201 Mont Royal e,531dfca0ea4152da1c5e60b7fa74ba1c,0.8996190724673447,2.0,8.2,1
261,4b8f064af964a520474533e3,La Distillerie,cf46557eb890581a5631cafc7b9a2bba,0.9646392201360194,3.0,8.6,1
262,514ce722e412d48b33804432,N sur Mackay,4249917b3ff262f4cd831f8ea34cf74e,0.954163009270162,3.0,7.5,2
263,54555de1498e9def9130414f,Kinka Izakaya Montreal,4249917b3ff262f4cd831f8ea34cf74e,0.9361079592084324,2.0,6.9,2
264,4b439640f964a520c8e325e3,Station des Sports,4249917b3ff262f4cd831f8ea34cf74e,0.9805248096369722,2.0,6.3,2
265,4bd22df641b9ef3b3d8dfde5,Forum Sports Bar,4249917b3ff262f4cd831f8ea34cf74e,0.5579795471251079,1.0,6.0,2
266,4b9bbda8f964a520e41f36e3,La Boîte à Karaoke,4249917b3ff262f4cd831f8ea34cf74e,0.8863174120619153,2.0,6.0,1
267,4b648e7ff964a52062bd2ae3,Forum de Montréal,4249917b3ff262f4cd831f8ea34cf74e,0.9910581115702184,2.0,5.6,2
268,20fe087931c843b37861467e,G a Delicatessen,4249917b3ff262f4cd831f8ea34cf74e,0.4501191692202928,2.0,8.2,1
269,4ad4c06af964a52000f920e3,McKibbin's Irish Pub,7b28024fd4c90ded38fc0447771d1ca4,0.9866406902310048,2.0,7.8,14
270,4ad4c06bf964a52034f920e3,Hurley's Irish Pub,7b28024fd4c90ded38fc0447771d1ca4,0.9784195765270076,2.0,7.7,5
271,4ad4c06af964a5200df920e3,Brutopia,f05dc5b7b3635787d9fe3fd8565bee7a,0.9858842335881022,1.0,7.7,5
272,4ae09422f964a5208b8021e3,La Cage Aux Sports,f7b1f88c4f4e3231537dd0a5a7397287,0.9883034675687056,1.0,6.2,2
273,5c4b95c8b1538e002ca1972f,Broken Coconut,c0bf44a23aa9fdfd893bd437866dbf2a,0.1449470837169139,3.0,8.2,1
274,4af4c731f964a52019f621e3,Ye Olde Orchard Pub & Grill,d1c5df1e255b5babc511fd7d2cf91997,0.9644822197007,2.0,7.9,22
275,4addf655f964a520c66621e3,Thomson House,4dfba1c78f4c98769c58749cb8f10472,0.9665660436603938,2.0,8.0,1
276,4d2b5ed38292236ac68a33bb,Purple Haze,dfaab1117322af6f88c48893144bcf6f,0.8898356490897543,3.0,8.2,1
277,37278bd1603f446911800f2e,Riverside St-Henri,dfaab1117322af6f88c48893144bcf6f,0.8996190724673447,2.0,8.2,1
278,ae949ebcacc2473167faec57,Toucan,e1d27e3bb1414d200aac4dbc156450d7,0.8996190724673447,2.0,8.2,1
279,4ccb26d8b571b60c581eca65,Domaine Papineau,955f8b917ca4548746c2189a36b96fb2,0.1961292256310347,3.0,8.2,1
280,4b4e665ef964a52056ec26e3,Complexe Sky,63c25a074954b752156b8c981b4e1f99,0.9793829882891948,2.0,7.1,1
281,4fd28960e4b00f27bcbd0ac5,Sky Pub Terrasse,63c25a074954b752156b8c981b4e1f99,0.901382317469153,2.0,7.0,1
282,4b887358f964a520ccf831e3,Bar le Cocktail,63c25a074954b752156b8c981b4e1f99,0.965467040613158,2.0,6.6,1
283,550b5c1f498ed654c5c0df00,Broue Pub Brouhaha Papineau,7eaaf829040807e1e2c7091f2866f62e,0.998544177781584,2.0,6.9,1
284,513ca53ae4b09233464f0ccb,Bar le Grand Chapeau,286671379fa925e68543ac801281068b,0.9974594475011952,2.0,8.2,1
285,581283b738faee396e63500f,Cafe Baraki,286671379fa925e68543ac801281068b,0.1402870253412975,2.0,8.2,1
286,5b44d6fb835c9a002cf848c2,Bar Café Loutraki,286671379fa925e68543ac801281068b,0.9394192411169868,2.0,8.2,1
287,62388992446d46be5b028b97,Brasserie Quebecoise,aa4100b71e77eb483a5d173547e56ab6,0.1678905564238155,2.0,8.2,1
288,4b5bf7ddf964a5206a1f29e3,Yer'Mad Bistro Bar,b9d14281ceeaf9913a820adab2e125c6,0.9760859791474876,2.0,7.5,1
289,4ad4c06af964a520fcf820e3,McLean's Pub,ac93999c9a8a448cf9db2701716fa637,0.9899591085229827,1.0,7.7,1
290,4ced962662ef6dcb6270f359,Bar U-Turn,cfc09f1f86e151cf8778b662a3d3650b,0.94235229470409,2.0,8.2,2
291,53080654498e6684dfd9aadf,Bar Monaco,cfc09f1f86e151cf8778b662a3d3650b,0.1173150071007015,2.0,8.2,2
292,5cb26a6c9fca56002cb3474b,Billy Buck,cfc09f1f86e151cf8778b662a3d3650b,0.0738472956675016,1.0,8.2,2
293,4f74c0f19c60489d5b7697d2,Cafe Sport Alex,cfc09f1f86e151cf8778b662a3d3650b,0.5543614007293384,2.0,8.2,2
294,4dfac788e4cd567936072592,Aquarium Café Bar,cfc09f1f86e151cf8778b662a3d3650b,0.9393835591998688,2.0,8.2,1
295,5a275c644b78c5058d9c9e6f,Clandestino,d5193bc68b01855a79fd8c694ef2e2f9,0.9458633953485052,3.0,7.8,1
296,4bf71147508c0f476c403d31,BEVO Bar + Pizzeria,0a3aa715457ea0c777ddd396228eafd1,0.9628337151298464,2.0,7.6,1
297,5b91f01e018cbb002c2d7736,Le 409,7214c61eb7f8d875d6db8db935ad16ea,0.9589015678634382,2.0,7.1,1
298,5866b5cbb6e67d6edd13ad8b,Pub Saint Pierre,7214c61eb7f8d875d6db8db935ad16ea,0.9596080698223756,1.0,7.2,1
299,4ad4c06bf964a52075f920e3,Bar le Confessionnal,7214c61eb7f8d875d6db8db935ad16ea,0.8885867819906228,2.0,6.6,1
300,5b0ac711f193c0002c18040b,King Crab,31c3024050ee6f3e44c85eceae251db1,0.9118942102521284,3.0,8.2,1
301,597bf745033693058a6a4ba7,Ti-Agrikol,15f3a0b338dba26f99a8df6fab3fdbc7,0.2896800759311196,3.0,7.2,1
302,582a9f8f70fc422c2d6de1f7,Le MTL Bar,15f3a0b338dba26f99a8df6fab3fdbc7,0.95142977441892,2.0,6.1,1
303,5b20670be1f0aa002c41bab6,Les Enfants du Rock MTL,15f3a0b338dba26f99a8df6fab3fdbc7,0.9621200767874856,2.0,8.2,1
