,bar_name,station_id,popularity,review_count,price,total_counts,rating
0,Le 4e Mur,36c6491aa1b52e5ef7005f984738de27,0.9660450876704704,99.0,3.0,11.0,4.25
1,Le Saint Bock,36c6491aa1b52e5ef7005f984738de27,0.9801108993984028,71.0,2.0,9.0,4.15
2,Brasserie Artisanale l'Amère a Boire Inc,36c6491aa1b52e5ef7005f984738de27,0.9608640733049304,84.0,2.0,8.0,4.05
3,Cadet,36c6491aa1b52e5ef7005f984738de27,0.9811314022279788,93.0,2.0,23.0,4.75
4,Pub l'Ile Noire,36c6491aa1b52e5ef7005f984738de27,0.9757577055100016,69.0,2.0,6.0,3.9
5,Renard,36c6491aa1b52e5ef7005f984738de27,0.982351723793416,21.0,3.0,12.0,4.45
6,Le Cheval Blanc,36c6491aa1b52e5ef7005f984738de27,0.9835434998251588,61.0,2.0,2.0,3.85
7,Cabaret Mado,36c6491aa1b52e5ef7005f984738de27,0.9631976706844504,27.0,2.0,11.0,4.15
8,Le Red Tiger,36c6491aa1b52e5ef7005f984738de27,0.9686926859206292,137.0,2.0,9.0,4.1
9,Patrick'S Pub Irlandais,36c6491aa1b52e5ef7005f984738de27,0.9720539225131488,98.0,2.0,2.0,3.8
10,Madame Smith,65f5707d61306518123222b4680bc282,0.9703982815588716,96.0,2.0,7.0,3.95
11,L'Espace Public-Brasseurs de Quartier,65f5707d61306518123222b4680bc282,0.9792117150870282,54.0,2.0,5.0,4.35
12,Le Trèfle - Taverne Irlandaise,65f5707d61306518123222b4680bc282,0.9747800209809672,72.0,2.0,7.0,3.8
13,Le Blind Pig,65f5707d61306518123222b4680bc282,0.9773419826300428,25.0,1.0,7.0,3.45
14,Brasserie de Lasalle Enr,65f5707d61306518123222b4680bc282,0.5996988446195237,24.0,2.0,5.0,4.1
15,La Nef,65f5707d61306518123222b4680bc282,0.7792359787906684,72.0,2.0,7.0,4.1
16,Bar le Bureau,65f5707d61306518123222b4680bc282,0.9100102050282958,26.0,2.0,3.0,4.1
17,Bar l'Assemblée,65f5707d61306518123222b4680bc282,0.9256460211094222,48.0,2.0,4.0,4.1
18,Taverne l'Escale,65f5707d61306518123222b4680bc282,0.9412247461231597,96.0,2.0,4.0,4.1
19,Loupblond,65f5707d61306518123222b4680bc282,0.0338264574279046,34.0,2.0,4.0,4.1
20,Rouge Gorge,0e58810dea9e4869279089cb8576642f,0.9532210066582456,18.0,2.0,11.0,4.1
21,Pub West Shefford,0e58810dea9e4869279089cb8576642f,0.9640326275450128,83.0,2.0,8.0,4.05
22,Bily Kun,0e58810dea9e4869279089cb8576642f,0.956589379634189,68.0,2.0,13.0,4.15
23,La Distillerie No2,0e58810dea9e4869279089cb8576642f,0.968492867184768,58.0,2.0,7.0,4.15
24,Fitzroy,0e58810dea9e4869279089cb8576642f,0.975493659323328,46.0,2.0,8.0,3.8
25,Bar Plan B,0e58810dea9e4869279089cb8576642f,0.9550265116644188,35.0,2.0,7.0,3.85
26,A Bar,0e58810dea9e4869279089cb8576642f,0.9262882956175468,93.0,2.0,2.0,3.85
27,Cafe-Bar le Boudoir,0e58810dea9e4869279089cb8576642f,0.9252606564045474,39.0,1.0,4.0,3.7
28,Le Terminal,0e58810dea9e4869279089cb8576642f,0.9725748785030722,33.0,2.0,6.0,3.75
29,Aux Verres Stérilisés Inc,0e58810dea9e4869279089cb8576642f,0.9487893125521848,73.0,2.0,1.0,3.4
30,132 Bar Vintage,eeda0f4010f34ca2199f3585a76fef66,0.935308684264988,53.0,3.0,3.0,4.15
31,Les Cavistes,eeda0f4010f34ca2199f3585a76fef66,0.9494744053608511,13.0,2.0,3.0,3.95
32,Uber Cafbar,eeda0f4010f34ca2199f3585a76fef66,0.954748192710898,88.0,2.0,4.0,3.75
33,In Vino Veritas,eeda0f4010f34ca2199f3585a76fef66,0.3041669342810451,21.0,2.0,3.0,4.1
34,Bienvenu Bar Salon,eeda0f4010f34ca2199f3585a76fef66,0.937228371405939,14.0,2.0,4.0,4.1
35,Bar Lajeunesse,eeda0f4010f34ca2199f3585a76fef66,0.5046993084844462,80.0,2.0,2.0,4.1
36,Bar Ahuntsic,eeda0f4010f34ca2199f3585a76fef66,0.9933060723486552,61.0,2.0,3.0,4.1
37,Le Rendez Vous du Thé,eeda0f4010f34ca2199f3585a76fef66,0.9319260385221976,98.0,2.0,3.0,4.1
38,Le Pourvoyeur,eeda0f4010f34ca2199f3585a76fef66,0.9605215269005972,94.0,3.0,7.0,4.1
39,Lanny Izakaya,eeda0f4010f34ca2199f3585a76fef66,0.8996190724673447,42.0,2.0,4.0,4.1
40,Resto-Bar Lucky 7,8140fc3c3486abf913b0bd9211926f2b,0.6085265509145276,39.0,2.0,6.0,4.1
41,Brasserie Place 37,8140fc3c3486abf913b0bd9211926f2b,0.8063542358003811,97.0,2.0,2.0,4.1
42,Perandello Sport Bar,8140fc3c3486abf913b0bd9211926f2b,0.3135084601825487,19.0,2.0,2.0,4.1
43,Brasserie Chez le Pere Gedeon,8140fc3c3486abf913b0bd9211926f2b,0.8996190724673447,73.0,2.0,6.0,4.1
44,Chez Baptiste Sur Masson,e287c24d95d9f0e3767d167d83ecebcd,0.9611780741755692,79.0,2.0,3.0,3.5
45,Morelli,e287c24d95d9f0e3767d167d83ecebcd,0.1116772641960507,3.0,2.0,7.0,4.1
46,Taverne Morelli,e287c24d95d9f0e3767d167d83ecebcd,0.8996190724673447,5.0,2.0,4.0,4.1
47,Cherry Bar Inc,bfc27d829d7ce8c0f9e55b1cab901cbb,0.9025526843506247,64.0,2.0,4.0,4.1
48,Action Production a N J,bfc27d829d7ce8c0f9e55b1cab901cbb,0.8996190724673447,75.0,2.0,2.0,4.1
49,Vin Prendre Une Bière,1ff33fd73e2add3c30fcd821850dccd3,0.6761509202366425,51.0,2.0,2.0,4.1
50,Resto Bar Trophys,1ff33fd73e2add3c30fcd821850dccd3,0.978269712475112,83.0,2.0,2.0,4.1
51,Solevino,1ff33fd73e2add3c30fcd821850dccd3,0.3006629700200532,21.0,2.0,2.0,4.1
52,Resto Bar Beauharnois,1ff33fd73e2add3c30fcd821850dccd3,0.0584755257730487,99.0,2.0,4.0,4.1
53,Le Bar Salon Solid Gold Inc,1ff33fd73e2add3c30fcd821850dccd3,0.9777630292520356,58.0,2.0,4.0,4.1
54,Pub Pit Caribou,2501128835e132f929d56798aa789839,0.9676079556402406,96.0,2.0,3.0,4.2
55,Le Royal,2501128835e132f929d56798aa789839,0.0782647170067153,80.0,3.0,4.0,4.25
56,Grenade - Resto-bar et terrasse,2501128835e132f929d56798aa789839,0.9634545804877004,52.0,2.0,5.0,4.0
57,Barraca Rhumerie,2501128835e132f929d56798aa789839,0.925867248995554,10.0,1.0,3.0,3.7
58,Marconi,00c210cb99cf9d1b923c1548938aee56,0.9641682188300612,53.0,2.0,5.0,4.5
59,Brasserie Harricana,00c210cb99cf9d1b923c1548938aee56,0.9738380183690508,3.0,2.0,6.0,4.4
60,Birra,00c210cb99cf9d1b923c1548938aee56,0.9846995939397832,76.0,2.0,6.0,4.05
61,Vices & Versa Bistro du Terroir Inc,00c210cb99cf9d1b923c1548938aee56,0.9729459704411,4.0,2.0,5.0,4.25
62,Yïsst,00c210cb99cf9d1b923c1548938aee56,0.9680718205627752,78.0,2.0,4.0,4.25
63,Bar le Vestiaire,00c210cb99cf9d1b923c1548938aee56,0.987418556024178,36.0,2.0,6.0,4.05
64,Cicchetti,00c210cb99cf9d1b923c1548938aee56,0.9682930484489072,87.0,2.0,7.0,3.95
65,Huis Clos,00c210cb99cf9d1b923c1548938aee56,0.9449428018868598,17.0,2.0,6.0,4.0
66,Bar St-Denis,00c210cb99cf9d1b923c1548938aee56,0.9759075695618974,48.0,2.0,5.0,3.45
67,Notre Dame des Quilles,00c210cb99cf9d1b923c1548938aee56,0.944792937834964,36.0,2.0,1.0,3.6
68,Taverne Cobra,f9bb106633ce38eeec6728faed3155ad,0.9416457927451526,75.0,1.0,1.0,3.7
69,Miss Villeray,f9bb106633ce38eeec6728faed3155ad,0.9518080027403713,2.0,2.0,4.0,3.55
71,Buvette Chez Simone,a32e2261fca6732a8f47eec9fef69017,0.944899983586318,118.0,2.0,6.0,4.5
72,Darling,a32e2261fca6732a8f47eec9fef69017,0.9799039442791182,40.0,3.0,10.0,4.6
73,Salon Daome,a32e2261fca6732a8f47eec9fef69017,0.4863088484018069,32.0,1.0,11.0,4.25
74,Le Majestique,a32e2261fca6732a8f47eec9fef69017,0.976735390039036,204.0,2.0,10.0,4.5
75,Brasserie Dieu du Ciel,a32e2261fca6732a8f47eec9fef69017,0.9624340776581244,34.0,2.0,8.0,4.55
76,Casa del Popolo,a32e2261fca6732a8f47eec9fef69017,0.9515510929371214,26.0,2.0,9.0,4.1
77,Réservoir,a32e2261fca6732a8f47eec9fef69017,0.9639898092444712,65.0,1.0,10.0,4.25
78,Bar Suzanne,a32e2261fca6732a8f47eec9fef69017,0.9591085229827228,48.0,2.0,8.0,4.15
79,Bar Henrietta,a32e2261fca6732a8f47eec9fef69017,0.9574314728781748,42.0,3.0,7.0,4.0
80,Bar le Mal Nécessaire,f332a5c6e3f7fc73096885d6efc0f829,0.9816666309847496,2.0,3.0,21.0,4.4
81,Sainte-Elisabeth,f332a5c6e3f7fc73096885d6efc0f829,0.972631969570461,68.0,2.0,4.0,4.0
82,Bar Zoe Karaoke et Cocktails,0243c740e1d4fe272e0c414cdd900c7d,0.9857700514533244,65.0,2.0,4.0,3.8
83,Bar Hélène,0243c740e1d4fe272e0c414cdd900c7d,0.4761680475568591,48.0,2.0,5.0,4.1
84,Beamers Bar,0243c740e1d4fe272e0c414cdd900c7d,0.0980610446238055,44.0,2.0,5.0,4.1
85,Café Bar Brewski's,0243c740e1d4fe272e0c414cdd900c7d,0.7973053016192454,37.0,2.0,3.0,4.1
86,Au Ptit Buck,0243c740e1d4fe272e0c414cdd900c7d,0.379976735390039,59.0,2.0,5.0,4.1
87,Bar Excel,0243c740e1d4fe272e0c414cdd900c7d,0.9512014101493644,6.0,3.0,5.0,4.1
88,Bar Zoe,0243c740e1d4fe272e0c414cdd900c7d,0.8996190724673447,55.0,2.0,4.0,4.1
89,Empire Cafe,278e51e3bb2d95cf556a62edff8f95ec,0.475111862810165,88.0,1.0,3.0,4.1
90,Chez Momo,278e51e3bb2d95cf556a62edff8f95ec,0.8996190724673447,19.0,2.0,1.0,4.1
91,Bar 1370,278e51e3bb2d95cf556a62edff8f95ec,0.8996190724673447,83.0,2.0,2.0,4.1
92,Limite08,700cf042fd8763ec6c702d94d5b6689b,0.7328923048377544,82.0,2.0,2.0,4.1
93,Taverne La-Paz,700cf042fd8763ec6c702d94d5b6689b,0.4427769095177946,71.0,2.0,2.0,4.1
94,Ruelle des papillons,700cf042fd8763ec6c702d94d5b6689b,0.1802507725135056,87.0,3.0,3.0,4.1
95,Le Grand Lionel,700cf042fd8763ec6c702d94d5b6689b,0.8996190724673447,19.0,2.0,3.0,4.1
96,Boswell Brasserie Artisanale,82cc3be4d76f16ca475536a6e07461c5,0.97502265801737,36.0,2.0,7.0,4.15
97,Bar Davidson,0f8246e77098962beaa5e48211a7cff8,0.9615777116472912,1.0,1.0,4.0,2.85
98,Bar St Vincent,0f8246e77098962beaa5e48211a7cff8,0.908326018540324,18.0,2.0,4.0,4.1
99,Blockhaus,0f8246e77098962beaa5e48211a7cff8,0.981623812684208,98.0,3.0,4.0,4.1
100,Brasserie des Patriotes,0f8246e77098962beaa5e48211a7cff8,0.9607427547867292,3.0,1.0,3.0,2.7
101,Ping Pong Club,c8aba35f90d2eeada8a20ea7915c943a,0.9569319260385222,36.0,2.0,5.0,4.05
102,Bishop & Bagg,c8aba35f90d2eeada8a20ea7915c943a,0.955968514276335,70.0,2.0,6.0,4.3
103,Isle de Garde,c8aba35f90d2eeada8a20ea7915c943a,0.97061237306158,53.0,3.0,4.0,4.55
104,Whisky Café,c8aba35f90d2eeada8a20ea7915c943a,0.8980139444932097,37.0,3.0,4.0,3.8
105,Nacho Libre,c8aba35f90d2eeada8a20ea7915c943a,0.9636686719904088,61.0,2.0,4.0,3.9
106,Bar Waverly,c8aba35f90d2eeada8a20ea7915c943a,0.9615634388804442,53.0,1.0,4.0,3.7
107,Bar Tapas Taza Flores,c8aba35f90d2eeada8a20ea7915c943a,0.9264310232860192,88.0,3.0,3.0,3.9
108,The Emerald,c8aba35f90d2eeada8a20ea7915c943a,0.9233052873464784,85.0,3.0,2.0,3.85
109,Bières Jukebox,0d4d6ab1ff41bf892ecbb0e09a8e2f40,0.8779036160054807,58.0,2.0,4.0,4.1
110,MaBrasserie,e335f2f5ad674c200bb9795ee863749c,0.965759632333526,80.0,2.0,5.0,4.5
111,La Distillerie No 3,e335f2f5ad674c200bb9795ee863749c,0.9546696924932384,93.0,2.0,4.0,4.1
112,Quai No.4,e335f2f5ad674c200bb9795ee863749c,0.9562682423801266,43.0,3.0,3.0,4.0
113,Verre Bouteille,e335f2f5ad674c200bb9795ee863749c,0.9658952236185746,85.0,1.0,4.0,3.45
114,Bar Lounge Lobby,e335f2f5ad674c200bb9795ee863749c,0.9181100002140916,40.0,3.0,2.0,3.2
115,La Porte Rouge,e335f2f5ad674c200bb9795ee863749c,0.9208146895316393,94.0,2.0,4.0,3.15
116,Pub BreWskey,30efd061ab22a0caa3dc67f5e027154e,0.9912079756221144,71.0,1.0,7.0,4.45
117,Cold Room,30efd061ab22a0caa3dc67f5e027154e,0.9576598371477304,73.0,3.0,9.0,4.35
118,Perché,30efd061ab22a0caa3dc67f5e027154e,0.9697274615170524,9.0,2.0,7.0,4.15
119,Terrasse Place d'Armes,30efd061ab22a0caa3dc67f5e027154e,0.9753223861211616,68.0,3.0,17.0,4.4
120,Modavie,30efd061ab22a0caa3dc67f5e027154e,0.9911294754044544,8.0,2.0,12.0,4.25
121,Pub Wolf & Workman,30efd061ab22a0caa3dc67f5e027154e,0.9745017020274466,59.0,2.0,16.0,4.4
122,Rebel Brasserie Urbaine,76d6ac391db2e789d1696e32fccf92f6,0.8936393414545377,31.0,3.0,6.0,4.05
123,Bar l'aigle Noir,76d6ac391db2e789d1696e32fccf92f6,0.9849279582093386,20.0,2.0,5.0,3.95
124,Bar le Stud,76d6ac391db2e789d1696e32fccf92f6,0.993470209167398,74.0,2.0,6.0,3.75
125,Bistro Tendresse,76d6ac391db2e789d1696e32fccf92f6,0.9561112419448072,17.0,3.0,4.0,3.9
126,Le National,76d6ac391db2e789d1696e32fccf92f6,0.9417028838125416,65.0,2.0,3.0,3.8
127,Bar Stock&Lounge,76d6ac391db2e789d1696e32fccf92f6,0.9770708000599456,99.0,2.0,2.0,3.7
128,District Video Lounge,76d6ac391db2e789d1696e32fccf92f6,0.9774418919979732,6.0,3.0,5.0,3.65
129,Tiradito,cecb49c91023c7469470569da814659e,0.9509516367295382,150.0,2.0,20.0,4.3
130,Nacarat,cecb49c91023c7469470569da814659e,0.9825586789127008,28.0,3.0,25.0,4.45
131,Escondite,cecb49c91023c7469470569da814659e,0.9734026989802108,247.0,2.0,43.0,4.35
132,Nyks Bistro Pub,cecb49c91023c7469470569da814659e,0.992235614835114,83.0,2.0,22.0,4.4
133,Tommy,cecb49c91023c7469470569da814659e,0.9809387198755416,63.0,1.0,15.0,4.2
134,Bord'Elle,cecb49c91023c7469470569da814659e,0.974730066297002,14.0,3.0,4.0,3.9
135,Soubois,69f583a85e1a83b443c203b781bfc0c9,0.9849850492767276,38.0,2.0,18.0,4.25
136,Bar George,69f583a85e1a83b443c203b781bfc0c9,0.977284891562654,70.0,3.0,17.0,4.25
137,Bar Cloakroom,69f583a85e1a83b443c203b781bfc0c9,0.9756506597586476,11.0,3.0,14.0,4.3
138,Ye Olde Orchard Pub & Grill,69f583a85e1a83b443c203b781bfc0c9,0.9777987111691536,69.0,2.0,22.0,4.15
140,Brass Door,69f583a85e1a83b443c203b781bfc0c9,0.9632333526015686,76.0,1.0,6.0,4.0
141,Upstairs Jazz Bar & Grill,69f583a85e1a83b443c203b781bfc0c9,0.9832152261876728,89.0,2.0,17.0,4.2
142,C'Cho-Colat,69f583a85e1a83b443c203b781bfc0c9,0.9745587930948354,49.0,1.0,12.0,4.05
143,La Cage,7efdfc0229daac74cfa58a8a39d13ac2,0.99533280524096,83.0,1.0,12.0,4.2
144,Benelux,650b371db12a750bd2db8da8ecfa0890,0.9899876540566772,127.0,1.0,11.0,4.25
145,Pullman,650b371db12a750bd2db8da8ecfa0890,0.969534779164615,204.0,2.0,16.0,4.3
146,McKibbin's Irish Pub,650b371db12a750bd2db8da8ecfa0890,0.9877182841279696,62.0,2.0,14.0,4.1
147,Biiru,650b371db12a750bd2db8da8ecfa0890,0.96940632426299,45.0,2.0,11.0,4.1
148,Siboire,1013ec013026d8e51b4e126c5c72c5c8,0.9792045787036046,85.0,2.0,4.0,3.85
149,Taverne Metro-Pub,04f6eaaa0d7993020973687c13f41663,0.9615563024970204,84.0,2.0,4.0,4.1
150,Bar Sexe Mania,04f6eaaa0d7993020973687c13f41663,0.9524574136319196,63.0,2.0,3.0,4.1
151,The Kath Women,04f6eaaa0d7993020973687c13f41663,0.0899612494380098,64.0,1.0,3.0,4.1
152,Bar Fullum,04f6eaaa0d7993020973687c13f41663,0.9643252192653808,1.0,2.0,4.0,4.1
153,Pro Max Pub,04f6eaaa0d7993020973687c13f41663,0.3763371798439986,64.0,2.0,3.0,4.1
154,Pro-Max Pub,04f6eaaa0d7993020973687c13f41663,0.1991978705031864,46.0,2.0,2.0,4.1
155,Astral 2000,04f6eaaa0d7993020973687c13f41663,0.9325112219629336,33.0,2.0,1.0,2.6
156,Alfred's Damn Right Joint,04f6eaaa0d7993020973687c13f41663,0.8996190724673447,52.0,2.0,2.0,4.1
157,Bier Markt,81e413363c9c2b6933f4706dd9fafc6b,0.99135783967401,27.0,2.0,6.0,3.85
158,Etoh Brasserie,f9d30314d14794ea0c378ba2c1ee0c5d,0.9894881072170244,46.0,2.0,4.0,4.2
159,Bar la Québécoise,f9d30314d14794ea0c378ba2c1ee0c5d,0.9044438259578812,13.0,1.0,4.0,3.55
160,Bar Pam Pam,9836aac1ee4659e9103ab4a3ac10c9e0,0.81946377214955,89.0,1.0,4.0,4.1
161,Ritz Bar,9836aac1ee4659e9103ab4a3ac10c9e0,0.4635366488970719,46.0,2.0,2.0,4.1
162,Cozmos Café Bar,9836aac1ee4659e9103ab4a3ac10c9e0,0.9908154745338158,81.0,1.0,4.0,4.1
163,Bande Paul,9836aac1ee4659e9103ab4a3ac10c9e0,0.5851477588187858,69.0,2.0,3.0,4.1
164,Bar Sportivo,9836aac1ee4659e9103ab4a3ac10c9e0,0.9392979225987854,33.0,1.0,1.0,2.85
165,Kamehameha Snack-Bar,6086b10ac3a09a5ad176d6a32deaf0ad,0.9050504185488878,93.0,2.0,1.0,3.65
166,Le Bureau Bar a Tapas,ede6b6e636d0057c3569441aad58f64c,0.9452425299906514,74.0,3.0,16.0,4.15
167,Monopole,ede6b6e636d0057c3569441aad58f64c,0.9713117386370936,21.0,1.0,11.0,4.35
168,Zibo,ede6b6e636d0057c3569441aad58f64c,0.9882178309676224,54.0,2.0,9.0,3.9
169,Milky Way Cocktail Bar,ede6b6e636d0057c3569441aad58f64c,0.9785551678120562,9.0,3.0,6.0,4.3
170,Bird Bar,ede6b6e636d0057c3569441aad58f64c,0.9537490990315928,69.0,1.0,8.0,3.95
171,Knox Taverne,ede6b6e636d0057c3569441aad58f64c,0.9693278240453304,98.0,2.0,7.0,4.05
172,New City Gas,ede6b6e636d0057c3569441aad58f64c,0.9793901246726184,72.0,2.0,9.0,3.85
173,Lord William Pub,ede6b6e636d0057c3569441aad58f64c,0.98012517216525,72.0,1.0,9.0,3.75
174,Resto-pub le 100 génies,ede6b6e636d0057c3569441aad58f64c,0.9895737438181078,34.0,2.0,5.0,3.25
175,Association Montréal Beach,ede6b6e636d0057c3569441aad58f64c,0.4137746472842493,30.0,2.0,1.0,4.1
176,Le Vin Papillon,444448176f019fa75930cba6037f6ed8,0.9511300463151284,145.0,3.0,11.0,4.55
177,Burgundy Lion,444448176f019fa75930cba6037f6ed8,0.9686998223040528,43.0,2.0,11.0,4.35
178,Atwater Cocktail Club,444448176f019fa75930cba6037f6ed8,0.9870117821690324,120.0,3.0,8.0,4.35
179,Drinkerie Ste-Cunégonde,444448176f019fa75930cba6037f6ed8,0.9665303617432758,84.0,2.0,8.0,3.75
180,El Gordo,444448176f019fa75930cba6037f6ed8,0.950152361786094,79.0,2.0,8.0,3.6
181,Moose Bawr,444448176f019fa75930cba6037f6ed8,0.983372226622992,81.0,2.0,3.0,3.8
182,Kampai Garden,444448176f019fa75930cba6037f6ed8,0.9794043974394656,95.0,1.0,3.0,3.6
183,Paperplane MTL,f9cff3cd7959287708ec2346fdc9f24c,0.6844790796919937,5.0,2.0,6.0,3.1
184,Cafeteria BBR,f9cff3cd7959287708ec2346fdc9f24c,0.8425571089083475,10.0,3.0,1.0,4.1
185,Bar,f9cff3cd7959287708ec2346fdc9f24c,0.9444860733477488,69.0,2.0,3.0,4.1
186,Cyr,f9cff3cd7959287708ec2346fdc9f24c,0.0432893018476096,6.0,2.0,3.0,4.1
187,Stem Bar,f9cff3cd7959287708ec2346fdc9f24c,0.9175034076230848,73.0,2.0,2.0,4.1
188,Else's,0c9cd68aa1bd69a080463ce7f302337c,0.95186509380776,122.0,2.0,8.0,4.15
189,Tattoo Box Montreal,0c9cd68aa1bd69a080463ce7f302337c,0.8865457763314707,43.0,2.0,3.0,4.0
190,North Star Machines à Piastres,c6315ed8be3d1b1db4e1743fd8cf702d,0.9935915276855994,10.0,2.0,2.0,3.8
191,Taverne Atlantic,9fce8c378d9e1fc9d96999ff50a71f6a,0.9879109664804072,76.0,2.0,1.0,4.1
192,Boucherie Bar à vin Provisions,9fce8c378d9e1fc9d96999ff50a71f6a,0.9699629621700314,62.0,2.0,1.0,4.1
193,TAS Café Bistro Lounge,9fce8c378d9e1fc9d96999ff50a71f6a,0.9509445003461146,72.0,1.0,1.0,4.1
194,Wills,9fce8c378d9e1fc9d96999ff50a71f6a,0.9800752174812848,99.0,2.0,2.0,4.1
195,Taverne Portara,9fce8c378d9e1fc9d96999ff50a71f6a,0.8996190724673447,15.0,2.0,2.0,4.1
196,Le Off Miss Villeray,3da178370890fe8edbd73af1c48b6fa7,0.7673324912400894,32.0,3.0,3.0,4.1
197,Raphaël Bistrot Bar à Vins,3da178370890fe8edbd73af1c48b6fa7,0.8996190724673447,2.0,2.0,2.0,4.1
198,Autos Lajeunesse,3da178370890fe8edbd73af1c48b6fa7,0.029116444368323,98.0,2.0,4.0,4.1
199,Le Petit 26,3da178370890fe8edbd73af1c48b6fa7,0.5650517030979041,58.0,2.0,4.0,4.1
200,Chez Josie,3da178370890fe8edbd73af1c48b6fa7,0.9722394684821626,54.0,3.0,2.0,4.1
201,Etna,3da178370890fe8edbd73af1c48b6fa7,0.8870595959379706,98.0,2.0,2.0,4.1
202,Bar le Record,8ae2d0c3c6bfb29c5614921e85221107,0.9683572758997196,83.0,2.0,3.0,4.1
203,Bistro Bar Bizzwack,8ae2d0c3c6bfb29c5614921e85221107,0.1413003917874499,79.0,2.0,3.0,4.1
204,Bar Cafe EVA,73eda86efde149b545d1e7646de05cd6,0.3844012931126763,40.0,2.0,1.0,4.1
205,SuWu,4752f08cc123b7e93771ee25c318efee,0.917703226358946,16.0,2.0,3.0,4.0
206,Bar Chez Pierre,4c87345d7a652a966f526460dfa264c5,0.6158342075403027,32.0,2.0,2.0,4.1
207,Porto Lounge,4c87345d7a652a966f526460dfa264c5,0.6713624069594011,3.0,3.0,2.0,4.1
208,Bar Pamplemousse,eb0fd4c2ab7be34b815978bb8ebfbe65,0.9779271660707788,45.0,2.0,4.0,4.0
209,Foufounes Electriques,eb0fd4c2ab7be34b815978bb8ebfbe65,0.9900661542743368,90.0,1.0,3.0,3.95
210,Bar Taboo,75029d868bd65133941f05b6d4fa2daf,0.9839502736803044,69.0,2.0,3.0,2.9
211,Bar le Jockey,5e32fab9110f792cab5784b893f3a1af,0.9601147530454516,64.0,2.0,3.0,3.95
212,Bar Tennesse,5e32fab9110f792cab5784b893f3a1af,0.90285954883784,67.0,1.0,2.0,4.1
213,Bar Coucou,5e32fab9110f792cab5784b893f3a1af,0.0986034097639998,81.0,2.0,1.0,4.1
214,Bar la Plaza,5e32fab9110f792cab5784b893f3a1af,0.8730151933603089,5.0,1.0,2.0,4.1
215,Bar 1650,5e32fab9110f792cab5784b893f3a1af,0.9283007557430044,7.0,2.0,1.0,4.1
216,Le Système,5e32fab9110f792cab5784b893f3a1af,0.9573244271268206,20.0,2.0,2.0,4.1
217,Helm Brasseur Gourmand,462e77d533503e90f53675acf2f9ddcc,0.9609711190562846,87.0,2.0,1.0,3.7
218,Billard Eljumelgi,e61bdf615b9672bd815d52f210429d3c,0.3704353907526743,47.0,2.0,2.0,4.1
219,Nhâu Bar,81835dccb50d8900b00cc0a3ea1b480f,0.9657739051003732,48.0,2.0,9.0,4.0
220,Boho,81835dccb50d8900b00cc0a3ea1b480f,0.7775375195358496,41.0,3.0,2.0,4.15
221,Méchant Bœuf Bar & Brasserie,81835dccb50d8900b00cc0a3ea1b480f,0.9546411469595438,19.0,2.0,7.0,4.1
222,Philemon Bar,81835dccb50d8900b00cc0a3ea1b480f,0.9552834214676686,76.0,2.0,5.0,4.0
223,Bistro-Brasserie les Soeurs Grises,81835dccb50d8900b00cc0a3ea1b480f,0.9723821961506348,75.0,2.0,2.0,3.65
224,Randolph Pub Ludique,2b9e2e02951cbf0f3386b55b303d7105,0.9538061900989816,16.0,1.0,3.0,3.8
225,Broue Pub Brouhaha,2b9e2e02951cbf0f3386b55b303d7105,0.9821947233580964,6.0,2.0,5.0,4.2
226,Pub Rosemont,2b9e2e02951cbf0f3386b55b303d7105,0.967215454551942,95.0,3.0,4.0,3.9
227,Bar Taverne les Torchés,2b9e2e02951cbf0f3386b55b303d7105,0.2045144761537748,18.0,2.0,2.0,4.1
228,Le Lexor Lounge,2b9e2e02951cbf0f3386b55b303d7105,0.5366917153724835,54.0,2.0,2.0,4.1
229,Bar Rolex,2b9e2e02951cbf0f3386b55b303d7105,0.6437017848094942,32.0,2.0,2.0,4.1
230,Pub Papineau,2b9e2e02951cbf0f3386b55b303d7105,0.5065833137082789,68.0,2.0,1.0,4.1
231,Dice Club,2b9e2e02951cbf0f3386b55b303d7105,0.7230797776302925,48.0,2.0,1.0,4.1
232,Vinvinvin,07151bf35f8c11187f1e4e0c0311b250,0.9736810179337316,81.0,2.0,4.0,4.1
233,Nestor,07151bf35f8c11187f1e4e0c0311b250,0.9653528584783804,96.0,2.0,3.0,3.75
234,Arabica Lounge,16fb65f48b8435b23e10d3e232fd5f0c,0.9725106510522598,78.0,1.0,2.0,3.75
235,Jono Bar,26aa0933324c9525e24f3b802787f507,0.952849914720218,27.0,2.0,2.0,4.1
236,Le Diplomate,7fb17e275b3e5006964621b39f5decbd,0.921927965345722,18.0,3.0,1.0,3.3
237,Bar Chez P.P,5fe27f765b1c3a37dd8b9f9e155ebfff,0.8841907698016799,43.0,2.0,1.0,4.1
238,Le Bar Loic,d63041391198f1496b84b02d71a3ed90,0.9726391059538848,4.0,3.0,3.0,4.3
239,L'Annexe St-Ambroise (L’Annexe St-Ambroise),d63041391198f1496b84b02d71a3ed90,0.9359580951565366,78.0,1.0,3.0,4.3
240,Terrasse St-Ambroise,d63041391198f1496b84b02d71a3ed90,0.980967265409236,66.0,2.0,3.0,4.2
241,Cordova,d63041391198f1496b84b02d71a3ed90,0.941909838931826,82.0,1.0,4.0,4.25
242,Bar de Courcelles,d63041391198f1496b84b02d71a3ed90,0.952942687704725,9.0,1.0,4.0,4.05
243,Messorem Bracitorium,d63041391198f1496b84b02d71a3ed90,0.9856487329351232,14.0,2.0,2.0,4.1
244,Le Téquila Bar,d63041391198f1496b84b02d71a3ed90,0.968514276335039,90.0,1.0,4.0,3.05
245,Bar Bistro Notre Dame,d63041391198f1496b84b02d71a3ed90,0.9733955625967872,97.0,2.0,3.0,4.1
246,BarBara,d63041391198f1496b84b02d71a3ed90,0.971925467611524,8.0,2.0,3.0,4.1
247,Le Saint Édouard,8569736c023d7713fa1054b1dc71a704,0.9352087748970576,96.0,2.0,4.0,3.7
248,Taverne St-Sacrement,8569736c023d7713fa1054b1dc71a704,0.9740877917888772,61.0,2.0,1.0,3.45
249,Taverne Bar la Remise Inc,8569736c023d7713fa1054b1dc71a704,0.9623555774404648,83.0,2.0,1.0,3.15
250,Brasserie Chez Baptiste,8569736c023d7713fa1054b1dc71a704,0.9777773020188828,36.0,2.0,1.0,3.35
251,The Whiskey Man,8569736c023d7713fa1054b1dc71a704,0.3782568669849493,48.0,2.0,1.0,4.1
252,Les Garnements Rosemont,8569736c023d7713fa1054b1dc71a704,0.104597971839831,62.0,2.0,2.0,4.1
253,Bar la Marche a Côté,8569736c023d7713fa1054b1dc71a704,0.926780706073776,59.0,2.0,1.0,4.1
254,Espace Urbain Montreal,8569736c023d7713fa1054b1dc71a704,0.1714872936693142,36.0,2.0,1.0,4.1
255,La Succursale,c7c82cf193fdc50ec1a106c90cb51544,0.982844134249645,39.0,2.0,3.0,4.05
256,Broue Bar Gaspé,c7c82cf193fdc50ec1a106c90cb51544,0.112126856351738,38.0,2.0,1.0,4.1
257,Bar Sel et Poivre,c7c82cf193fdc50ec1a106c90cb51544,0.9800323991807433,16.0,2.0,1.0,2.95
258,Bar la Broue du Plateau Enr,531dfca0ea4152da1c5e60b7fa74ba1c,0.7315292556038451,18.0,2.0,1.0,4.1
259,Igloo's - the One & Only,531dfca0ea4152da1c5e60b7fa74ba1c,0.0199676008192568,14.0,3.0,1.0,4.1
260,Bistro Jono Bar 2201 Mont Royal e,531dfca0ea4152da1c5e60b7fa74ba1c,0.8996190724673447,46.0,2.0,1.0,4.1
261,La Distillerie,cf46557eb890581a5631cafc7b9a2bba,0.9646392201360194,9.0,3.0,1.0,4.3
262,N sur Mackay,4249917b3ff262f4cd831f8ea34cf74e,0.954163009270162,60.0,3.0,2.0,3.75
263,Kinka Izakaya Montreal,4249917b3ff262f4cd831f8ea34cf74e,0.9361079592084324,45.0,2.0,2.0,3.45
264,Station des Sports,4249917b3ff262f4cd831f8ea34cf74e,0.9805248096369722,4.0,2.0,2.0,3.15
265,Forum Sports Bar,4249917b3ff262f4cd831f8ea34cf74e,0.5579795471251079,85.0,1.0,2.0,3.0
266,La Boîte à Karaoke,4249917b3ff262f4cd831f8ea34cf74e,0.8863174120619153,72.0,2.0,1.0,3.0
267,Forum de Montréal,4249917b3ff262f4cd831f8ea34cf74e,0.9910581115702184,10.0,2.0,2.0,2.8
268,G a Delicatessen,4249917b3ff262f4cd831f8ea34cf74e,0.4501191692202928,87.0,2.0,1.0,4.1
270,Hurley's Irish Pub,7b28024fd4c90ded38fc0447771d1ca4,0.9784195765270076,41.0,2.0,5.0,3.85
271,Brutopia,f05dc5b7b3635787d9fe3fd8565bee7a,0.9858842335881022,96.0,1.0,5.0,3.85
272,La Cage Aux Sports,f7b1f88c4f4e3231537dd0a5a7397287,0.9883034675687056,73.0,1.0,2.0,3.1
273,Broken Coconut,c0bf44a23aa9fdfd893bd437866dbf2a,0.1449470837169139,90.0,3.0,1.0,4.1
275,Thomson House,4dfba1c78f4c98769c58749cb8f10472,0.9665660436603938,30.0,2.0,1.0,4.0
276,Purple Haze,dfaab1117322af6f88c48893144bcf6f,0.8898356490897543,42.0,3.0,1.0,4.1
277,Riverside St-Henri,dfaab1117322af6f88c48893144bcf6f,0.8996190724673447,88.0,2.0,1.0,4.1
278,Toucan,e1d27e3bb1414d200aac4dbc156450d7,0.8996190724673447,68.0,2.0,1.0,4.1
279,Domaine Papineau,955f8b917ca4548746c2189a36b96fb2,0.1961292256310347,72.0,3.0,1.0,4.1
280,Complexe Sky,63c25a074954b752156b8c981b4e1f99,0.9793829882891948,93.0,2.0,1.0,3.55
281,Sky Pub Terrasse,63c25a074954b752156b8c981b4e1f99,0.901382317469153,11.0,2.0,1.0,3.5
282,Bar le Cocktail,63c25a074954b752156b8c981b4e1f99,0.965467040613158,56.0,2.0,1.0,3.3
283,Broue Pub Brouhaha Papineau,7eaaf829040807e1e2c7091f2866f62e,0.998544177781584,36.0,2.0,1.0,3.45
284,Bar le Grand Chapeau,286671379fa925e68543ac801281068b,0.9974594475011952,92.0,2.0,1.0,4.1
285,Cafe Baraki,286671379fa925e68543ac801281068b,0.1402870253412975,43.0,2.0,1.0,4.1
286,Bar Café Loutraki,286671379fa925e68543ac801281068b,0.9394192411169868,16.0,2.0,1.0,4.1
287,Brasserie Quebecoise,aa4100b71e77eb483a5d173547e56ab6,0.1678905564238155,43.0,2.0,1.0,4.1
288,Yer'Mad Bistro Bar,b9d14281ceeaf9913a820adab2e125c6,0.9760859791474876,49.0,2.0,1.0,3.75
289,McLean's Pub,ac93999c9a8a448cf9db2701716fa637,0.9899591085229827,93.0,1.0,1.0,3.85
290,Bar U-Turn,cfc09f1f86e151cf8778b662a3d3650b,0.94235229470409,69.0,2.0,2.0,4.1
291,Bar Monaco,cfc09f1f86e151cf8778b662a3d3650b,0.1173150071007015,76.0,2.0,2.0,4.1
292,Billy Buck,cfc09f1f86e151cf8778b662a3d3650b,0.0738472956675016,86.0,1.0,2.0,4.1
293,Cafe Sport Alex,cfc09f1f86e151cf8778b662a3d3650b,0.5543614007293384,41.0,2.0,2.0,4.1
294,Aquarium Café Bar,cfc09f1f86e151cf8778b662a3d3650b,0.9393835591998688,93.0,2.0,1.0,4.1
295,Clandestino,d5193bc68b01855a79fd8c694ef2e2f9,0.9458633953485052,56.0,3.0,1.0,3.9
296,BEVO Bar + Pizzeria,0a3aa715457ea0c777ddd396228eafd1,0.9628337151298464,45.0,2.0,1.0,3.8
297,Le 409,7214c61eb7f8d875d6db8db935ad16ea,0.9589015678634382,43.0,2.0,1.0,3.55
298,Pub Saint Pierre,7214c61eb7f8d875d6db8db935ad16ea,0.9596080698223756,11.0,1.0,1.0,3.6
299,Bar le Confessionnal,7214c61eb7f8d875d6db8db935ad16ea,0.8885867819906228,11.0,2.0,1.0,3.3
300,King Crab,31c3024050ee6f3e44c85eceae251db1,0.9118942102521284,7.0,3.0,1.0,4.1
301,Ti-Agrikol,15f3a0b338dba26f99a8df6fab3fdbc7,0.2896800759311196,99.0,3.0,1.0,3.6
302,Le MTL Bar,15f3a0b338dba26f99a8df6fab3fdbc7,0.95142977441892,13.0,2.0,1.0,3.05
303,Les Enfants du Rock MTL,15f3a0b338dba26f99a8df6fab3fdbc7,0.9621200767874856,95.0,2.0,1.0,4.1
304,La Distillerie No.1,36c6491aa1b52e5ef7005f984738de27,0.06254444170410511,315.0,2.0,21.0,4.5
306,Arcade MTL,36c6491aa1b52e5ef7005f984738de27,0.5595101601739615,26.0,1.0,13.0,4.5
307,Yer'Mad,36c6491aa1b52e5ef7005f984738de27,0.8757018316140132,15.0,1.0,11.0,4.5
308,Le Normandie,36c6491aa1b52e5ef7005f984738de27,0.7334713303358475,8.0,1.0,14.0,4.5
309,Patrick's Pub,36c6491aa1b52e5ef7005f984738de27,0.9990345997302895,25.0,2.0,6.0,3.5
310,Bistro à Jojo,36c6491aa1b52e5ef7005f984738de27,0.36573198677174,23.0,2.0,11.0,4.0
311,Midway,36c6491aa1b52e5ef7005f984738de27,0.3316889799996118,35.0,2.0,25.0,4.0
312,Pub le Sainte-Élisabeth,36c6491aa1b52e5ef7005f984738de27,0.10670050354316385,123.0,2.0,16.0,4.0
313,Pub l'Île Noire,36c6491aa1b52e5ef7005f984738de27,0.7759253871621193,60.0,2.0,4.0,4.0
314,Bootlegger l'Authentique,36c6491aa1b52e5ef7005f984738de27,0.03664568845704075,46.0,2.0,15.0,4.5
315,Le Mal Nécessaire,36c6491aa1b52e5ef7005f984738de27,0.24896003594899818,163.0,2.0,29.0,4.0
316,Stereo,36c6491aa1b52e5ef7005f984738de27,0.9125503478889034,54.0,3.0,13.0,3.5
317,Ginkgo,36c6491aa1b52e5ef7005f984738de27,0.21424635597872477,75.0,2.0,10.0,4.0
318,Les Foufounes Electriques,36c6491aa1b52e5ef7005f984738de27,0.7502585949663418,78.0,1.0,18.0,3.5
319,Bistro au Vieux St-Hubert,36c6491aa1b52e5ef7005f984738de27,0.833671813370226,6.0,2.0,10.0,3.5
320,Le Blossom,36c6491aa1b52e5ef7005f984738de27,0.1874823031636964,31.0,2.0,8.0,3.0
321,Le Trèfle,65f5707d61306518123222b4680bc282,0.13893666088011491,35.0,2.0,8.0,4.0
322,El Jumelgi,65f5707d61306518123222b4680bc282,0.4517947829602259,1.0,1.0,5.0,4.0
324,Candi Bar,0e58810dea9e4869279089cb8576642f,0.7830644730444418,60.0,2.0,11.0,3.5
325,Le Rouge Gorge,0e58810dea9e4869279089cb8576642f,0.6049735612184822,33.0,2.0,10.0,4.5
327,L’Entrepôt - Mont-Royal,0e58810dea9e4869279089cb8576642f,0.38767667656165494,138.0,1.0,10.0,4.0
328,L'Escogriffe Bar Spectacle,0e58810dea9e4869279089cb8576642f,0.5079357189817219,18.0,1.0,16.0,4.5
329,L'Barouf,0e58810dea9e4869279089cb8576642f,0.8100579965120381,32.0,2.0,11.0,3.5
330,Ichigo Ichie,0e58810dea9e4869279089cb8576642f,0.6947417742489442,117.0,2.0,12.0,4.5
331,Bar la Shop,0e58810dea9e4869279089cb8576642f,0.16840945994223777,8.0,1.0,7.0,4.0
332,Big In Japan,0e58810dea9e4869279089cb8576642f,0.22693866183375355,258.0,2.0,12.0,3.5
333,Le A Bar,0e58810dea9e4869279089cb8576642f,0.9340217667486069,15.0,2.0,12.0,4.5
334,Barraca,0e58810dea9e4869279089cb8576642f,0.7928444404835151,63.0,2.0,7.0,3.5
335,West Shefford,0e58810dea9e4869279089cb8576642f,0.6045621824246012,7.0,1.0,7.0,3.5
336,La Distillerie No.2,0e58810dea9e4869279089cb8576642f,0.9413454599668716,71.0,2.0,8.0,4.5
337,Chez Baptiste,0e58810dea9e4869279089cb8576642f,0.5595867951096589,19.0,1.0,11.0,3.5
338,La Rockette,0e58810dea9e4869279089cb8576642f,0.05286571142346175,16.0,1.0,6.0,3.0
339,Plein Sud,0e58810dea9e4869279089cb8576642f,0.831673726809243,58.0,2.0,8.0,4.5
340,Bar Vintage 132,eeda0f4010f34ca2199f3585a76fef66,0.30626975515778476,8.0,2.0,5.0,4.5
341,Über Cafbar,eeda0f4010f34ca2199f3585a76fef66,0.2999435051471593,6.0,2.0,4.0,4.5
342,Sacre Fut,eeda0f4010f34ca2199f3585a76fef66,0.5259798587859784,1.0,2.0,3.0,4.0
343,Resto Bar Coin Du Metro,eeda0f4010f34ca2199f3585a76fef66,0.9777805318229593,4.0,2.0,3.0,3.0
344,Le Petit Flore,eeda0f4010f34ca2199f3585a76fef66,0.15513901017121423,10.0,2.0,4.0,4.0
345,La Zone,8140fc3c3486abf913b0bd9211926f2b,0.9104659978243543,2.0,1.0,6.0,1.0
346,Caffè Roma,8140fc3c3486abf913b0bd9211926f2b,0.9402930299312771,3.0,1.0,7.0,5.0
348,Boswell,e287c24d95d9f0e3767d167d83ecebcd,0.5849326501171193,46.0,2.0,8.0,4.5
350,Pot Masson,e287c24d95d9f0e3767d167d83ecebcd,0.4424757594989591,47.0,1.0,6.0,3.5
351,Baron Samedi,e287c24d95d9f0e3767d167d83ecebcd,0.24916417376214406,10.0,2.0,6.0,3.0
352,Au P'tit Buck,bfc27d829d7ce8c0f9e55b1cab901cbb,0.20913946847704834,2.0,1.0,8.0,4.0
353,Sharky's,1ff33fd73e2add3c30fcd821850dccd3,0.014627952875162276,3.0,2.0,2.0,1.5
354,Roasters,1ff33fd73e2add3c30fcd821850dccd3,0.9479228563855647,28.0,2.0,2.0,3.0
355,Chez Victoire,2501128835e132f929d56798aa789839,0.5131856028610461,66.0,3.0,7.0,4.0
357,Le Boudoir Cafe Bar,2501128835e132f929d56798aa789839,0.6201982285781923,14.0,2.0,6.0,3.0
358,Grenade,2501128835e132f929d56798aa789839,0.005569966904511281,54.0,2.0,9.0,4.0
360,Le Vestiaire,00c210cb99cf9d1b923c1548938aee56,0.8642667358498026,28.0,2.0,6.0,4.5
361,Le Zotique,00c210cb99cf9d1b923c1548938aee56,0.5604796094188325,4.0,3.0,7.0,3.5
363,Alexandraplatz,00c210cb99cf9d1b923c1548938aee56,0.8270638562916187,35.0,2.0,6.0,4.0
364,Yïsst ,00c210cb99cf9d1b923c1548938aee56,0.060386559388737604,19.0,2.0,7.0,4.0
365,Salon Miss Villeray,00c210cb99cf9d1b923c1548938aee56,0.7450154221652988,10.0,1.0,6.0,3.5
366,Brasserie Beaubien,00c210cb99cf9d1b923c1548938aee56,0.3043120158662673,2.0,1.0,5.0,4.0
367,Bruno Sport Bar,00c210cb99cf9d1b923c1548938aee56,0.8538072200212606,10.0,1.0,6.0,4.5
369,Restaurant El Chalateco,00c210cb99cf9d1b923c1548938aee56,0.7686926184771479,27.0,2.0,4.0,4.0
370,Le Jockey,00c210cb99cf9d1b923c1548938aee56,0.5261526851099503,9.0,1.0,5.0,4.0
371,Taverna,00c210cb99cf9d1b923c1548938aee56,0.2809899239475838,4.0,2.0,6.0,4.0
372,Melrose,00c210cb99cf9d1b923c1548938aee56,0.02094756484659066,8.0,1.0,3.0,3.5
373,Le Petit Buck,00c210cb99cf9d1b923c1548938aee56,0.644022807707985,1.0,1.0,5.0,3.0
374,Pastaga,00c210cb99cf9d1b923c1548938aee56,0.7374709617820263,72.0,3.0,1.0,4.0
375,Nouveau Cafe Cozmos,f9bb106633ce38eeec6728faed3155ad,0.2487821274647617,4.0,2.0,5.0,4.5
376,Blue Dog,a32e2261fca6732a8f47eec9fef69017,0.9449605698088162,27.0,1.0,13.0,4.5
377,North Star,a32e2261fca6732a8f47eec9fef69017,0.7920362713269448,30.0,2.0,12.0,4.5
378,Barfly,a32e2261fca6732a8f47eec9fef69017,0.4369471730621024,41.0,1.0,11.0,4.0
379,Les Torchés,a32e2261fca6732a8f47eec9fef69017,0.9359204982500631,36.0,2.0,12.0,4.0
380,larrys,a32e2261fca6732a8f47eec9fef69017,0.9188294748401405,108.0,2.0,10.0,4.5
381,Le Bayou Bar,a32e2261fca6732a8f47eec9fef69017,0.3427086857004179,2.0,4.0,4.0,4.0
382,Chez Serge,a32e2261fca6732a8f47eec9fef69017,0.13649878396598925,35.0,2.0,4.0,4.0
383,Bar Kabinet,a32e2261fca6732a8f47eec9fef69017,0.03000501679458467,30.0,2.0,5.0,4.0
384,Datcha,a32e2261fca6732a8f47eec9fef69017,0.7274154745402526,20.0,3.0,4.0,3.5
385,Primetime Lounge,a32e2261fca6732a8f47eec9fef69017,0.5805225905495328,8.0,1.0,2.0,4.0
386,Sparrow,a32e2261fca6732a8f47eec9fef69017,0.04669025569601015,208.0,2.0,9.0,4.0
387,The Coldroom,f332a5c6e3f7fc73096885d6efc0f829,0.2928140860318783,242.0,2.0,21.0,4.5
388,Stereobar,f332a5c6e3f7fc73096885d6efc0f829,0.6097560540542604,6.0,3.0,7.0,2.5
390,Bar Zoé,0243c740e1d4fe272e0c414cdd900c7d,0.8384662479531066,12.0,1.0,4.0,4.0
391,Beaubien Deli,700cf042fd8763ec6c702d94d5b6689b,0.980958925108118,8.0,2.0,3.0,4.0
392,Le Verre Bouteille,82cc3be4d76f16ca475536a6e07461c5,0.7766998893599404,8.0,2.0,7.0,4.0
393,Davidson Taverne,0f8246e77098962beaa5e48211a7cff8,0.16283311177591875,1.0,1.0,5.0,4.0
394,Snowbird Tiki Bar,c8aba35f90d2eeada8a20ea7915c943a,0.8081879428660534,36.0,3.0,7.0,3.5
395,Waverly,c8aba35f90d2eeada8a20ea7915c943a,0.0775532075608486,54.0,2.0,6.0,3.5
397,Pub Bishop & Bagg,c8aba35f90d2eeada8a20ea7915c943a,0.06056162598353376,91.0,2.0,7.0,4.0
398,L'Gros Luxe Mile End,c8aba35f90d2eeada8a20ea7915c943a,0.8587751325391936,84.0,2.0,4.0,4.0
399,Taverne la Remise,c8aba35f90d2eeada8a20ea7915c943a,0.013273111591571851,7.0,1.0,6.0,3.0
401,Mezcaleros,c8aba35f90d2eeada8a20ea7915c943a,0.8428987800761409,17.0,1.0,3.0,3.5
402,Madisons New York Bar & Grill,0d4d6ab1ff41bf892ecbb0e09a8e2f40,0.46634941476133596,36.0,2.0,3.0,3.0
403,La Distillerie No.3,e335f2f5ad674c200bb9795ee863749c,0.7873001968639787,17.0,2.0,5.0,4.0
405,Le Rosemont,e335f2f5ad674c200bb9795ee863749c,0.9463860009909433,12.0,2.0,7.0,4.0
406,Lobby Bar,e335f2f5ad674c200bb9795ee863749c,0.41981333957884903,9.0,2.0,5.0,3.0
407,Maison Saint-Paul,30efd061ab22a0caa3dc67f5e027154e,0.24685655219907288,100.0,3.0,13.0,4.5
408,Wolf & Workman,30efd061ab22a0caa3dc67f5e027154e,0.9721441673425142,120.0,2.0,21.0,4.5
410,Terrasse William Gray,30efd061ab22a0caa3dc67f5e027154e,0.13255208844893684,60.0,3.0,8.0,3.5
411,Les 3 Brasseurs,30efd061ab22a0caa3dc67f5e027154e,0.8635291376784824,224.0,2.0,19.0,3.5
413,Le Stud,76d6ac391db2e789d1696e32fccf92f6,0.9139356778513692,28.0,2.0,7.0,3.5
414,Bar Aigle Noir,76d6ac391db2e789d1696e32fccf92f6,0.04735848297020129,18.0,3.0,7.0,3.0
416,Macbar et Fromage,76d6ac391db2e789d1696e32fccf92f6,0.9974619165053059,44.0,2.0,6.0,4.0
418,Saloon Bistro Bar,76d6ac391db2e789d1696e32fccf92f6,0.2959662978254497,95.0,2.0,6.0,3.5
419,Lounge l'Un et l'Autre,76d6ac391db2e789d1696e32fccf92f6,0.4808827344851687,2.0,2.0,5.0,3.5
422,Botero,cecb49c91023c7469470569da814659e,0.3754003904503459,2.0,2.0,16.0,4.5
423,NYK'S,cecb49c91023c7469470569da814659e,0.5459737619936241,188.0,2.0,29.0,4.0
424,La Voûte,cecb49c91023c7469470569da814659e,0.3507999969108334,34.0,4.0,13.0,4.0
425,Sarah B.,cecb49c91023c7469470569da814659e,0.17230317476820345,28.0,2.0,14.0,4.0
426,Le Confessionnal,cecb49c91023c7469470569da814659e,0.6050091545331179,18.0,2.0,12.0,3.0
427,Gokudo,cecb49c91023c7469470569da814659e,0.8733954126205556,62.0,2.0,27.0,4.5
428,Barroco,cecb49c91023c7469470569da814659e,0.39058858776186967,301.0,3.0,15.0,4.5
429,Pub Victoria,cecb49c91023c7469470569da814659e,0.613041321171329,14.0,2.0,11.0,3.0
432,Cloakroom Bar,69f583a85e1a83b443c203b781bfc0c9,0.9509790774430035,194.0,3.0,22.0,5.0
434,Mad Hatter Pub,69f583a85e1a83b443c203b781bfc0c9,0.5140891895225894,101.0,1.0,26.0,4.0
435,N Sur Mackay,69f583a85e1a83b443c203b781bfc0c9,0.06376017220706176,89.0,2.0,26.0,4.5
436,Grumpy's Bar,69f583a85e1a83b443c203b781bfc0c9,0.12701427773020335,36.0,1.0,27.0,4.0
437,Alice Bar,69f583a85e1a83b443c203b781bfc0c9,0.8469342489198514,3.0,2.0,18.0,4.0
439,The Brass Door Pub,69f583a85e1a83b443c203b781bfc0c9,0.3625307756389784,35.0,1.0,7.0,4.0
440,Le Warehouse,69f583a85e1a83b443c203b781bfc0c9,0.6693415962085569,161.0,1.0,17.0,3.5
441,Piranha Bar,69f583a85e1a83b443c203b781bfc0c9,0.22733963527929724,22.0,2.0,17.0,3.5
442,Sir Winston Churchill Pub,69f583a85e1a83b443c203b781bfc0c9,0.027416323059433423,143.0,2.0,11.0,3.5
443,Peel Pub,69f583a85e1a83b443c203b781bfc0c9,0.020519480947297608,109.0,1.0,16.0,3.0
444,Notre-Bœuf-de-Grâce,69f583a85e1a83b443c203b781bfc0c9,0.20656153215951822,56.0,2.0,10.0,4.0
446,Ziggy's Pub,69f583a85e1a83b443c203b781bfc0c9,0.6362872352685954,35.0,2.0,7.0,3.5
448,Café Parvis,650b371db12a750bd2db8da8ecfa0890,0.059895445563385774,223.0,2.0,12.0,4.0
450,Blvd44,650b371db12a750bd2db8da8ecfa0890,0.8076742169204735,26.0,2.0,5.0,2.5
451,Biirū,650b371db12a750bd2db8da8ecfa0890,0.8195754935694478,191.0,2.0,12.0,4.0
452,Apartment 200,650b371db12a750bd2db8da8ecfa0890,0.49874083347867526,72.0,2.0,6.0,3.0
453,Clébard,1013ec013026d8e51b4e126c5c72c5c8,0.8467048579700149,19.0,2.0,7.0,3.5
454,Quai des Brumes,1013ec013026d8e51b4e126c5c72c5c8,0.9378009678414945,18.0,1.0,5.0,3.5
455,La Cage ,81e413363c9c2b6933f4706dd9fafc6b,0.2645594839865233,36.0,2.0,12.0,3.5
456,Henri - Brasserie Francaise,81e413363c9c2b6933f4706dd9fafc6b,0.9536848624113167,44.0,3.0,12.0,4.0
457,Ye Olde Orchard,81e413363c9c2b6933f4706dd9fafc6b,0.9325063976946857,83.0,2.0,7.0,4.0
458,Pub Lord William,ede6b6e636d0057c3569441aad58f64c,0.6000117307075793,38.0,2.0,18.0,4.0
459,Industria Pizzeria + Bar,ede6b6e636d0057c3569441aad58f64c,0.8226900212995328,44.0,2.0,7.0,3.5
460,Perles et Paddock,ede6b6e636d0057c3569441aad58f64c,0.8575004217456614,50.0,4.0,16.0,4.0
461,Resto-Pub 100 Génies,ede6b6e636d0057c3569441aad58f64c,0.5906453857152193,8.0,2.0,10.0,3.0
462,Le Bureau,ede6b6e636d0057c3569441aad58f64c,0.173597932896969,33.0,3.0,14.0,3.5
463,Knox,ede6b6e636d0057c3569441aad58f64c,0.7353651135733781,19.0,2.0,7.0,4.5
464,Mélisse,ede6b6e636d0057c3569441aad58f64c,0.4898539064417108,45.0,2.0,8.0,4.5
465,Arem Restaurant,ede6b6e636d0057c3569441aad58f64c,0.778296641576864,4.0,2.0,11.0,1.5
466,Bar le Sénateur,ede6b6e636d0057c3569441aad58f64c,0.5756612488036507,6.0,3.0,6.0,3.5
467,Taverne 1909 signé St-Hubert,ede6b6e636d0057c3569441aad58f64c,0.12887070701127556,40.0,2.0,3.0,2.5
468,Pub Burgundy Lion,444448176f019fa75930cba6037f6ed8,0.2355834329892379,234.0,2.0,15.0,4.0
469,La Drinkerie Ste-Cunégonde,444448176f019fa75930cba6037f6ed8,0.6582152926330472,51.0,2.0,14.0,4.0
470,Canal Lounge,444448176f019fa75930cba6037f6ed8,0.1737507707671705,28.0,2.0,9.0,4.5
471,Bar Ganadara,444448176f019fa75930cba6037f6ed8,0.6487450123193194,72.0,2.0,11.0,4.0
472,Imadake,444448176f019fa75930cba6037f6ed8,0.38592428416980196,287.0,2.0,11.0,4.0
473,KINKA IZAKAYA MONTREAL,444448176f019fa75930cba6037f6ed8,0.22977435959724635,378.0,2.0,13.0,4.0
474,Forum Sports Bar & GamesCentre,444448176f019fa75930cba6037f6ed8,0.8668105789436217,32.0,2.0,8.0,2.5
475,Cock'n Bull Pub,444448176f019fa75930cba6037f6ed8,0.8409034541267801,16.0,1.0,8.0,3.5
476,La Chic Régal,444448176f019fa75930cba6037f6ed8,0.7695917002104785,7.0,1.0,6.0,3.0
477,Kampaï Garden,444448176f019fa75930cba6037f6ed8,0.9601462929205911,159.0,2.0,8.0,3.5
478,La Station des Sports,444448176f019fa75930cba6037f6ed8,0.5522338493836155,108.0,2.0,7.0,2.5
479,Pub Epoxy,444448176f019fa75930cba6037f6ed8,0.6549186641310744,9.0,2.0,8.0,3.5
480,La Belle & La Boeuf,444448176f019fa75930cba6037f6ed8,0.2551634094626737,217.0,2.0,1.0,3.5
481,Le Tequila Bar,f9cff3cd7959287708ec2346fdc9f24c,0.4108624318497892,44.0,2.0,8.0,3.5
482,Cafe Lounge,ce541d236b1fb3391edee931485e6ad7,0.6320244259133732,2.0,1.0,2.0,2.0
483,Les Deux Gamins,4752f08cc123b7e93771ee25c318efee,0.6854269424827031,598.0,2.0,4.0,4.0
484,El Furniture Warehouse,4752f08cc123b7e93771ee25c318efee,0.5888204802193473,22.0,1.0,4.0,4.0
485,Abreuvoir Bar & Terrasse,4752f08cc123b7e93771ee25c318efee,0.11585316233015164,25.0,2.0,1.0,4.0
486,Mme Lee,4752f08cc123b7e93771ee25c318efee,0.6056267554284123,31.0,2.0,4.0,3.0
487,Bar De Courcelle,4c87345d7a652a966f526460dfa264c5,0.9841678378363252,27.0,1.0,6.0,4.0
490,MVP Bar Sportif,eb0fd4c2ab7be34b815978bb8ebfbe65,0.9865805222402249,52.0,2.0,2.0,3.0
491,La Marche à Côté,268397f44e5cae3f431fc80129c14fd5,0.8374575226474755,2.0,2.0,3.0,3.0
494,Holder,81835dccb50d8900b00cc0a3ea1b480f,0.6050779658654576,377.0,3.0,7.0,4.0
495,La Catrina,81835dccb50d8900b00cc0a3ea1b480f,0.21692816450341645,47.0,2.0,10.0,4.0
496,The Farsides,81835dccb50d8900b00cc0a3ea1b480f,0.715099653136713,39.0,2.0,7.0,3.0
497,Somwhr Liquor Lounge,81835dccb50d8900b00cc0a3ea1b480f,0.22821191026093646,7.0,2.0,6.0,2.5
498,Le Saint-Sulpice,81835dccb50d8900b00cc0a3ea1b480f,0.3579576231860584,76.0,2.0,6.0,3.5
499,Bord'Elle Boutique Bar and Eatery,81835dccb50d8900b00cc0a3ea1b480f,0.5509852637181717,65.0,4.0,1.0,3.5
500,Andrews Bar,16fb65f48b8435b23e10d3e232fd5f0c,0.5206121554313365,11.0,1.0,10.0,3.5
501,Riverside,d63041391198f1496b84b02d71a3ed90,0.9518559979844993,25.0,1.0,3.0,4.0
502,Loïc,d63041391198f1496b84b02d71a3ed90,0.358514729995544,24.0,3.0,3.0,3.0
503,Cafe Del Monko,d63041391198f1496b84b02d71a3ed90,0.6337907471251772,1.0,1.0,3.0,5.0
504,Elena,d63041391198f1496b84b02d71a3ed90,0.4213902379876542,57.0,3.0,3.0,4.0
505,Taverne Saint-Sacrement,f07d83b19d7555633ed07b8705e1439c,0.6235935026102813,27.0,2.0,2.0,3.5
506,Beaumonde Par Mademoiselle,1e35b33de4e369aeedcdd6de0f62c2cb,0.40637030247782546,5.0,2.0,2.0,3.0
507,Shehrazad,7b28024fd4c90ded38fc0447771d1ca4,0.20525569305600555,5.0,2.0,6.0,4.0
508,Crobar,7b28024fd4c90ded38fc0447771d1ca4,0.8423187664580576,5.0,1.0,1.0,3.0
509,Joverse,3e138c9acff07bff5f9e684c01bc564f,0.901749649020329,55.0,2.0,2.0,3.5
510,Furco,014e10dba2d92bd20c826b88864dc6b6,0.8718744844721765,64.0,2.0,4.0,3.5
511,Ace Bar,014e10dba2d92bd20c826b88864dc6b6,0.6263008230772216,6.0,2.0,3.0,2.5
512,La P'tite Grenouille Montréal,12d398be5955fed8787b107d04ba8cab,0.30046903348093235,25.0,2.0,3.0,3.0
513,Galt,f7b1f88c4f4e3231537dd0a5a7397287,0.7265565488355215,1.0,3.0,1.0,3.0
514,Nuvoo,f7b1f88c4f4e3231537dd0a5a7397287,0.6868590971612439,2.0,1.0,2.0,1.0
515,St-Laurent Bifteck,b7ea33e5396a99849c76067836da7f21,0.055028308361578904,51.0,1.0,2.0,4.0
518,Pincette,3cc8af25d891cb13e3301e4a612d0383,0.19493128156584594,38.0,3.0,5.0,4.5
519,John Michael's Pub,3cc8af25d891cb13e3301e4a612d0383,0.7925430813034519,48.0,2.0,4.0,3.0
520,Pub St-Paul,3cc8af25d891cb13e3301e4a612d0383,0.6517919262609123,51.0,2.0,3.0,2.5
524,Vargas,7214c61eb7f8d875d6db8db935ad16ea,0.07393986267599251,95.0,3.0,1.0,3.5
525,L'Gros Luxe Plateau,15f3a0b338dba26f99a8df6fab3fdbc7,0.6624387953837089,42.0,2.0,1.0,3.5
