,bar_name,station_id,popularity,fs_price,fs_rating,fs_total_counts,review_count,yelp_rating,yelp_price,yelp_total_counts
0,Le 4e Mur,36c6491aa1b52e5ef7005f984738de27,0.9660450876704704,3.0,8.5,11.0,99.0,4.5,2.0,17.0
1,Le Saint Bock,36c6491aa1b52e5ef7005f984738de27,0.9801108993984028,2.0,8.3,9.0,,,,
2,Brasserie Artisanale l'Amère a Boire Inc,36c6491aa1b52e5ef7005f984738de27,0.9608640733049304,2.0,8.1,8.0,,,,
3,Cadet,36c6491aa1b52e5ef7005f984738de27,0.9811314022279788,2.0,9.5,23.0,,,,
4,Pub l'Ile Noire,36c6491aa1b52e5ef7005f984738de27,0.9757577055100016,2.0,7.8,6.0,,,,
5,Renard,36c6491aa1b52e5ef7005f984738de27,0.982351723793416,3.0,8.9,12.0,21.0,4.0,2.0,13.0
6,Le Cheval Blanc,36c6491aa1b52e5ef7005f984738de27,0.9835434998251588,2.0,7.7,2.0,,,,
7,Cabaret Mado,36c6491aa1b52e5ef7005f984738de27,0.9631976706844504,2.0,8.3,11.0,,,,
8,Le Red Tiger,36c6491aa1b52e5ef7005f984738de27,0.9686926859206292,2.0,8.2,9.0,137.0,4.0,2.0,9.0
9,Patrick'S Pub Irlandais,36c6491aa1b52e5ef7005f984738de27,0.9720539225131488,2.0,7.6,2.0,,,,
10,Madame Smith,65f5707d61306518123222b4680bc282,0.9703982815588716,2.0,7.9,7.0,,,,
11,L'Espace Public-Brasseurs de Quartier,65f5707d61306518123222b4680bc282,0.9792117150870282,2.0,8.7,5.0,,,,
12,Le Trèfle - Taverne Irlandaise,65f5707d61306518123222b4680bc282,0.9747800209809672,2.0,7.6,7.0,,,,
13,Le Blind Pig,65f5707d61306518123222b4680bc282,0.9773419826300428,1.0,6.9,7.0,25.0,3.5,2.0,9.0
14,Brasserie de Lasalle Enr,65f5707d61306518123222b4680bc282,0.5996988446195237,2.0,8.2,5.0,,,,
15,La Nef,65f5707d61306518123222b4680bc282,0.7792359787906684,2.0,8.2,7.0,,,,
16,Bar le Bureau,65f5707d61306518123222b4680bc282,0.9100102050282958,2.0,8.2,3.0,,,,
17,Bar l'Assemblée,65f5707d61306518123222b4680bc282,0.9256460211094222,2.0,8.2,4.0,,,,
18,Taverne l'Escale,65f5707d61306518123222b4680bc282,0.9412247461231597,2.0,8.2,4.0,,,,
19,Loupblond,65f5707d61306518123222b4680bc282,0.0338264574279046,2.0,8.2,4.0,,,,
20,Rouge Gorge,0e58810dea9e4869279089cb8576642f,0.9532210066582456,2.0,8.2,11.0,,,,
21,Pub West Shefford,0e58810dea9e4869279089cb8576642f,0.9640326275450128,2.0,8.1,8.0,,,,
22,Bily Kun,0e58810dea9e4869279089cb8576642f,0.956589379634189,2.0,8.3,13.0,68.0,4.0,2.0,10.0
23,La Distillerie No2,0e58810dea9e4869279089cb8576642f,0.968492867184768,2.0,8.3,7.0,,,,
24,Fitzroy,0e58810dea9e4869279089cb8576642f,0.975493659323328,2.0,7.6,8.0,46.0,3.0,2.0,14.0
25,Bar Plan B,0e58810dea9e4869279089cb8576642f,0.9550265116644188,2.0,7.7,7.0,35.0,3.5,2.0,12.0
26,A Bar,0e58810dea9e4869279089cb8576642f,0.9262882956175468,2.0,7.7,2.0,,,,
27,Cafe-Bar le Boudoir,0e58810dea9e4869279089cb8576642f,0.9252606564045474,1.0,7.4,4.0,,,,
28,Le Terminal,0e58810dea9e4869279089cb8576642f,0.9725748785030722,2.0,7.5,6.0,,,,
29,Aux Verres Stérilisés Inc,0e58810dea9e4869279089cb8576642f,0.9487893125521848,2.0,6.8,1.0,,,,
30,132 Bar Vintage,eeda0f4010f34ca2199f3585a76fef66,0.935308684264988,3.0,8.3,3.0,,,,
31,Les Cavistes,eeda0f4010f34ca2199f3585a76fef66,0.9494744053608511,2.0,7.9,3.0,13.0,4.0,2.0,4.0
32,Uber Cafbar,eeda0f4010f34ca2199f3585a76fef66,0.954748192710898,2.0,7.5,4.0,,,,
33,In Vino Veritas,eeda0f4010f34ca2199f3585a76fef66,0.3041669342810451,2.0,8.2,3.0,,,,
34,Bienvenu Bar Salon,eeda0f4010f34ca2199f3585a76fef66,0.937228371405939,2.0,8.2,4.0,,,,
35,Bar Lajeunesse,eeda0f4010f34ca2199f3585a76fef66,0.5046993084844462,2.0,8.2,2.0,,,,
36,Bar Ahuntsic,eeda0f4010f34ca2199f3585a76fef66,0.9933060723486552,2.0,8.2,3.0,,,,
37,Le Rendez Vous du Thé,eeda0f4010f34ca2199f3585a76fef66,0.9319260385221976,2.0,8.2,3.0,,,,
38,Le Pourvoyeur,eeda0f4010f34ca2199f3585a76fef66,0.9605215269005972,3.0,8.2,7.0,,,,
39,Lanny Izakaya,eeda0f4010f34ca2199f3585a76fef66,0.8996190724673447,2.0,8.2,4.0,,,,
40,Resto-Bar Lucky 7,8140fc3c3486abf913b0bd9211926f2b,0.6085265509145276,2.0,8.2,6.0,,,,
41,Brasserie Place 37,8140fc3c3486abf913b0bd9211926f2b,0.8063542358003811,2.0,8.2,2.0,,,,
42,Perandello Sport Bar,8140fc3c3486abf913b0bd9211926f2b,0.3135084601825487,2.0,8.2,2.0,,,,
43,Brasserie Chez le Pere Gedeon,8140fc3c3486abf913b0bd9211926f2b,0.8996190724673447,2.0,8.2,6.0,,,,
44,Chez Baptiste Sur Masson,e287c24d95d9f0e3767d167d83ecebcd,0.9611780741755692,2.0,7.0,3.0,,,,
45,Morelli,e287c24d95d9f0e3767d167d83ecebcd,0.1116772641960507,2.0,8.2,7.0,,,,
46,Taverne Morelli,e287c24d95d9f0e3767d167d83ecebcd,0.8996190724673447,2.0,8.2,4.0,,,,
47,Cherry Bar Inc,bfc27d829d7ce8c0f9e55b1cab901cbb,0.9025526843506247,2.0,8.2,4.0,,,,
48,Action Production a N J,bfc27d829d7ce8c0f9e55b1cab901cbb,0.8996190724673447,2.0,8.2,2.0,,,,
49,Vin Prendre Une Bière,1ff33fd73e2add3c30fcd821850dccd3,0.6761509202366425,2.0,8.2,2.0,,,,
50,Resto Bar Trophys,1ff33fd73e2add3c30fcd821850dccd3,0.978269712475112,2.0,8.2,2.0,,,,
51,Solevino,1ff33fd73e2add3c30fcd821850dccd3,0.3006629700200532,2.0,8.2,2.0,,,,
52,Resto Bar Beauharnois,1ff33fd73e2add3c30fcd821850dccd3,0.0584755257730487,2.0,8.2,4.0,,,,
53,Le Bar Salon Solid Gold Inc,1ff33fd73e2add3c30fcd821850dccd3,0.9777630292520356,2.0,8.2,4.0,,,,
54,Pub Pit Caribou,2501128835e132f929d56798aa789839,0.9676079556402406,2.0,8.4,3.0,,,,
55,Le Royal,2501128835e132f929d56798aa789839,0.0782647170067153,3.0,8.5,4.0,,,,
56,Grenade - Resto-bar et terrasse,2501128835e132f929d56798aa789839,0.9634545804877004,2.0,8.0,5.0,,,,
57,Barraca Rhumerie,2501128835e132f929d56798aa789839,0.925867248995554,1.0,7.4,3.0,,,,
58,Marconi,00c210cb99cf9d1b923c1548938aee56,0.9641682188300612,2.0,9.0,5.0,,,,
59,Brasserie Harricana,00c210cb99cf9d1b923c1548938aee56,0.9738380183690508,2.0,8.8,6.0,,,,
60,Birra,00c210cb99cf9d1b923c1548938aee56,0.9846995939397832,2.0,8.1,6.0,,,,
61,Vices & Versa Bistro du Terroir Inc,00c210cb99cf9d1b923c1548938aee56,0.9729459704411,2.0,8.5,5.0,,,,
62,Yïsst,00c210cb99cf9d1b923c1548938aee56,0.9680718205627752,2.0,8.5,4.0,,,,
63,Bar le Vestiaire,00c210cb99cf9d1b923c1548938aee56,0.987418556024178,2.0,8.1,6.0,,,,
64,Cicchetti,00c210cb99cf9d1b923c1548938aee56,0.9682930484489072,2.0,7.9,7.0,,,,
65,Huis Clos,00c210cb99cf9d1b923c1548938aee56,0.9449428018868598,2.0,8.0,6.0,17.0,3.5,2.0,7.0
66,Bar St-Denis,00c210cb99cf9d1b923c1548938aee56,0.9759075695618974,2.0,6.9,5.0,,,,
67,Notre Dame des Quilles,00c210cb99cf9d1b923c1548938aee56,0.944792937834964,2.0,7.2,1.0,36.0,4.5,1.0,6.0
68,Taverne Cobra,f9bb106633ce38eeec6728faed3155ad,0.9416457927451526,1.0,7.4,1.0,,,,
69,Miss Villeray,f9bb106633ce38eeec6728faed3155ad,0.9518080027403713,2.0,7.1,4.0,,,,
70,Le Pourvoyeur,f9bb106633ce38eeec6728faed3155ad,0.9417528384965068,2.0,6.8,7.0,,,,
71,Buvette Chez Simone,a32e2261fca6732a8f47eec9fef69017,0.944899983586318,2.0,9.0,6.0,118.0,4.5,2.0,6.0
72,Darling,a32e2261fca6732a8f47eec9fef69017,0.9799039442791182,3.0,9.2,10.0,,,,
73,Salon Daome,a32e2261fca6732a8f47eec9fef69017,0.4863088484018069,1.0,8.5,11.0,,,,
74,Le Majestique,a32e2261fca6732a8f47eec9fef69017,0.976735390039036,2.0,9.0,10.0,204.0,4.5,2.0,12.0
75,Brasserie Dieu du Ciel,a32e2261fca6732a8f47eec9fef69017,0.9624340776581244,2.0,9.1,8.0,,,,
76,Casa del Popolo,a32e2261fca6732a8f47eec9fef69017,0.9515510929371214,2.0,8.2,9.0,,,,
77,Réservoir,a32e2261fca6732a8f47eec9fef69017,0.9639898092444712,1.0,8.5,10.0,,,,
78,Bar Suzanne,a32e2261fca6732a8f47eec9fef69017,0.9591085229827228,2.0,8.3,8.0,48.0,4.0,2.0,8.0
79,Bar Henrietta,a32e2261fca6732a8f47eec9fef69017,0.9574314728781748,3.0,8.0,7.0,42.0,4.0,2.0,7.0
80,Bar le Mal Nécessaire,f332a5c6e3f7fc73096885d6efc0f829,0.9816666309847496,3.0,8.8,21.0,,,,
81,Sainte-Elisabeth,f332a5c6e3f7fc73096885d6efc0f829,0.972631969570461,2.0,8.0,4.0,,,,
82,Bar Zoe Karaoke et Cocktails,0243c740e1d4fe272e0c414cdd900c7d,0.9857700514533244,2.0,7.6,4.0,,,,
83,Bar Hélène,0243c740e1d4fe272e0c414cdd900c7d,0.4761680475568591,2.0,8.2,5.0,,,,
84,Beamers Bar,0243c740e1d4fe272e0c414cdd900c7d,0.0980610446238055,2.0,8.2,5.0,,,,
85,Café Bar Brewski's,0243c740e1d4fe272e0c414cdd900c7d,0.7973053016192454,2.0,8.2,3.0,,,,
86,Au Ptit Buck,0243c740e1d4fe272e0c414cdd900c7d,0.379976735390039,2.0,8.2,5.0,,,,
87,Bar Excel,0243c740e1d4fe272e0c414cdd900c7d,0.9512014101493644,3.0,8.2,5.0,,,,
88,Bar Zoe,0243c740e1d4fe272e0c414cdd900c7d,0.8996190724673447,2.0,8.2,4.0,,,,
89,Empire Cafe,278e51e3bb2d95cf556a62edff8f95ec,0.475111862810165,1.0,8.2,3.0,,,,
90,Chez Momo,278e51e3bb2d95cf556a62edff8f95ec,0.8996190724673447,2.0,8.2,1.0,,,,
91,Bar 1370,278e51e3bb2d95cf556a62edff8f95ec,0.8996190724673447,2.0,8.2,2.0,,,,
92,Limite08,700cf042fd8763ec6c702d94d5b6689b,0.7328923048377544,2.0,8.2,2.0,,,,
93,Taverne La-Paz,700cf042fd8763ec6c702d94d5b6689b,0.4427769095177946,2.0,8.2,2.0,,,,
94,Ruelle des papillons,700cf042fd8763ec6c702d94d5b6689b,0.1802507725135056,3.0,8.2,3.0,,,,
95,Le Grand Lionel,700cf042fd8763ec6c702d94d5b6689b,0.8996190724673447,2.0,8.2,3.0,,,,
96,Boswell Brasserie Artisanale,82cc3be4d76f16ca475536a6e07461c5,0.97502265801737,2.0,8.3,7.0,,,,
97,Bar Davidson,0f8246e77098962beaa5e48211a7cff8,0.9615777116472912,1.0,5.7,4.0,1.0,3.0,1.0,5.0
98,Bar St Vincent,0f8246e77098962beaa5e48211a7cff8,0.908326018540324,2.0,8.2,4.0,,,,
99,Blockhaus,0f8246e77098962beaa5e48211a7cff8,0.981623812684208,3.0,8.2,4.0,,,,
100,Brasserie des Patriotes,0f8246e77098962beaa5e48211a7cff8,0.9607427547867292,1.0,5.4,3.0,3.0,3.5,1.0,5.0
101,Ping Pong Club,c8aba35f90d2eeada8a20ea7915c943a,0.9569319260385222,2.0,8.1,5.0,36.0,4.0,2.0,7.0
102,Bishop & Bagg,c8aba35f90d2eeada8a20ea7915c943a,0.955968514276335,2.0,8.6,6.0,,,,
103,Isle de Garde,c8aba35f90d2eeada8a20ea7915c943a,0.97061237306158,3.0,9.1,4.0,,,,
104,Whisky Café,c8aba35f90d2eeada8a20ea7915c943a,0.8980139444932097,3.0,7.6,4.0,37.0,4.0,3.0,5.0
105,Nacho Libre,c8aba35f90d2eeada8a20ea7915c943a,0.9636686719904088,2.0,7.8,4.0,,,,
106,Bar Waverly,c8aba35f90d2eeada8a20ea7915c943a,0.9615634388804442,1.0,7.4,4.0,,,,
107,Bar Tapas Taza Flores,c8aba35f90d2eeada8a20ea7915c943a,0.9264310232860192,3.0,7.8,3.0,,,,
108,The Emerald,c8aba35f90d2eeada8a20ea7915c943a,0.9233052873464784,3.0,7.7,2.0,,,,
109,Bières Jukebox,0d4d6ab1ff41bf892ecbb0e09a8e2f40,0.8779036160054807,2.0,8.2,4.0,,,,
110,MaBrasserie,e335f2f5ad674c200bb9795ee863749c,0.965759632333526,2.0,9.0,5.0,,,,
111,La Distillerie No 3,e335f2f5ad674c200bb9795ee863749c,0.9546696924932384,2.0,8.2,4.0,,,,
112,Quai No.4,e335f2f5ad674c200bb9795ee863749c,0.9562682423801266,3.0,8.0,3.0,,,,
113,Verre Bouteille,e335f2f5ad674c200bb9795ee863749c,0.9658952236185746,1.0,6.9,4.0,,,,
114,Bar Lounge Lobby,e335f2f5ad674c200bb9795ee863749c,0.9181100002140916,3.0,6.4,2.0,,,,
115,La Porte Rouge,e335f2f5ad674c200bb9795ee863749c,0.9208146895316393,2.0,6.3,4.0,,,,
116,Pub BreWskey,30efd061ab22a0caa3dc67f5e027154e,0.9912079756221144,1.0,8.9,7.0,,,,
117,Cold Room,30efd061ab22a0caa3dc67f5e027154e,0.9576598371477304,3.0,8.7,9.0,,,,
118,Perché,30efd061ab22a0caa3dc67f5e027154e,0.9697274615170524,2.0,8.3,7.0,,,,
119,Terrasse Place d'Armes,30efd061ab22a0caa3dc67f5e027154e,0.9753223861211616,3.0,8.8,17.0,68.0,3.5,2.0,18.0
120,Modavie,30efd061ab22a0caa3dc67f5e027154e,0.9911294754044544,2.0,8.5,12.0,,,,
121,Pub Wolf & Workman,30efd061ab22a0caa3dc67f5e027154e,0.9745017020274466,2.0,8.8,16.0,,,,
122,Rebel Brasserie Urbaine,76d6ac391db2e789d1696e32fccf92f6,0.8936393414545377,3.0,8.1,6.0,,,,
123,Bar l'aigle Noir,76d6ac391db2e789d1696e32fccf92f6,0.9849279582093386,2.0,7.9,5.0,,,,
124,Bar le Stud,76d6ac391db2e789d1696e32fccf92f6,0.993470209167398,2.0,7.5,6.0,,,,
125,Bistro Tendresse,76d6ac391db2e789d1696e32fccf92f6,0.9561112419448072,3.0,7.8,4.0,,,,
126,Le National,76d6ac391db2e789d1696e32fccf92f6,0.9417028838125416,2.0,7.6,3.0,,,,
127,Bar Stock&Lounge,76d6ac391db2e789d1696e32fccf92f6,0.9770708000599456,2.0,7.4,2.0,,,,
128,District Video Lounge,76d6ac391db2e789d1696e32fccf92f6,0.9774418919979732,3.0,7.3,5.0,,,,
129,Tiradito,cecb49c91023c7469470569da814659e,0.9509516367295382,2.0,8.6,20.0,150.0,4.0,3.0,10.0
130,Nacarat,cecb49c91023c7469470569da814659e,0.9825586789127008,3.0,8.9,25.0,28.0,4.0,3.0,24.0
131,Escondite,cecb49c91023c7469470569da814659e,0.9734026989802108,2.0,8.7,43.0,247.0,4.0,2.0,16.0
132,Nyks Bistro Pub,cecb49c91023c7469470569da814659e,0.992235614835114,2.0,8.8,22.0,,,,
133,Tommy,cecb49c91023c7469470569da814659e,0.9809387198755416,1.0,8.4,15.0,,,,
134,Bord'Elle,cecb49c91023c7469470569da814659e,0.974730066297002,3.0,7.8,4.0,,,,
135,Soubois,69f583a85e1a83b443c203b781bfc0c9,0.9849850492767276,2.0,8.5,18.0,38.0,3.0,4.0,5.0
136,Bar George,69f583a85e1a83b443c203b781bfc0c9,0.977284891562654,3.0,8.5,17.0,,,,
137,Bar Cloakroom,69f583a85e1a83b443c203b781bfc0c9,0.9756506597586476,3.0,8.6,14.0,,,,
138,Ye Olde Orchard Pub & Grill,69f583a85e1a83b443c203b781bfc0c9,0.9777987111691536,2.0,8.3,22.0,,,,
139,Escondite,69f583a85e1a83b443c203b781bfc0c9,0.9645892654520544,1.0,8.1,43.0,,,,
140,Brass Door,69f583a85e1a83b443c203b781bfc0c9,0.9632333526015686,1.0,8.0,6.0,,,,
141,Upstairs Jazz Bar & Grill,69f583a85e1a83b443c203b781bfc0c9,0.9832152261876728,2.0,8.4,17.0,,,,
142,C'Cho-Colat,69f583a85e1a83b443c203b781bfc0c9,0.9745587930948354,1.0,8.1,12.0,,,,
143,La Cage,7efdfc0229daac74cfa58a8a39d13ac2,0.99533280524096,1.0,8.4,12.0,,,,
144,Benelux,650b371db12a750bd2db8da8ecfa0890,0.9899876540566772,1.0,8.5,11.0,127.0,4.0,2.0,7.0
145,Pullman,650b371db12a750bd2db8da8ecfa0890,0.969534779164615,2.0,8.6,16.0,204.0,4.0,2.0,4.0
146,McKibbin's Irish Pub,650b371db12a750bd2db8da8ecfa0890,0.9877182841279696,2.0,8.2,14.0,62.0,3.5,2.0,7.0
147,Biiru,650b371db12a750bd2db8da8ecfa0890,0.96940632426299,2.0,8.2,11.0,,,,
148,Siboire,1013ec013026d8e51b4e126c5c72c5c8,0.9792045787036046,2.0,7.7,4.0,,,,
149,Taverne Metro-Pub,04f6eaaa0d7993020973687c13f41663,0.9615563024970204,2.0,8.2,4.0,,,,
150,Bar Sexe Mania,04f6eaaa0d7993020973687c13f41663,0.9524574136319196,2.0,8.2,3.0,,,,
151,The Kath Women,04f6eaaa0d7993020973687c13f41663,0.0899612494380098,1.0,8.2,3.0,,,,
152,Bar Fullum,04f6eaaa0d7993020973687c13f41663,0.9643252192653808,2.0,8.2,4.0,,,,
153,Pro Max Pub,04f6eaaa0d7993020973687c13f41663,0.3763371798439986,2.0,8.2,3.0,,,,
154,Pro-Max Pub,04f6eaaa0d7993020973687c13f41663,0.1991978705031864,2.0,8.2,2.0,,,,
155,Astral 2000,04f6eaaa0d7993020973687c13f41663,0.9325112219629336,2.0,5.2,1.0,,,,
156,Alfred's Damn Right Joint,04f6eaaa0d7993020973687c13f41663,0.8996190724673447,2.0,8.2,2.0,,,,
157,Bier Markt,81e413363c9c2b6933f4706dd9fafc6b,0.99135783967401,2.0,7.7,6.0,,,,
158,Etoh Brasserie,f9d30314d14794ea0c378ba2c1ee0c5d,0.9894881072170244,2.0,8.4,4.0,,,,
159,Bar la Québécoise,f9d30314d14794ea0c378ba2c1ee0c5d,0.9044438259578812,1.0,7.1,4.0,,,,
160,Bar Pam Pam,9836aac1ee4659e9103ab4a3ac10c9e0,0.81946377214955,1.0,8.2,4.0,,,,
161,Ritz Bar,9836aac1ee4659e9103ab4a3ac10c9e0,0.4635366488970719,2.0,8.2,2.0,,,,
162,Cozmos Café Bar,9836aac1ee4659e9103ab4a3ac10c9e0,0.9908154745338158,1.0,8.2,4.0,,,,
163,Bande Paul,9836aac1ee4659e9103ab4a3ac10c9e0,0.5851477588187858,2.0,8.2,3.0,,,,
164,Bar Sportivo,9836aac1ee4659e9103ab4a3ac10c9e0,0.9392979225987854,1.0,5.7,1.0,,,,
165,Kamehameha Snack-Bar,6086b10ac3a09a5ad176d6a32deaf0ad,0.9050504185488878,2.0,7.3,1.0,,,,
166,Le Bureau Bar a Tapas,ede6b6e636d0057c3569441aad58f64c,0.9452425299906514,3.0,8.3,16.0,,,,
167,Monopole,ede6b6e636d0057c3569441aad58f64c,0.9713117386370936,1.0,8.7,11.0,21.0,5.0,2.0,11.0
168,Zibo,ede6b6e636d0057c3569441aad58f64c,0.9882178309676224,2.0,7.8,9.0,,,,
169,Milky Way Cocktail Bar,ede6b6e636d0057c3569441aad58f64c,0.9785551678120562,3.0,8.6,6.0,,,,
170,Bird Bar,ede6b6e636d0057c3569441aad58f64c,0.9537490990315928,1.0,7.9,8.0,,,,
171,Knox Taverne,ede6b6e636d0057c3569441aad58f64c,0.9693278240453304,2.0,8.1,7.0,,,,
172,New City Gas,ede6b6e636d0057c3569441aad58f64c,0.9793901246726184,2.0,7.7,9.0,,,,
173,Lord William Pub,ede6b6e636d0057c3569441aad58f64c,0.98012517216525,1.0,7.5,9.0,,,,
174,Resto-pub le 100 génies,ede6b6e636d0057c3569441aad58f64c,0.9895737438181078,2.0,6.5,5.0,,,,
175,Association Montréal Beach,ede6b6e636d0057c3569441aad58f64c,0.4137746472842493,2.0,8.2,1.0,,,,
176,Le Vin Papillon,444448176f019fa75930cba6037f6ed8,0.9511300463151284,3.0,9.1,11.0,145.0,4.5,3.0,12.0
177,Burgundy Lion,444448176f019fa75930cba6037f6ed8,0.9686998223040528,2.0,8.7,11.0,,,,
178,Atwater Cocktail Club,444448176f019fa75930cba6037f6ed8,0.9870117821690324,3.0,8.7,8.0,120.0,4.5,2.0,12.0
179,Drinkerie Ste-Cunégonde,444448176f019fa75930cba6037f6ed8,0.9665303617432758,2.0,7.5,8.0,,,,
180,El Gordo,444448176f019fa75930cba6037f6ed8,0.950152361786094,2.0,7.2,8.0,,,,
181,Moose Bawr,444448176f019fa75930cba6037f6ed8,0.983372226622992,2.0,7.6,3.0,81.0,3.5,2.0,13.0
182,Kampai Garden,444448176f019fa75930cba6037f6ed8,0.9794043974394656,1.0,7.2,3.0,,,,
183,Paperplane MTL,f9cff3cd7959287708ec2346fdc9f24c,0.6844790796919937,2.0,6.2,6.0,,,,
184,Cafeteria BBR,f9cff3cd7959287708ec2346fdc9f24c,0.8425571089083475,3.0,8.2,1.0,,,,
185,Bar,f9cff3cd7959287708ec2346fdc9f24c,0.9444860733477488,2.0,8.2,3.0,,,,
186,Cyr,f9cff3cd7959287708ec2346fdc9f24c,0.0432893018476096,2.0,8.2,3.0,,,,
187,Stem Bar,f9cff3cd7959287708ec2346fdc9f24c,0.9175034076230848,2.0,8.2,2.0,,,,
188,Else's,0c9cd68aa1bd69a080463ce7f302337c,0.95186509380776,2.0,8.3,8.0,122.0,4.5,2.0,9.0
189,Tattoo Box Montreal,0c9cd68aa1bd69a080463ce7f302337c,0.8865457763314707,2.0,8.0,3.0,,,,
190,North Star Machines à Piastres,c6315ed8be3d1b1db4e1743fd8cf702d,0.9935915276855994,2.0,7.6,2.0,,,,
191,Taverne Atlantic,9fce8c378d9e1fc9d96999ff50a71f6a,0.9879109664804072,2.0,8.2,1.0,,,,
192,Boucherie Bar à vin Provisions,9fce8c378d9e1fc9d96999ff50a71f6a,0.9699629621700314,2.0,8.2,1.0,,,,
193,TAS Café Bistro Lounge,9fce8c378d9e1fc9d96999ff50a71f6a,0.9509445003461146,1.0,8.2,1.0,,,,
194,Wills,9fce8c378d9e1fc9d96999ff50a71f6a,0.9800752174812848,2.0,8.2,2.0,,,,
195,Taverne Portara,9fce8c378d9e1fc9d96999ff50a71f6a,0.8996190724673447,2.0,8.2,2.0,,,,
196,Le Off Miss Villeray,3da178370890fe8edbd73af1c48b6fa7,0.7673324912400894,3.0,8.2,3.0,,,,
197,Raphaël Bistrot Bar à Vins,3da178370890fe8edbd73af1c48b6fa7,0.8996190724673447,2.0,8.2,2.0,,,,
198,Autos Lajeunesse,3da178370890fe8edbd73af1c48b6fa7,0.029116444368323,2.0,8.2,4.0,,,,
199,Le Petit 26,3da178370890fe8edbd73af1c48b6fa7,0.5650517030979041,2.0,8.2,4.0,,,,
200,Chez Josie,3da178370890fe8edbd73af1c48b6fa7,0.9722394684821626,3.0,8.2,2.0,,,,
201,Etna,3da178370890fe8edbd73af1c48b6fa7,0.8870595959379706,2.0,8.2,2.0,,,,
202,Bar le Record,8ae2d0c3c6bfb29c5614921e85221107,0.9683572758997196,2.0,8.2,3.0,,,,
203,Bistro Bar Bizzwack,8ae2d0c3c6bfb29c5614921e85221107,0.1413003917874499,2.0,8.2,3.0,,,,
204,Bar Cafe EVA,73eda86efde149b545d1e7646de05cd6,0.3844012931126763,2.0,8.2,1.0,,,,
205,SuWu,4752f08cc123b7e93771ee25c318efee,0.917703226358946,2.0,8.0,3.0,,,,
206,Bar Chez Pierre,4c87345d7a652a966f526460dfa264c5,0.6158342075403027,2.0,8.2,2.0,,,,
207,Porto Lounge,4c87345d7a652a966f526460dfa264c5,0.6713624069594011,3.0,8.2,2.0,,,,
208,Bar Pamplemousse,eb0fd4c2ab7be34b815978bb8ebfbe65,0.9779271660707788,2.0,8.0,4.0,,,,
209,Foufounes Electriques,eb0fd4c2ab7be34b815978bb8ebfbe65,0.9900661542743368,1.0,7.9,3.0,,,,
210,Bar Taboo,75029d868bd65133941f05b6d4fa2daf,0.9839502736803044,2.0,5.8,3.0,,,,
211,Bar le Jockey,5e32fab9110f792cab5784b893f3a1af,0.9601147530454516,2.0,7.9,3.0,,,,
212,Bar Tennesse,5e32fab9110f792cab5784b893f3a1af,0.90285954883784,1.0,8.2,2.0,,,,
213,Bar Coucou,5e32fab9110f792cab5784b893f3a1af,0.0986034097639998,2.0,8.2,1.0,,,,
214,Bar la Plaza,5e32fab9110f792cab5784b893f3a1af,0.8730151933603089,1.0,8.2,2.0,,,,
215,Bar 1650,5e32fab9110f792cab5784b893f3a1af,0.9283007557430044,2.0,8.2,1.0,,,,
216,Le Système,5e32fab9110f792cab5784b893f3a1af,0.9573244271268206,2.0,8.2,2.0,,,,
217,Helm Brasseur Gourmand,462e77d533503e90f53675acf2f9ddcc,0.9609711190562846,2.0,7.4,1.0,,,,
218,Billard Eljumelgi,e61bdf615b9672bd815d52f210429d3c,0.3704353907526743,2.0,8.2,2.0,,,,
219,Nhâu Bar,81835dccb50d8900b00cc0a3ea1b480f,0.9657739051003732,2.0,8.0,9.0,,,,
220,Boho,81835dccb50d8900b00cc0a3ea1b480f,0.7775375195358496,3.0,8.3,2.0,,,,
221,Méchant Bœuf Bar & Brasserie,81835dccb50d8900b00cc0a3ea1b480f,0.9546411469595438,2.0,8.2,7.0,,,,
222,Philemon Bar,81835dccb50d8900b00cc0a3ea1b480f,0.9552834214676686,2.0,8.0,5.0,,,,
223,Bistro-Brasserie les Soeurs Grises,81835dccb50d8900b00cc0a3ea1b480f,0.9723821961506348,2.0,7.3,2.0,,,,
224,Randolph Pub Ludique,2b9e2e02951cbf0f3386b55b303d7105,0.9538061900989816,1.0,7.6,3.0,16.0,4.5,2.0,16.0
225,Broue Pub Brouhaha,2b9e2e02951cbf0f3386b55b303d7105,0.9821947233580964,2.0,8.4,5.0,,,,
226,Pub Rosemont,2b9e2e02951cbf0f3386b55b303d7105,0.967215454551942,3.0,7.8,4.0,,,,
227,Bar Taverne les Torchés,2b9e2e02951cbf0f3386b55b303d7105,0.2045144761537748,2.0,8.2,2.0,,,,
228,Le Lexor Lounge,2b9e2e02951cbf0f3386b55b303d7105,0.5366917153724835,2.0,8.2,2.0,,,,
229,Bar Rolex,2b9e2e02951cbf0f3386b55b303d7105,0.6437017848094942,2.0,8.2,2.0,,,,
230,Pub Papineau,2b9e2e02951cbf0f3386b55b303d7105,0.5065833137082789,2.0,8.2,1.0,,,,
231,Dice Club,2b9e2e02951cbf0f3386b55b303d7105,0.7230797776302925,2.0,8.2,1.0,,,,
232,Vinvinvin,07151bf35f8c11187f1e4e0c0311b250,0.9736810179337316,2.0,8.2,4.0,,,,
233,Nestor,07151bf35f8c11187f1e4e0c0311b250,0.9653528584783804,2.0,7.5,3.0,,,,
234,Arabica Lounge,16fb65f48b8435b23e10d3e232fd5f0c,0.9725106510522598,1.0,7.5,2.0,,,,
235,Jono Bar,26aa0933324c9525e24f3b802787f507,0.952849914720218,2.0,8.2,2.0,,,,
236,Le Diplomate,7fb17e275b3e5006964621b39f5decbd,0.921927965345722,3.0,6.6,1.0,,,,
237,Bar Chez P.P,5fe27f765b1c3a37dd8b9f9e155ebfff,0.8841907698016799,2.0,8.2,1.0,,,,
238,Le Bar Loic,d63041391198f1496b84b02d71a3ed90,0.9726391059538848,3.0,8.6,3.0,,,,
239,L'Annexe St-Ambroise (L’Annexe St-Ambroise),d63041391198f1496b84b02d71a3ed90,0.9359580951565366,1.0,8.6,3.0,,,,
240,Terrasse St-Ambroise,d63041391198f1496b84b02d71a3ed90,0.980967265409236,2.0,8.4,3.0,,,,
241,Cordova,d63041391198f1496b84b02d71a3ed90,0.941909838931826,1.0,8.5,4.0,,,,
242,Bar de Courcelles,d63041391198f1496b84b02d71a3ed90,0.952942687704725,1.0,8.1,4.0,,,,
243,Messorem Bracitorium,d63041391198f1496b84b02d71a3ed90,0.9856487329351232,2.0,8.2,2.0,,,,
244,Le Téquila Bar,d63041391198f1496b84b02d71a3ed90,0.968514276335039,1.0,6.1,4.0,,,,
245,Bar Bistro Notre Dame,d63041391198f1496b84b02d71a3ed90,0.9733955625967872,2.0,8.2,3.0,,,,
246,BarBara,d63041391198f1496b84b02d71a3ed90,0.971925467611524,2.0,8.2,3.0,,,,
247,Le Saint Édouard,8569736c023d7713fa1054b1dc71a704,0.9352087748970576,2.0,7.4,4.0,,,,
248,Taverne St-Sacrement,8569736c023d7713fa1054b1dc71a704,0.9740877917888772,2.0,6.9,1.0,,,,
249,Taverne Bar la Remise Inc,8569736c023d7713fa1054b1dc71a704,0.9623555774404648,2.0,6.3,1.0,,,,
250,Brasserie Chez Baptiste,8569736c023d7713fa1054b1dc71a704,0.9777773020188828,2.0,6.7,1.0,,,,
251,The Whiskey Man,8569736c023d7713fa1054b1dc71a704,0.3782568669849493,2.0,8.2,1.0,,,,
252,Les Garnements Rosemont,8569736c023d7713fa1054b1dc71a704,0.104597971839831,2.0,8.2,2.0,,,,
253,Bar la Marche a Côté,8569736c023d7713fa1054b1dc71a704,0.926780706073776,2.0,8.2,1.0,,,,
254,Espace Urbain Montreal,8569736c023d7713fa1054b1dc71a704,0.1714872936693142,2.0,8.2,1.0,,,,
255,La Succursale,c7c82cf193fdc50ec1a106c90cb51544,0.982844134249645,2.0,8.1,3.0,,,,
256,Broue Bar Gaspé,c7c82cf193fdc50ec1a106c90cb51544,0.112126856351738,2.0,8.2,1.0,,,,
257,Bar Sel et Poivre,c7c82cf193fdc50ec1a106c90cb51544,0.9800323991807433,2.0,5.9,1.0,,,,
258,Bar la Broue du Plateau Enr,531dfca0ea4152da1c5e60b7fa74ba1c,0.7315292556038451,2.0,8.2,1.0,,,,
259,Igloo's - the One & Only,531dfca0ea4152da1c5e60b7fa74ba1c,0.0199676008192568,3.0,8.2,1.0,,,,
260,Bistro Jono Bar 2201 Mont Royal e,531dfca0ea4152da1c5e60b7fa74ba1c,0.8996190724673447,2.0,8.2,1.0,,,,
261,La Distillerie,cf46557eb890581a5631cafc7b9a2bba,0.9646392201360194,3.0,8.6,1.0,,,,
262,N sur Mackay,4249917b3ff262f4cd831f8ea34cf74e,0.954163009270162,3.0,7.5,2.0,,,,
263,Kinka Izakaya Montreal,4249917b3ff262f4cd831f8ea34cf74e,0.9361079592084324,2.0,6.9,2.0,,,,
264,Station des Sports,4249917b3ff262f4cd831f8ea34cf74e,0.9805248096369722,2.0,6.3,2.0,,,,
265,Forum Sports Bar,4249917b3ff262f4cd831f8ea34cf74e,0.5579795471251079,1.0,6.0,2.0,,,,
266,La Boîte à Karaoke,4249917b3ff262f4cd831f8ea34cf74e,0.8863174120619153,2.0,6.0,1.0,,,,
267,Forum de Montréal,4249917b3ff262f4cd831f8ea34cf74e,0.9910581115702184,2.0,5.6,2.0,,,,
268,G a Delicatessen,4249917b3ff262f4cd831f8ea34cf74e,0.4501191692202928,2.0,8.2,1.0,,,,
269,McKibbin's Irish Pub,7b28024fd4c90ded38fc0447771d1ca4,0.9866406902310048,2.0,7.8,14.0,124.0,3.5,2.0,7.0
270,Hurley's Irish Pub,7b28024fd4c90ded38fc0447771d1ca4,0.9784195765270076,2.0,7.7,5.0,,,,
271,Brutopia,f05dc5b7b3635787d9fe3fd8565bee7a,0.9858842335881022,1.0,7.7,5.0,,,,
272,La Cage Aux Sports,f7b1f88c4f4e3231537dd0a5a7397287,0.9883034675687056,1.0,6.2,2.0,,,,
273,Broken Coconut,c0bf44a23aa9fdfd893bd437866dbf2a,0.1449470837169139,3.0,8.2,1.0,,,,
274,Ye Olde Orchard Pub & Grill,d1c5df1e255b5babc511fd7d2cf91997,0.9644822197007,2.0,7.9,22.0,,,,
275,Thomson House,4dfba1c78f4c98769c58749cb8f10472,0.9665660436603938,2.0,8.0,1.0,,,,
276,Purple Haze,dfaab1117322af6f88c48893144bcf6f,0.8898356490897543,3.0,8.2,1.0,,,,
277,Riverside St-Henri,dfaab1117322af6f88c48893144bcf6f,0.8996190724673447,2.0,8.2,1.0,,,,
278,Toucan,e1d27e3bb1414d200aac4dbc156450d7,0.8996190724673447,2.0,8.2,1.0,,,,
279,Domaine Papineau,955f8b917ca4548746c2189a36b96fb2,0.1961292256310347,3.0,8.2,1.0,,,,
280,Complexe Sky,63c25a074954b752156b8c981b4e1f99,0.9793829882891948,2.0,7.1,1.0,,,,
281,Sky Pub Terrasse,63c25a074954b752156b8c981b4e1f99,0.901382317469153,2.0,7.0,1.0,,,,
282,Bar le Cocktail,63c25a074954b752156b8c981b4e1f99,0.965467040613158,2.0,6.6,1.0,,,,
283,Broue Pub Brouhaha Papineau,7eaaf829040807e1e2c7091f2866f62e,0.998544177781584,2.0,6.9,1.0,,,,
284,Bar le Grand Chapeau,286671379fa925e68543ac801281068b,0.9974594475011952,2.0,8.2,1.0,,,,
285,Cafe Baraki,286671379fa925e68543ac801281068b,0.1402870253412975,2.0,8.2,1.0,,,,
286,Bar Café Loutraki,286671379fa925e68543ac801281068b,0.9394192411169868,2.0,8.2,1.0,,,,
287,Brasserie Quebecoise,aa4100b71e77eb483a5d173547e56ab6,0.1678905564238155,2.0,8.2,1.0,,,,
288,Yer'Mad Bistro Bar,b9d14281ceeaf9913a820adab2e125c6,0.9760859791474876,2.0,7.5,1.0,,,,
289,McLean's Pub,ac93999c9a8a448cf9db2701716fa637,0.9899591085229827,1.0,7.7,1.0,,,,
290,Bar U-Turn,cfc09f1f86e151cf8778b662a3d3650b,0.94235229470409,2.0,8.2,2.0,,,,
291,Bar Monaco,cfc09f1f86e151cf8778b662a3d3650b,0.1173150071007015,2.0,8.2,2.0,,,,
292,Billy Buck,cfc09f1f86e151cf8778b662a3d3650b,0.0738472956675016,1.0,8.2,2.0,,,,
293,Cafe Sport Alex,cfc09f1f86e151cf8778b662a3d3650b,0.5543614007293384,2.0,8.2,2.0,,,,
294,Aquarium Café Bar,cfc09f1f86e151cf8778b662a3d3650b,0.9393835591998688,2.0,8.2,1.0,,,,
295,Clandestino,d5193bc68b01855a79fd8c694ef2e2f9,0.9458633953485052,3.0,7.8,1.0,,,,
296,BEVO Bar + Pizzeria,0a3aa715457ea0c777ddd396228eafd1,0.9628337151298464,2.0,7.6,1.0,,,,
297,Le 409,7214c61eb7f8d875d6db8db935ad16ea,0.9589015678634382,2.0,7.1,1.0,,,,
298,Pub Saint Pierre,7214c61eb7f8d875d6db8db935ad16ea,0.9596080698223756,1.0,7.2,1.0,,,,
299,Bar le Confessionnal,7214c61eb7f8d875d6db8db935ad16ea,0.8885867819906228,2.0,6.6,1.0,,,,
300,King Crab,31c3024050ee6f3e44c85eceae251db1,0.9118942102521284,3.0,8.2,1.0,,,,
301,Ti-Agrikol,15f3a0b338dba26f99a8df6fab3fdbc7,0.2896800759311196,3.0,7.2,1.0,,,,
302,Le MTL Bar,15f3a0b338dba26f99a8df6fab3fdbc7,0.95142977441892,2.0,6.1,1.0,,,,
303,Les Enfants du Rock MTL,15f3a0b338dba26f99a8df6fab3fdbc7,0.9621200767874856,2.0,8.2,1.0,,,,
304,La Distillerie No.1,36c6491aa1b52e5ef7005f984738de27,,,,,315.0,4.5,2.0,21.0
305,Randolph Pub Ludique,36c6491aa1b52e5ef7005f984738de27,,,,,96.0,4.5,2.0,16.0
306,Arcade MTL,36c6491aa1b52e5ef7005f984738de27,,,,,26.0,4.5,1.0,13.0
307,Yer'Mad,36c6491aa1b52e5ef7005f984738de27,,,,,15.0,4.5,1.0,11.0
308,Le Normandie,36c6491aa1b52e5ef7005f984738de27,,,,,8.0,4.5,1.0,14.0
309,Patrick's Pub,36c6491aa1b52e5ef7005f984738de27,,,,,25.0,3.5,2.0,6.0
310,Bistro à Jojo,36c6491aa1b52e5ef7005f984738de27,,,,,23.0,4.0,2.0,11.0
311,Midway,36c6491aa1b52e5ef7005f984738de27,,,,,35.0,4.0,2.0,25.0
312,Pub le Sainte-Élisabeth,36c6491aa1b52e5ef7005f984738de27,,,,,123.0,4.0,2.0,16.0
313,Pub l'Île Noire,36c6491aa1b52e5ef7005f984738de27,,,,,60.0,4.0,2.0,4.0
314,Bootlegger l'Authentique,36c6491aa1b52e5ef7005f984738de27,,,,,46.0,4.5,2.0,15.0
315,Le Mal Nécessaire,36c6491aa1b52e5ef7005f984738de27,,,,,163.0,4.0,2.0,29.0
316,Stereo,36c6491aa1b52e5ef7005f984738de27,,,,,54.0,3.5,3.0,13.0
317,Ginkgo,36c6491aa1b52e5ef7005f984738de27,,,,,75.0,4.0,2.0,10.0
318,Les Foufounes Electriques,36c6491aa1b52e5ef7005f984738de27,,,,,78.0,3.5,1.0,18.0
319,Bistro au Vieux St-Hubert,36c6491aa1b52e5ef7005f984738de27,,,,,6.0,3.5,2.0,10.0
320,Le Blossom,36c6491aa1b52e5ef7005f984738de27,,,,,31.0,3.0,2.0,8.0
321,Le Trèfle,65f5707d61306518123222b4680bc282,,,,,35.0,4.0,2.0,8.0
322,El Jumelgi,65f5707d61306518123222b4680bc282,,,,,1.0,4.0,1.0,5.0
323,Darling,0e58810dea9e4869279089cb8576642f,,,,,110.0,4.0,2.0,14.0
324,Candi Bar,0e58810dea9e4869279089cb8576642f,,,,,60.0,3.5,2.0,11.0
325,Le Rouge Gorge,0e58810dea9e4869279089cb8576642f,,,,,33.0,4.5,2.0,10.0
326,Le MTL Bar,0e58810dea9e4869279089cb8576642f,,,,,13.0,4.0,2.0,7.0
327,L’Entrepôt - Mont-Royal,0e58810dea9e4869279089cb8576642f,,,,,138.0,4.0,1.0,10.0
328,L'Escogriffe Bar Spectacle,0e58810dea9e4869279089cb8576642f,,,,,18.0,4.5,1.0,16.0
329,L'Barouf,0e58810dea9e4869279089cb8576642f,,,,,32.0,3.5,2.0,11.0
330,Ichigo Ichie,0e58810dea9e4869279089cb8576642f,,,,,117.0,4.5,2.0,12.0
331,Bar la Shop,0e58810dea9e4869279089cb8576642f,,,,,8.0,4.0,1.0,7.0
332,Big In Japan,0e58810dea9e4869279089cb8576642f,,,,,258.0,3.5,2.0,12.0
333,Le A Bar,0e58810dea9e4869279089cb8576642f,,,,,15.0,4.5,2.0,12.0
334,Barraca,0e58810dea9e4869279089cb8576642f,,,,,63.0,3.5,2.0,7.0
335,West Shefford,0e58810dea9e4869279089cb8576642f,,,,,7.0,3.5,1.0,7.0
336,La Distillerie No.2,0e58810dea9e4869279089cb8576642f,,,,,71.0,4.5,2.0,8.0
337,Chez Baptiste,0e58810dea9e4869279089cb8576642f,,,,,19.0,3.5,1.0,11.0
338,La Rockette,0e58810dea9e4869279089cb8576642f,,,,,16.0,3.0,1.0,6.0
339,Plein Sud,0e58810dea9e4869279089cb8576642f,,,,,58.0,4.5,2.0,8.0
340,Bar Vintage 132,eeda0f4010f34ca2199f3585a76fef66,,,,,8.0,4.5,2.0,5.0
341,Über Cafbar,eeda0f4010f34ca2199f3585a76fef66,,,,,6.0,4.5,2.0,4.0
342,Sacre Fut,eeda0f4010f34ca2199f3585a76fef66,,,,,1.0,4.0,2.0,3.0
343,Resto Bar Coin Du Metro,eeda0f4010f34ca2199f3585a76fef66,,,,,4.0,3.0,2.0,3.0
344,Le Petit Flore,eeda0f4010f34ca2199f3585a76fef66,,,,,10.0,4.0,2.0,4.0
345,La Zone,8140fc3c3486abf913b0bd9211926f2b,,,,,2.0,1.0,1.0,6.0
346,Caffè Roma,8140fc3c3486abf913b0bd9211926f2b,,,,,3.0,5.0,1.0,7.0
347,La Succursale,e287c24d95d9f0e3767d167d83ecebcd,,,,,25.0,4.0,2.0,6.0
348,Boswell,e287c24d95d9f0e3767d167d83ecebcd,,,,,46.0,4.5,2.0,8.0
349,Chez Baptiste,e287c24d95d9f0e3767d167d83ecebcd,,,,,4.0,4.5,2.0,11.0
350,Pot Masson,e287c24d95d9f0e3767d167d83ecebcd,,,,,47.0,3.5,1.0,6.0
351,Baron Samedi,e287c24d95d9f0e3767d167d83ecebcd,,,,,10.0,3.0,2.0,6.0
352,Au P'tit Buck,bfc27d829d7ce8c0f9e55b1cab901cbb,,,,,2.0,4.0,1.0,8.0
353,Sharky's,1ff33fd73e2add3c30fcd821850dccd3,,,,,3.0,1.5,2.0,2.0
354,Roasters,1ff33fd73e2add3c30fcd821850dccd3,,,,,28.0,3.0,2.0,2.0
355,Chez Victoire,2501128835e132f929d56798aa789839,,,,,66.0,4.0,3.0,7.0
356,Le Terminal,2501128835e132f929d56798aa789839,,,,,15.0,3.5,2.0,7.0
357,Le Boudoir Cafe Bar,2501128835e132f929d56798aa789839,,,,,14.0,3.0,2.0,6.0
358,Grenade,2501128835e132f929d56798aa789839,,,,,54.0,4.0,2.0,9.0
359,Le Pourvoyeur,00c210cb99cf9d1b923c1548938aee56,,,,,76.0,3.5,2.0,6.0
360,Le Vestiaire,00c210cb99cf9d1b923c1548938aee56,,,,,28.0,4.5,2.0,6.0
361,Le Zotique,00c210cb99cf9d1b923c1548938aee56,,,,,4.0,3.5,3.0,7.0
362,Taverne Cobra,00c210cb99cf9d1b923c1548938aee56,,,,,13.0,4.0,1.0,6.0
363,Alexandraplatz,00c210cb99cf9d1b923c1548938aee56,,,,,35.0,4.0,2.0,6.0
364,Yïsst ,00c210cb99cf9d1b923c1548938aee56,,,,,19.0,4.0,2.0,7.0
365,Salon Miss Villeray,00c210cb99cf9d1b923c1548938aee56,,,,,10.0,3.5,1.0,6.0
366,Brasserie Beaubien,00c210cb99cf9d1b923c1548938aee56,,,,,2.0,4.0,1.0,5.0
367,Bruno Sport Bar,00c210cb99cf9d1b923c1548938aee56,,,,,10.0,4.5,1.0,6.0
368,Nacho Libre,00c210cb99cf9d1b923c1548938aee56,,,,,53.0,3.5,2.0,5.0
369,Restaurant El Chalateco,00c210cb99cf9d1b923c1548938aee56,,,,,27.0,4.0,2.0,4.0
370,Le Jockey,00c210cb99cf9d1b923c1548938aee56,,,,,9.0,4.0,1.0,5.0
371,Taverna,00c210cb99cf9d1b923c1548938aee56,,,,,4.0,4.0,2.0,6.0
372,Melrose,00c210cb99cf9d1b923c1548938aee56,,,,,8.0,3.5,1.0,3.0
373,Le Petit Buck,00c210cb99cf9d1b923c1548938aee56,,,,,1.0,3.0,1.0,5.0
374,Pastaga,00c210cb99cf9d1b923c1548938aee56,,,,,72.0,4.0,3.0,1.0
375,Nouveau Cafe Cozmos,f9bb106633ce38eeec6728faed3155ad,,,,,4.0,4.5,2.0,5.0
376,Blue Dog,a32e2261fca6732a8f47eec9fef69017,,,,,27.0,4.5,1.0,13.0
377,North Star,a32e2261fca6732a8f47eec9fef69017,,,,,30.0,4.5,2.0,12.0
378,Barfly,a32e2261fca6732a8f47eec9fef69017,,,,,41.0,4.0,1.0,11.0
379,Les Torchés,a32e2261fca6732a8f47eec9fef69017,,,,,36.0,4.0,2.0,12.0
380,larrys,a32e2261fca6732a8f47eec9fef69017,,,,,108.0,4.5,2.0,10.0
381,Le Bayou Bar,a32e2261fca6732a8f47eec9fef69017,,,,,2.0,4.0,4.0,4.0
382,Chez Serge,a32e2261fca6732a8f47eec9fef69017,,,,,35.0,4.0,2.0,4.0
383,Bar Kabinet,a32e2261fca6732a8f47eec9fef69017,,,,,30.0,4.0,2.0,5.0
384,Datcha,a32e2261fca6732a8f47eec9fef69017,,,,,20.0,3.5,3.0,4.0
385,Primetime Lounge,a32e2261fca6732a8f47eec9fef69017,,,,,8.0,4.0,1.0,2.0
386,Sparrow,a32e2261fca6732a8f47eec9fef69017,,,,,208.0,4.0,2.0,9.0
387,The Coldroom,f332a5c6e3f7fc73096885d6efc0f829,,,,,242.0,4.5,2.0,21.0
388,Stereobar,f332a5c6e3f7fc73096885d6efc0f829,,,,,6.0,2.5,3.0,7.0
389,Cabaret Mado,f332a5c6e3f7fc73096885d6efc0f829,,,,,39.0,4.0,2.0,6.0
390,Bar Zoé,0243c740e1d4fe272e0c414cdd900c7d,,,,,12.0,4.0,1.0,4.0
391,Beaubien Deli,700cf042fd8763ec6c702d94d5b6689b,,,,,8.0,4.0,2.0,3.0
392,Le Verre Bouteille,82cc3be4d76f16ca475536a6e07461c5,,,,,8.0,4.0,2.0,7.0
393,Davidson Taverne,0f8246e77098962beaa5e48211a7cff8,,,,,1.0,4.0,1.0,5.0
394,Snowbird Tiki Bar,c8aba35f90d2eeada8a20ea7915c943a,,,,,36.0,3.5,3.0,7.0
395,Waverly,c8aba35f90d2eeada8a20ea7915c943a,,,,,54.0,3.5,2.0,6.0
396,Le Saint Édouard,c8aba35f90d2eeada8a20ea7915c943a,,,,,19.0,3.5,2.0,8.0
397,Pub Bishop & Bagg,c8aba35f90d2eeada8a20ea7915c943a,,,,,91.0,4.0,2.0,7.0
398,L'Gros Luxe Mile End,c8aba35f90d2eeada8a20ea7915c943a,,,,,84.0,4.0,2.0,4.0
399,Taverne la Remise,c8aba35f90d2eeada8a20ea7915c943a,,,,,7.0,3.0,1.0,6.0
400,Nestor,c8aba35f90d2eeada8a20ea7915c943a,,,,,7.0,2.5,2.0,7.0
401,Mezcaleros,c8aba35f90d2eeada8a20ea7915c943a,,,,,17.0,3.5,1.0,3.0
402,Madisons New York Bar & Grill,0d4d6ab1ff41bf892ecbb0e09a8e2f40,,,,,36.0,3.0,2.0,3.0
403,La Distillerie No.3,e335f2f5ad674c200bb9795ee863749c,,,,,17.0,4.0,2.0,5.0
404,Broue Pub Brouhaha,e335f2f5ad674c200bb9795ee863749c,,,,,40.0,4.5,2.0,7.0
405,Le Rosemont,e335f2f5ad674c200bb9795ee863749c,,,,,12.0,4.0,2.0,7.0
406,Lobby Bar,e335f2f5ad674c200bb9795ee863749c,,,,,9.0,3.0,2.0,5.0
407,Maison Saint-Paul,30efd061ab22a0caa3dc67f5e027154e,,,,,100.0,4.5,3.0,13.0
408,Wolf & Workman,30efd061ab22a0caa3dc67f5e027154e,,,,,120.0,4.5,2.0,21.0
409,BEVO Bar + Pizzeria,30efd061ab22a0caa3dc67f5e027154e,,,,,389.0,4.0,2.0,8.0
410,Terrasse William Gray,30efd061ab22a0caa3dc67f5e027154e,,,,,60.0,3.5,3.0,8.0
411,Les 3 Brasseurs,30efd061ab22a0caa3dc67f5e027154e,,,,,224.0,3.5,2.0,19.0
412,La Cage,30efd061ab22a0caa3dc67f5e027154e,,,,,92.0,3.0,2.0,17.0
413,Le Stud,76d6ac391db2e789d1696e32fccf92f6,,,,,28.0,3.5,2.0,7.0
414,Bar Aigle Noir,76d6ac391db2e789d1696e32fccf92f6,,,,,18.0,3.0,3.0,7.0
415,Complexe Sky,76d6ac391db2e789d1696e32fccf92f6,,,,,59.0,3.5,2.0,6.0
416,Macbar et Fromage,76d6ac391db2e789d1696e32fccf92f6,,,,,44.0,4.0,2.0,6.0
417,Bar le Cocktail,76d6ac391db2e789d1696e32fccf92f6,,,,,5.0,4.0,2.0,7.0
418,Saloon Bistro Bar,76d6ac391db2e789d1696e32fccf92f6,,,,,95.0,3.5,2.0,6.0
419,Lounge l'Un et l'Autre,76d6ac391db2e789d1696e32fccf92f6,,,,,2.0,3.5,2.0,5.0
420,Station des Sports,0d4eff17975078517d6779b678d99fa3,,,,,56.0,2.5,2.0,1.0
421,Pub Saint Pierre,cecb49c91023c7469470569da814659e,,,,,105.0,4.5,2.0,24.0
422,Botero,cecb49c91023c7469470569da814659e,,,,,2.0,4.5,2.0,16.0
423,NYK'S,cecb49c91023c7469470569da814659e,,,,,188.0,4.0,2.0,29.0
424,La Voûte,cecb49c91023c7469470569da814659e,,,,,34.0,4.0,4.0,13.0
425,Sarah B.,cecb49c91023c7469470569da814659e,,,,,28.0,4.0,2.0,14.0
426,Le Confessionnal,cecb49c91023c7469470569da814659e,,,,,18.0,3.0,2.0,12.0
427,Gokudo,cecb49c91023c7469470569da814659e,,,,,62.0,4.5,2.0,27.0
428,Barroco,cecb49c91023c7469470569da814659e,,,,,301.0,4.5,3.0,15.0
429,Pub Victoria,cecb49c91023c7469470569da814659e,,,,,14.0,3.0,2.0,11.0
430,La Cage,cecb49c91023c7469470569da814659e,,,,,63.0,3.5,2.0,17.0
431,Bar George,cecb49c91023c7469470569da814659e,,,,,237.0,4.5,2.0,24.0
432,Cloakroom Bar,69f583a85e1a83b443c203b781bfc0c9,,,,,194.0,5.0,3.0,22.0
433,McLean's Pub,69f583a85e1a83b443c203b781bfc0c9,,,,,133.0,4.0,2.0,22.0
434,Mad Hatter Pub,69f583a85e1a83b443c203b781bfc0c9,,,,,101.0,4.0,1.0,26.0
435,N Sur Mackay,69f583a85e1a83b443c203b781bfc0c9,,,,,89.0,4.5,2.0,26.0
436,Grumpy's Bar,69f583a85e1a83b443c203b781bfc0c9,,,,,36.0,4.0,1.0,27.0
437,Alice Bar,69f583a85e1a83b443c203b781bfc0c9,,,,,3.0,4.0,2.0,18.0
438,Hurley's Irish Pub,69f583a85e1a83b443c203b781bfc0c9,,,,,136.0,4.0,2.0,24.0
439,The Brass Door Pub,69f583a85e1a83b443c203b781bfc0c9,,,,,35.0,4.0,1.0,7.0
440,Le Warehouse,69f583a85e1a83b443c203b781bfc0c9,,,,,161.0,3.5,1.0,17.0
441,Piranha Bar,69f583a85e1a83b443c203b781bfc0c9,,,,,22.0,3.5,2.0,17.0
442,Sir Winston Churchill Pub,69f583a85e1a83b443c203b781bfc0c9,,,,,143.0,3.5,2.0,11.0
443,Peel Pub,69f583a85e1a83b443c203b781bfc0c9,,,,,109.0,3.0,1.0,16.0
444,Notre-Bœuf-de-Grâce,69f583a85e1a83b443c203b781bfc0c9,,,,,56.0,4.0,2.0,10.0
445,Bier Markt,69f583a85e1a83b443c203b781bfc0c9,,,,,246.0,3.5,2.0,22.0
446,Ziggy's Pub,69f583a85e1a83b443c203b781bfc0c9,,,,,35.0,3.5,2.0,7.0
447,Philemon Bar,7efdfc0229daac74cfa58a8a39d13ac2,,,,,72.0,3.5,2.0,14.0
448,Café Parvis,650b371db12a750bd2db8da8ecfa0890,,,,,223.0,4.0,2.0,12.0
449,SuWu,650b371db12a750bd2db8da8ecfa0890,,,,,133.0,3.5,2.0,8.0
450,Blvd44,650b371db12a750bd2db8da8ecfa0890,,,,,26.0,2.5,2.0,5.0
451,Biirū,650b371db12a750bd2db8da8ecfa0890,,,,,191.0,4.0,2.0,12.0
452,Apartment 200,650b371db12a750bd2db8da8ecfa0890,,,,,72.0,3.0,2.0,6.0
453,Clébard,1013ec013026d8e51b4e126c5c72c5c8,,,,,19.0,3.5,2.0,7.0
454,Quai des Brumes,1013ec013026d8e51b4e126c5c72c5c8,,,,,18.0,3.5,1.0,5.0
455,La Cage ,81e413363c9c2b6933f4706dd9fafc6b,,,,,36.0,3.5,2.0,12.0
456,Henri - Brasserie Francaise,81e413363c9c2b6933f4706dd9fafc6b,,,,,44.0,4.0,3.0,12.0
457,Ye Olde Orchard,81e413363c9c2b6933f4706dd9fafc6b,,,,,83.0,4.0,2.0,7.0
458,Pub Lord William,ede6b6e636d0057c3569441aad58f64c,,,,,38.0,4.0,2.0,18.0
459,Industria Pizzeria + Bar,ede6b6e636d0057c3569441aad58f64c,,,,,44.0,3.5,2.0,7.0
460,Perles et Paddock,ede6b6e636d0057c3569441aad58f64c,,,,,50.0,4.0,4.0,16.0
461,Resto-Pub 100 Génies,ede6b6e636d0057c3569441aad58f64c,,,,,8.0,3.0,2.0,10.0
462,Le Bureau,ede6b6e636d0057c3569441aad58f64c,,,,,33.0,3.5,3.0,14.0
463,Knox,ede6b6e636d0057c3569441aad58f64c,,,,,19.0,4.5,2.0,7.0
464,Mélisse,ede6b6e636d0057c3569441aad58f64c,,,,,45.0,4.5,2.0,8.0
465,Arem Restaurant,ede6b6e636d0057c3569441aad58f64c,,,,,4.0,1.5,2.0,11.0
466,Bar le Sénateur,ede6b6e636d0057c3569441aad58f64c,,,,,6.0,3.5,3.0,6.0
467,Taverne 1909 signé St-Hubert,ede6b6e636d0057c3569441aad58f64c,,,,,40.0,2.5,2.0,3.0
468,Pub Burgundy Lion,444448176f019fa75930cba6037f6ed8,,,,,234.0,4.0,2.0,15.0
469,La Drinkerie Ste-Cunégonde,444448176f019fa75930cba6037f6ed8,,,,,51.0,4.0,2.0,14.0
470,Canal Lounge,444448176f019fa75930cba6037f6ed8,,,,,28.0,4.5,2.0,9.0
471,Bar Ganadara,444448176f019fa75930cba6037f6ed8,,,,,72.0,4.0,2.0,11.0
472,Imadake,444448176f019fa75930cba6037f6ed8,,,,,287.0,4.0,2.0,11.0
473,KINKA IZAKAYA MONTREAL,444448176f019fa75930cba6037f6ed8,,,,,378.0,4.0,2.0,13.0
474,Forum Sports Bar & GamesCentre,444448176f019fa75930cba6037f6ed8,,,,,32.0,2.5,2.0,8.0
475,Cock'n Bull Pub,444448176f019fa75930cba6037f6ed8,,,,,16.0,3.5,1.0,8.0
476,La Chic Régal,444448176f019fa75930cba6037f6ed8,,,,,7.0,3.0,1.0,6.0
477,Kampaï Garden,444448176f019fa75930cba6037f6ed8,,,,,159.0,3.5,2.0,8.0
478,La Station des Sports,444448176f019fa75930cba6037f6ed8,,,,,108.0,2.5,2.0,7.0
479,Pub Epoxy,444448176f019fa75930cba6037f6ed8,,,,,9.0,3.5,2.0,8.0
480,La Belle & La Boeuf,444448176f019fa75930cba6037f6ed8,,,,,217.0,3.5,2.0,1.0
481,Le Tequila Bar,f9cff3cd7959287708ec2346fdc9f24c,,,,,44.0,3.5,2.0,8.0
482,Cafe Lounge,ce541d236b1fb3391edee931485e6ad7,,,,,2.0,2.0,1.0,2.0
483,Les Deux Gamins,4752f08cc123b7e93771ee25c318efee,,,,,598.0,4.0,2.0,4.0
484,El Furniture Warehouse,4752f08cc123b7e93771ee25c318efee,,,,,22.0,4.0,1.0,4.0
485,Abreuvoir Bar & Terrasse,4752f08cc123b7e93771ee25c318efee,,,,,25.0,4.0,2.0,1.0
486,Mme Lee,4752f08cc123b7e93771ee25c318efee,,,,,31.0,3.0,2.0,4.0
487,Bar De Courcelle,4c87345d7a652a966f526460dfa264c5,,,,,27.0,4.0,1.0,6.0
488,Cordova,4c87345d7a652a966f526460dfa264c5,,,,,20.0,4.5,2.0,6.0
489,Cadet,eb0fd4c2ab7be34b815978bb8ebfbe65,,,,,115.0,4.5,3.0,5.0
490,MVP Bar Sportif,eb0fd4c2ab7be34b815978bb8ebfbe65,,,,,52.0,3.0,2.0,2.0
491,La Marche à Côté,268397f44e5cae3f431fc80129c14fd5,,,,,2.0,3.0,2.0,3.0
492,Les 3 Brasseurs,3cbb64215b647b4779187f72b150a036,,,,,329.0,3.0,2.0,19.0
493,The Emerald,462e77d533503e90f53675acf2f9ddcc,,,,,33.0,3.5,2.0,3.0
494,Holder,81835dccb50d8900b00cc0a3ea1b480f,,,,,377.0,4.0,3.0,7.0
495,La Catrina,81835dccb50d8900b00cc0a3ea1b480f,,,,,47.0,4.0,2.0,10.0
496,The Farsides,81835dccb50d8900b00cc0a3ea1b480f,,,,,39.0,3.0,2.0,7.0
497,Somwhr Liquor Lounge,81835dccb50d8900b00cc0a3ea1b480f,,,,,7.0,2.5,2.0,6.0
498,Le Saint-Sulpice,81835dccb50d8900b00cc0a3ea1b480f,,,,,76.0,3.5,2.0,6.0
499,Bord'Elle Boutique Bar and Eatery,81835dccb50d8900b00cc0a3ea1b480f,,,,,65.0,3.5,4.0,1.0
500,Andrews Bar,16fb65f48b8435b23e10d3e232fd5f0c,,,,,11.0,3.5,1.0,10.0
501,Riverside,d63041391198f1496b84b02d71a3ed90,,,,,25.0,4.0,1.0,3.0
502,Loïc,d63041391198f1496b84b02d71a3ed90,,,,,24.0,3.0,3.0,3.0
503,Cafe Del Monko,d63041391198f1496b84b02d71a3ed90,,,,,1.0,5.0,1.0,3.0
504,Elena,d63041391198f1496b84b02d71a3ed90,,,,,57.0,4.0,3.0,3.0
505,Taverne Saint-Sacrement,f07d83b19d7555633ed07b8705e1439c,,,,,27.0,3.5,2.0,2.0
506,Beaumonde Par Mademoiselle,1e35b33de4e369aeedcdd6de0f62c2cb,,,,,5.0,3.0,2.0,2.0
507,Shehrazad,7b28024fd4c90ded38fc0447771d1ca4,,,,,5.0,4.0,2.0,6.0
508,Crobar,7b28024fd4c90ded38fc0447771d1ca4,,,,,5.0,3.0,1.0,1.0
509,Joverse,3e138c9acff07bff5f9e684c01bc564f,,,,,55.0,3.5,2.0,2.0
510,Furco,014e10dba2d92bd20c826b88864dc6b6,,,,,64.0,3.5,2.0,4.0
511,Ace Bar,014e10dba2d92bd20c826b88864dc6b6,,,,,6.0,2.5,2.0,3.0
512,La P'tite Grenouille Montréal,12d398be5955fed8787b107d04ba8cab,,,,,25.0,3.0,2.0,3.0
513,Galt,f7b1f88c4f4e3231537dd0a5a7397287,,,,,1.0,3.0,3.0,1.0
514,Nuvoo,f7b1f88c4f4e3231537dd0a5a7397287,,,,,2.0,1.0,1.0,2.0
515,St-Laurent Bifteck,b7ea33e5396a99849c76067836da7f21,,,,,51.0,4.0,1.0,2.0
516,Ye Olde Orchard,d1c5df1e255b5babc511fd7d2cf91997,,,,,53.0,4.0,2.0,7.0
517,Broue Pub Brouhaha,7eaaf829040807e1e2c7091f2866f62e,,,,,9.0,4.0,2.0,7.0
518,Pincette,3cc8af25d891cb13e3301e4a612d0383,,,,,38.0,4.5,3.0,5.0
519,John Michael's Pub,3cc8af25d891cb13e3301e4a612d0383,,,,,48.0,3.0,2.0,4.0
520,Pub St-Paul,3cc8af25d891cb13e3301e4a612d0383,,,,,51.0,2.5,2.0,3.0
521,Perché,3f155bd80f721e2f372821f3a7b08512,,,,,42.0,3.5,3.0,2.0
522,Méchant Bœuf Bar & Brasserie,d5193bc68b01855a79fd8c694ef2e2f9,,,,,182.0,3.5,3.0,2.0
523,Arabica Lounge,ac728f271b196e19899f2323fb8d7795,,,,,8.0,4.0,2.0,1.0
524,Vargas,7214c61eb7f8d875d6db8db935ad16ea,,,,,95.0,3.5,3.0,1.0
525,L'Gros Luxe Plateau,15f3a0b338dba26f99a8df6fab3fdbc7,,,,,42.0,3.5,2.0,1.0
