,bar_id,bar_name,station_id,popularity,rating,price,review_count,total_counts
0,55aedbd9498eb6db5d095733,Le 4e Mur,36c6491aa1b52e5ef7005f984738de27,0.9660450876704704,9.0,3.0,99.0,11.0
1,4b0c1ff8f964a520603723e3,Le Saint Bock,36c6491aa1b52e5ef7005f984738de27,0.9801108993984028,8.3,2.0,36.0,9.0
2,4ad4c06bf964a5203ef920e3,Brasserie Artisanale l'Amère a Boire Inc,36c6491aa1b52e5ef7005f984738de27,0.9608640733049304,8.1,2.0,131.0,8.0
3,56ec4544498e27e294330c2b,Cadet,36c6491aa1b52e5ef7005f984738de27,0.9811314022279788,9.5,2.0,13.0,23.0
4,4c1009053ce120a19f6d071c,Pub l'Ile Noire,36c6491aa1b52e5ef7005f984738de27,0.9757577055100016,7.8,2.0,129.0,6.0
5,5786aca5498e11e46ccfe8e7,Renard,36c6491aa1b52e5ef7005f984738de27,0.982351723793416,8.0,3.0,21.0,12.0
6,4ad4c06bf964a5202af920e3,Le Cheval Blanc,36c6491aa1b52e5ef7005f984738de27,0.9835434998251588,7.7,2.0,146.0,2.0
7,4ad4c06ef964a52010fb20e3,Cabaret Mado,36c6491aa1b52e5ef7005f984738de27,0.9631976706844504,8.3,2.0,16.0,11.0
8,5536df62498e2325f5f9be5c,Le Red Tiger,36c6491aa1b52e5ef7005f984738de27,0.9686926859206292,8.0,2.0,137.0,9.0
9,54767635498ee8c8c4f3ae4e,Patrick'S Pub Irlandais,36c6491aa1b52e5ef7005f984738de27,0.9720539225131488,7.6,2.0,13.0,2.0
10,50cfc6a0e4b00c2caa3b1e57,Madame Smith,65f5707d61306518123222b4680bc282,0.9703982815588716,7.9,2.0,216.0,7.0
11,4f039af102d5cce0cf039639,L'Espace Public-Brasseurs de Quartier,65f5707d61306518123222b4680bc282,0.9792117150870282,8.7,2.0,16.0,5.0
12,53b68e72498e8b9d660abb9d,Le Trèfle - Taverne Irlandaise,65f5707d61306518123222b4680bc282,0.9747800209809672,7.6,2.0,2.0,7.0
13,54ff8f33498e0e2e2734aaf2,Le Blind Pig,65f5707d61306518123222b4680bc282,0.9773419826300428,7.0,1.0,25.0,7.0
14,557e24bb122b43ee5b6f9f09,Brasserie de Lasalle Enr,65f5707d61306518123222b4680bc282,0.5996988446195237,8.2,2.0,65.0,5.0
15,212eaec4bd794982cf8789a9,La Nef,65f5707d61306518123222b4680bc282,0.7792359787906684,8.2,2.0,143.0,7.0
16,4c6f5686d274b60c4e8cd60d,Bar le Bureau,65f5707d61306518123222b4680bc282,0.9100102050282958,8.2,2.0,59.0,3.0
17,5465440c498e7f14d79989c3,Bar l'Assemblée,65f5707d61306518123222b4680bc282,0.9256460211094222,8.2,2.0,187.0,4.0
18,514531a5e4b0910b604fb7cc,Taverne l'Escale,65f5707d61306518123222b4680bc282,0.9412247461231597,8.2,2.0,31.0,4.0
19,5781c6e1498e7519bb8a5e83,Loupblond,65f5707d61306518123222b4680bc282,0.0338264574279046,8.2,2.0,72.0,4.0
20,54f4fd2c498e6ed27bd8e8ae,Rouge Gorge,0e58810dea9e4869279089cb8576642f,0.9532210066582456,8.2,2.0,53.0,11.0
21,56159b81498e692deb443cb9,Pub West Shefford,0e58810dea9e4869279089cb8576642f,0.9640326275450128,8.1,2.0,169.0,8.0
22,4ad4c06bf964a52090f920e3,Bily Kun,0e58810dea9e4869279089cb8576642f,0.956589379634189,8.0,2.0,68.0,13.0
23,4ae3d573f964a5203e9921e3,La Distillerie No2,0e58810dea9e4869279089cb8576642f,0.968492867184768,8.3,2.0,40.0,7.0
24,541260c1498eaf769b43d38c,Fitzroy,0e58810dea9e4869279089cb8576642f,0.975493659323328,6.0,2.0,46.0,8.0
25,4ad4c06bf964a52060f920e3,Bar Plan B,0e58810dea9e4869279089cb8576642f,0.9550265116644188,7.0,2.0,35.0,7.0
26,4cd1f545de0f6dcbe6617463,A Bar,0e58810dea9e4869279089cb8576642f,0.9262882956175468,7.7,2.0,190.0,2.0
27,4ae294f6f964a5201e8f21e3,Cafe-Bar le Boudoir,0e58810dea9e4869279089cb8576642f,0.9252606564045474,7.4,1.0,20.0,4.0
28,5560d3e3498eb97d20dc071a,Le Terminal,0e58810dea9e4869279089cb8576642f,0.9725748785030722,7.5,2.0,52.0,6.0
29,4ae3b893f964a520749821e3,Aux Verres Stérilisés Inc,0e58810dea9e4869279089cb8576642f,0.9487893125521848,6.8,2.0,147.0,1.0
30,51057014e4b05ec8610cb068,132 Bar Vintage,eeda0f4010f34ca2199f3585a76fef66,0.935308684264988,8.3,3.0,109.0,3.0
31,50a66e27e4b052420c9534a3,Les Cavistes,eeda0f4010f34ca2199f3585a76fef66,0.9494744053608511,8.0,2.0,13.0,3.0
32,4bd384809854d13a220afe4d,Uber Cafbar,eeda0f4010f34ca2199f3585a76fef66,0.954748192710898,7.5,2.0,9.0,4.0
33,a235d106f4c5408473d1dca0,In Vino Veritas,eeda0f4010f34ca2199f3585a76fef66,0.3041669342810451,8.2,2.0,100.0,3.0
34,4d0c25fa801054816a001796,Bienvenu Bar Salon,eeda0f4010f34ca2199f3585a76fef66,0.937228371405939,8.2,2.0,135.0,4.0
35,4dcf65d3183899ddfaec7935,Bar Lajeunesse,eeda0f4010f34ca2199f3585a76fef66,0.5046993084844462,8.2,2.0,145.0,2.0
36,4d0c5208d515236a09cd064b,Bar Ahuntsic,eeda0f4010f34ca2199f3585a76fef66,0.9933060723486552,8.2,2.0,127.0,3.0
37,4b7eb7b0f964a520eafa2fe3,Le Rendez Vous du Thé,eeda0f4010f34ca2199f3585a76fef66,0.9319260385221976,8.2,2.0,5.0,3.0
38,5a0e4f8c8194fc76a7737397,Le Pourvoyeur,eeda0f4010f34ca2199f3585a76fef66,0.9605215269005972,8.2,3.0,181.0,7.0
39,ae4819eb18ca4e495deeb86a,Lanny Izakaya,eeda0f4010f34ca2199f3585a76fef66,0.8996190724673447,8.2,2.0,87.0,4.0
40,5606f3e59a184b4d75b78b9a,Resto-Bar Lucky 7,8140fc3c3486abf913b0bd9211926f2b,0.6085265509145276,8.2,2.0,53.0,6.0
41,48d57f4a1808476d9b42c59d,Brasserie Place 37,8140fc3c3486abf913b0bd9211926f2b,0.8063542358003811,8.2,2.0,66.0,2.0
42,2069e40c3f484191f0149871,Perandello Sport Bar,8140fc3c3486abf913b0bd9211926f2b,0.3135084601825487,8.2,2.0,150.0,2.0
43,34c15ba7ec3c4fa2619b1274,Brasserie Chez le Pere Gedeon,8140fc3c3486abf913b0bd9211926f2b,0.8996190724673447,8.2,2.0,26.0,6.0
44,4af8a196f964a520d30e22e3,Chez Baptiste Sur Masson,e287c24d95d9f0e3767d167d83ecebcd,0.9611780741755692,7.0,2.0,186.0,3.0
45,4de0837ec65bcc724f423d55,Morelli,e287c24d95d9f0e3767d167d83ecebcd,0.1116772641960507,8.2,2.0,85.0,7.0
46,b60737e7cfeb43165b412c9a,Taverne Morelli,e287c24d95d9f0e3767d167d83ecebcd,0.8996190724673447,8.2,2.0,89.0,4.0
47,57aca538498efa5e389d018a,Cherry Bar Inc,bfc27d829d7ce8c0f9e55b1cab901cbb,0.9025526843506247,8.2,2.0,95.0,4.0
48,0676e51e2d2f425b5977cdac,Action Production a N J,bfc27d829d7ce8c0f9e55b1cab901cbb,0.8996190724673447,8.2,2.0,125.0,2.0
49,61fbec86eea3a30441af3db2,Vin Prendre Une Bière,1ff33fd73e2add3c30fcd821850dccd3,0.6761509202366425,8.2,2.0,115.0,2.0
50,4ce5d01eb9975481ecb9ec44,Resto Bar Trophys,1ff33fd73e2add3c30fcd821850dccd3,0.978269712475112,8.2,2.0,76.0,2.0
51,27e752c42904450e443198df,Solevino,1ff33fd73e2add3c30fcd821850dccd3,0.3006629700200532,8.2,2.0,42.0,2.0
52,2a12178ac65d4877aff124f9,Resto Bar Beauharnois,1ff33fd73e2add3c30fcd821850dccd3,0.0584755257730487,8.2,2.0,132.0,4.0
53,4c6f343a0d68ef3b3fd946e7,Le Bar Salon Solid Gold Inc,1ff33fd73e2add3c30fcd821850dccd3,0.9777630292520356,8.2,2.0,189.0,4.0
54,573d039ccd10fe71e376c912,Pub Pit Caribou,2501128835e132f929d56798aa789839,0.9676079556402406,8.4,2.0,37.0,3.0
55,58818ec01174200247eb1f81,Le Royal,2501128835e132f929d56798aa789839,0.0782647170067153,8.5,3.0,138.0,4.0
56,53c9c69b498e1fd4f3aa670a,Grenade - Resto-bar et terrasse,2501128835e132f929d56798aa789839,0.9634545804877004,8.0,2.0,81.0,5.0
57,4adb8f80f964a520fd2821e3,Barraca Rhumerie,2501128835e132f929d56798aa789839,0.925867248995554,7.4,1.0,33.0,3.0
58,5849d31423188e1e7a58e397,Marconi,00c210cb99cf9d1b923c1548938aee56,0.9641682188300612,9.0,2.0,145.0,5.0
59,548f5fec498e19e6e8b9f5da,Brasserie Harricana,00c210cb99cf9d1b923c1548938aee56,0.9738380183690508,8.8,2.0,86.0,6.0
60,5668a837498e95e2fca374ba,Birra,00c210cb99cf9d1b923c1548938aee56,0.9846995939397832,8.1,2.0,24.0,6.0
61,4ad4c06bf964a5205af920e3,Vices & Versa Bistro du Terroir Inc,00c210cb99cf9d1b923c1548938aee56,0.9729459704411,8.5,2.0,175.0,5.0
62,556653bc498e86ab9700cf34,Yïsst,00c210cb99cf9d1b923c1548938aee56,0.9680718205627752,8.5,2.0,6.0,4.0
63,50d0ecf1e4b0fda9f35bfd5f,Bar le Vestiaire,00c210cb99cf9d1b923c1548938aee56,0.987418556024178,8.1,2.0,39.0,6.0
64,5a9dd63f3af9884365660a40,Cicchetti,00c210cb99cf9d1b923c1548938aee56,0.9682930484489072,7.9,2.0,120.0,7.0
65,51f9d75e498eceabc4345166,Huis Clos,00c210cb99cf9d1b923c1548938aee56,0.9449428018868598,7.0,2.0,17.0,6.0
66,5c156a1ccbcdee002c5dfe6b,Bar St-Denis,00c210cb99cf9d1b923c1548938aee56,0.9759075695618974,6.9,2.0,182.0,5.0
67,4f42f3d3e4b03c8ff60869f3,Notre Dame des Quilles,00c210cb99cf9d1b923c1548938aee56,0.944792937834964,9.0,2.0,36.0,1.0
68,5675d65b498ef5898f8b080b,Taverne Cobra,f9bb106633ce38eeec6728faed3155ad,0.9416457927451526,7.4,1.0,191.0,1.0
69,4b15c25cf964a520dbb323e3,Miss Villeray,f9bb106633ce38eeec6728faed3155ad,0.9518080027403713,7.1,2.0,21.0,4.0
71,4b9ae085f964a520a7de35e3,Buvette Chez Simone,a32e2261fca6732a8f47eec9fef69017,0.944899983586318,9.0,2.0,118.0,6.0
72,58c8b974951e7d7e08bc6fd8,Darling,a32e2261fca6732a8f47eec9fef69017,0.9799039442791182,9.2,3.0,8.0,10.0
73,4b47fbe5f964a520b64526e3,Salon Daome,a32e2261fca6732a8f47eec9fef69017,0.4863088484018069,8.5,1.0,78.0,11.0
74,533de7ac498e9266dca655ff,Le Majestique,a32e2261fca6732a8f47eec9fef69017,0.976735390039036,9.0,2.0,204.0,10.0
75,4ad4c06bf964a5203df920e3,Brasserie Dieu du Ciel,a32e2261fca6732a8f47eec9fef69017,0.9624340776581244,9.1,2.0,112.0,8.0
76,4ad4c06bf964a5206df920e3,Casa del Popolo,a32e2261fca6732a8f47eec9fef69017,0.9515510929371214,8.2,2.0,60.0,9.0
77,4ae22438f964a5201e8b21e3,Réservoir,a32e2261fca6732a8f47eec9fef69017,0.9639898092444712,8.5,1.0,59.0,10.0
78,595eaff1f427de5e694c808c,Bar Suzanne,a32e2261fca6732a8f47eec9fef69017,0.9591085229827228,8.0,2.0,48.0,8.0
79,563d374ccd102a339a37edf2,Bar Henrietta,a32e2261fca6732a8f47eec9fef69017,0.9574314728781748,8.0,3.0,42.0,7.0
80,5372ed9f498e6f504d4fe05d,Bar le Mal Nécessaire,f332a5c6e3f7fc73096885d6efc0f829,0.9816666309847496,8.8,3.0,37.0,21.0
81,4ad4c06af964a5200ff920e3,Sainte-Elisabeth,f332a5c6e3f7fc73096885d6efc0f829,0.972631969570461,8.0,2.0,205.0,4.0
82,4cd21ce53e63721ed8c5a7cc,Bar Zoe Karaoke et Cocktails,0243c740e1d4fe272e0c414cdd900c7d,0.9857700514533244,7.6,2.0,151.0,4.0
83,754658eea30844a566cf5f79,Bar Hélène,0243c740e1d4fe272e0c414cdd900c7d,0.4761680475568591,8.2,2.0,20.0,5.0
84,34f21679eb114782ec3509a5,Beamers Bar,0243c740e1d4fe272e0c414cdd900c7d,0.0980610446238055,8.2,2.0,171.0,5.0
85,1e132627230345ea96339611,Café Bar Brewski's,0243c740e1d4fe272e0c414cdd900c7d,0.7973053016192454,8.2,2.0,131.0,3.0
86,04370f71f5954b42f7db79fb,Au Ptit Buck,0243c740e1d4fe272e0c414cdd900c7d,0.379976735390039,8.2,2.0,190.0,5.0
87,528c47fc11d211233bdfb21b,Bar Excel,0243c740e1d4fe272e0c414cdd900c7d,0.9512014101493644,8.2,3.0,111.0,5.0
88,68ede87884ff4255b8991866,Bar Zoe,0243c740e1d4fe272e0c414cdd900c7d,0.8996190724673447,8.2,2.0,29.0,4.0
89,5282865f11d2a93492597e98,Empire Cafe,278e51e3bb2d95cf556a62edff8f95ec,0.475111862810165,8.2,1.0,221.0,3.0
90,1a3471063dbb45eb49299f6d,Chez Momo,278e51e3bb2d95cf556a62edff8f95ec,0.8996190724673447,8.2,2.0,217.0,1.0
91,e27e3493e6ad43b84b9dc022,Bar 1370,278e51e3bb2d95cf556a62edff8f95ec,0.8996190724673447,8.2,2.0,54.0,2.0
92,5485fcbc498e2f5b907f32ab,Limite08,700cf042fd8763ec6c702d94d5b6689b,0.7328923048377544,8.2,2.0,37.0,2.0
93,4ca67cbcb7106dcbb8a75ea5,Taverne La-Paz,700cf042fd8763ec6c702d94d5b6689b,0.4427769095177946,8.2,2.0,193.0,2.0
94,57f7f9bbcd10b5d0637b4b5d,Ruelle des papillons,700cf042fd8763ec6c702d94d5b6689b,0.1802507725135056,8.2,3.0,206.0,3.0
95,63268d3977e6454897dab7e3,Le Grand Lionel,700cf042fd8763ec6c702d94d5b6689b,0.8996190724673447,8.2,2.0,214.0,3.0
96,561ea014498e1dcaa9772c8a,Boswell Brasserie Artisanale,82cc3be4d76f16ca475536a6e07461c5,0.97502265801737,8.3,2.0,163.0,7.0
97,4bf9ff125efe2d7fe5216d34,Bar Davidson,0f8246e77098962beaa5e48211a7cff8,0.9615777116472912,6.0,1.0,1.0,4.0
98,4e0279ac483bb38cf0effa93,Bar St Vincent,0f8246e77098962beaa5e48211a7cff8,0.908326018540324,8.2,2.0,39.0,4.0
99,5ac0419d4c954c34ab44ee4b,Blockhaus,0f8246e77098962beaa5e48211a7cff8,0.981623812684208,8.2,3.0,116.0,4.0
100,4c3751b70a71c9b614973ec9,Brasserie des Patriotes,0f8246e77098962beaa5e48211a7cff8,0.9607427547867292,7.0,1.0,3.0,3.0
101,543745e9498e0d5e64dd929a,Ping Pong Club,c8aba35f90d2eeada8a20ea7915c943a,0.9569319260385222,8.0,2.0,36.0,5.0
102,530d54f0498e3559bf75e043,Bishop & Bagg,c8aba35f90d2eeada8a20ea7915c943a,0.955968514276335,8.6,2.0,167.0,6.0
103,540314f8498e97602cef55ba,Isle de Garde,c8aba35f90d2eeada8a20ea7915c943a,0.97061237306158,9.1,3.0,139.0,4.0
104,4ad4c06af964a520faf820e3,Whisky Café,c8aba35f90d2eeada8a20ea7915c943a,0.8980139444932097,8.0,3.0,37.0,4.0
105,4b1f4cecf964a520512524e3,Nacho Libre,c8aba35f90d2eeada8a20ea7915c943a,0.9636686719904088,7.8,2.0,83.0,4.0
106,4ccaf5c7c9b846885faab2c3,Bar Waverly,c8aba35f90d2eeada8a20ea7915c943a,0.9615634388804442,7.4,1.0,215.0,4.0
107,4ae3af79f964a520249821e3,Bar Tapas Taza Flores,c8aba35f90d2eeada8a20ea7915c943a,0.9264310232860192,7.8,3.0,60.0,3.0
108,500a199de4b0114578789f65,The Emerald,c8aba35f90d2eeada8a20ea7915c943a,0.9233052873464784,7.7,3.0,152.0,2.0
109,5d125be07140700023cc5b8c,Bières Jukebox,0d4d6ab1ff41bf892ecbb0e09a8e2f40,0.8779036160054807,8.2,2.0,29.0,4.0
110,52647dcd498e25e8a0faceb5,MaBrasserie,e335f2f5ad674c200bb9795ee863749c,0.965759632333526,9.0,2.0,48.0,5.0
111,4d0bf0f25ce054814e8425dc,La Distillerie No 3,e335f2f5ad674c200bb9795ee863749c,0.9546696924932384,8.2,2.0,179.0,4.0
112,4e8230b4f5b91d2e46d64910,Quai No.4,e335f2f5ad674c200bb9795ee863749c,0.9562682423801266,8.0,3.0,123.0,3.0
113,4ae3ea74f964a520979921e3,Verre Bouteille,e335f2f5ad674c200bb9795ee863749c,0.9658952236185746,6.9,1.0,26.0,4.0
114,4b27e67ff964a520ee8b24e3,Bar Lounge Lobby,e335f2f5ad674c200bb9795ee863749c,0.9181100002140916,6.4,3.0,21.0,2.0
115,4b0a1766f964a520b52123e3,La Porte Rouge,e335f2f5ad674c200bb9795ee863749c,0.9208146895316393,6.3,2.0,215.0,4.0
116,55777789498e80fb292f9b8a,Pub BreWskey,30efd061ab22a0caa3dc67f5e027154e,0.9912079756221144,8.9,1.0,186.0,7.0
117,57e2f1e3498ea815291bae31,Cold Room,30efd061ab22a0caa3dc67f5e027154e,0.9576598371477304,8.7,3.0,180.0,9.0
118,595eb9036cf01a44b31964c5,Perché,30efd061ab22a0caa3dc67f5e027154e,0.9697274615170524,8.3,2.0,63.0,7.0
119,4bdf009389ca76b0cfab5d5e,Terrasse Place d'Armes,30efd061ab22a0caa3dc67f5e027154e,0.9753223861211616,7.0,3.0,68.0,17.0
120,4ad4c06bf964a5204cf920e3,Modavie,30efd061ab22a0caa3dc67f5e027154e,0.9911294754044544,8.5,2.0,185.0,12.0
121,5c9583a2123a19002cd832f8,Pub Wolf & Workman,30efd061ab22a0caa3dc67f5e027154e,0.9745017020274466,8.8,2.0,86.0,16.0
122,511d7d4be4b0ae5fffd73e82,Rebel Brasserie Urbaine,76d6ac391db2e789d1696e32fccf92f6,0.8936393414545377,8.1,3.0,31.0,6.0
123,4b6cdd27f964a520035a2ce3,Bar l'aigle Noir,76d6ac391db2e789d1696e32fccf92f6,0.9849279582093386,7.9,2.0,179.0,5.0
124,4b4e66d8f964a5206bec26e3,Bar le Stud,76d6ac391db2e789d1696e32fccf92f6,0.993470209167398,7.5,2.0,39.0,6.0
125,5c79a3fc66fc65002c413d1b,Bistro Tendresse,76d6ac391db2e789d1696e32fccf92f6,0.9561112419448072,7.8,3.0,106.0,4.0
126,4b186576f964a52017d223e3,Le National,76d6ac391db2e789d1696e32fccf92f6,0.9417028838125416,7.6,2.0,171.0,3.0
127,4fa9c7f9e4b096d4709e4294,Bar Stock&Lounge,76d6ac391db2e789d1696e32fccf92f6,0.9770708000599456,7.4,2.0,119.0,2.0
128,595efe0c112c6c7093f64ef6,District Video Lounge,76d6ac391db2e789d1696e32fccf92f6,0.9774418919979732,7.3,3.0,152.0,5.0
129,57dafea0498e5359faf5f11f,Tiradito,cecb49c91023c7469470569da814659e,0.9509516367295382,8.0,2.0,150.0,20.0
130,59622257531593143d4e0ff9,Nacarat,cecb49c91023c7469470569da814659e,0.9825586789127008,8.0,3.0,28.0,25.0
131,550bd362498e0e9050efe954,Escondite,cecb49c91023c7469470569da814659e,0.9734026989802108,8.0,2.0,247.0,43.0
132,4b0435bcf964a520215222e3,Nyks Bistro Pub,cecb49c91023c7469470569da814659e,0.992235614835114,8.8,2.0,38.0,22.0
133,556467ea498e21a8004aabc5,Tommy,cecb49c91023c7469470569da814659e,0.9809387198755416,8.4,1.0,49.0,15.0
134,583677b7288b6a0d9c6b399f,Bord'Elle,cecb49c91023c7469470569da814659e,0.974730066297002,7.8,3.0,148.0,4.0
135,556902a1498e618f7c287e74,Soubois,69f583a85e1a83b443c203b781bfc0c9,0.9849850492767276,6.0,2.0,38.0,18.0
136,5928b8f482a7501cafce9f60,Bar George,69f583a85e1a83b443c203b781bfc0c9,0.977284891562654,8.5,3.0,109.0,17.0
137,567aba8e498e6b5bdd0ad844,Bar Cloakroom,69f583a85e1a83b443c203b781bfc0c9,0.9756506597586476,8.6,3.0,182.0,14.0
138,4b08d25cf964a520a41223e3,Ye Olde Orchard Pub & Grill,69f583a85e1a83b443c203b781bfc0c9,0.9777987111691536,8.3,2.0,194.0,22.0
140,53701414498ec249d96976cc,Brass Door,69f583a85e1a83b443c203b781bfc0c9,0.9632333526015686,8.0,1.0,29.0,6.0
141,4ad4c06bf964a52024f920e3,Upstairs Jazz Bar & Grill,69f583a85e1a83b443c203b781bfc0c9,0.9832152261876728,8.4,2.0,205.0,17.0
142,56453da5498e11179bd146d7,C'Cho-Colat,69f583a85e1a83b443c203b781bfc0c9,0.9745587930948354,8.1,1.0,106.0,12.0
143,57fffed138fa0da136f2a8e3,La Cage,7efdfc0229daac74cfa58a8a39d13ac2,0.99533280524096,8.4,1.0,90.0,12.0
144,4ae4d07df964a520669e21e3,Benelux,650b371db12a750bd2db8da8ecfa0890,0.9899876540566772,8.0,1.0,127.0,11.0
145,4ae0e7f9f964a520928321e3,Pullman,650b371db12a750bd2db8da8ecfa0890,0.969534779164615,8.0,2.0,204.0,16.0
146,4b6e6475f964a52081bb2ce3,McKibbin's Irish Pub,650b371db12a750bd2db8da8ecfa0890,0.9877182841279696,7.0,2.0,62.0,14.0
147,52d731d011d2a0079c930734,Biiru,650b371db12a750bd2db8da8ecfa0890,0.96940632426299,8.2,2.0,46.0,11.0
148,58af99d2f22995176a094d1f,Siboire,1013ec013026d8e51b4e126c5c72c5c8,0.9792045787036046,7.7,2.0,222.0,4.0
149,4cae667a1463a143f58f8ca9,Taverne Metro-Pub,04f6eaaa0d7993020973687c13f41663,0.9615563024970204,8.2,2.0,162.0,4.0
150,4c6b77620c3ac9b64239d238,Bar Sexe Mania,04f6eaaa0d7993020973687c13f41663,0.9524574136319196,8.2,2.0,68.0,3.0
151,4e1631551495f6691bf04a74,The Kath Women,04f6eaaa0d7993020973687c13f41663,0.0899612494380098,8.2,1.0,142.0,3.0
152,4dfffdabae6001fafcac02df,Bar Fullum,04f6eaaa0d7993020973687c13f41663,0.9643252192653808,8.2,2.0,159.0,4.0
153,4ae39fe71c9a42a9f3218291,Pro Max Pub,04f6eaaa0d7993020973687c13f41663,0.3763371798439986,8.2,2.0,79.0,3.0
154,d59bb0c519244a9ef1279ccc,Pro-Max Pub,04f6eaaa0d7993020973687c13f41663,0.1991978705031864,8.2,2.0,176.0,2.0
155,4b19b820f964a520afe223e3,Astral 2000,04f6eaaa0d7993020973687c13f41663,0.9325112219629336,5.2,2.0,189.0,1.0
156,0cc4274e64dd439ff406d3b7,Alfred's Damn Right Joint,04f6eaaa0d7993020973687c13f41663,0.8996190724673447,8.2,2.0,152.0,2.0
157,52a3688811d2c18af186e13a,Bier Markt,81e413363c9c2b6933f4706dd9fafc6b,0.99135783967401,7.7,2.0,88.0,6.0
158,5238c53411d28de3660ad07f,Etoh Brasserie,f9d30314d14794ea0c378ba2c1ee0c5d,0.9894881072170244,8.4,2.0,101.0,4.0
159,4c203792b4e62d7f2ee1e093,Bar la Québécoise,f9d30314d14794ea0c378ba2c1ee0c5d,0.9044438259578812,7.1,1.0,203.0,4.0
160,4ca6c3a1a6e08cfa74517e94,Bar Pam Pam,9836aac1ee4659e9103ab4a3ac10c9e0,0.81946377214955,8.2,1.0,18.0,4.0
161,b08bbcc843104ea1d6b02c3b,Ritz Bar,9836aac1ee4659e9103ab4a3ac10c9e0,0.4635366488970719,8.2,2.0,12.0,2.0
162,5271be1911d2c6270f077c3f,Cozmos Café Bar,9836aac1ee4659e9103ab4a3ac10c9e0,0.9908154745338158,8.2,1.0,11.0,4.0
163,4ed948e0c2ee3cd6444a7e19,Bande Paul,9836aac1ee4659e9103ab4a3ac10c9e0,0.5851477588187858,8.2,2.0,86.0,3.0
164,4c1e1ffffcf8c9b684bbac0b,Bar Sportivo,9836aac1ee4659e9103ab4a3ac10c9e0,0.9392979225987854,5.7,1.0,93.0,1.0
165,595d3687898bdc5f36d6b0af,Kamehameha Snack-Bar,6086b10ac3a09a5ad176d6a32deaf0ad,0.9050504185488878,7.3,2.0,2.0,1.0
166,50bfe73ce4b0a80fdba120c1,Le Bureau Bar a Tapas,ede6b6e636d0057c3569441aad58f64c,0.9452425299906514,8.3,3.0,173.0,16.0
167,593054634aa3f82f20e61573,Monopole,ede6b6e636d0057c3569441aad58f64c,0.9713117386370936,10.0,1.0,21.0,11.0
168,53977b1a498ee68a34848261,Zibo,ede6b6e636d0057c3569441aad58f64c,0.9882178309676224,7.8,2.0,28.0,9.0
169,5c424340dab4b1002ce2f25c,Milky Way Cocktail Bar,ede6b6e636d0057c3569441aad58f64c,0.9785551678120562,8.6,3.0,62.0,6.0
170,55df496d498eac393a801eb6,Bird Bar,ede6b6e636d0057c3569441aad58f64c,0.9537490990315928,7.9,1.0,13.0,8.0
171,56ec7718498e0ec380cdf79a,Knox Taverne,ede6b6e636d0057c3569441aad58f64c,0.9693278240453304,8.1,2.0,39.0,7.0
172,4f722440e4b0995f2face125,New City Gas,ede6b6e636d0057c3569441aad58f64c,0.9793901246726184,7.7,2.0,13.0,9.0
173,55720dc6498e200d00257919,Lord William Pub,ede6b6e636d0057c3569441aad58f64c,0.98012517216525,7.5,1.0,190.0,9.0
174,4b47a1eaf964a5203c3826e3,Resto-pub le 100 génies,ede6b6e636d0057c3569441aad58f64c,0.9895737438181078,6.5,2.0,198.0,5.0
175,56dc5cb3498ed1be4ca910ab,Association Montréal Beach,ede6b6e636d0057c3569441aad58f64c,0.4137746472842493,8.2,2.0,187.0,1.0
176,51d36b04498e0485ae7335e3,Le Vin Papillon,444448176f019fa75930cba6037f6ed8,0.9511300463151284,9.0,3.0,145.0,11.0
177,4ae3a16cf964a520729721e3,Burgundy Lion,444448176f019fa75930cba6037f6ed8,0.9686998223040528,8.7,2.0,180.0,11.0
178,577ef91f498eccce05ee8202,Atwater Cocktail Club,444448176f019fa75930cba6037f6ed8,0.9870117821690324,9.0,3.0,120.0,8.0
179,4d82b213e83fa14327853da1,Drinkerie Ste-Cunégonde,444448176f019fa75930cba6037f6ed8,0.9665303617432758,7.5,2.0,100.0,8.0
180,573e6e51cd10204ed96a075d,El Gordo,444448176f019fa75930cba6037f6ed8,0.950152361786094,7.2,2.0,201.0,8.0
181,583df7e572714f2d3df950c7,Moose Bawr,444448176f019fa75930cba6037f6ed8,0.983372226622992,7.0,2.0,81.0,3.0
182,582e6cac761b1a3f49712ade,Kampai Garden,444448176f019fa75930cba6037f6ed8,0.9794043974394656,7.2,1.0,103.0,3.0
183,5b9c52b006fb600038c0646f,Paperplane MTL,f9cff3cd7959287708ec2346fdc9f24c,0.6844790796919937,6.2,2.0,185.0,6.0
184,589222369dc8d06afb12ba49,Cafeteria BBR,f9cff3cd7959287708ec2346fdc9f24c,0.8425571089083475,8.2,3.0,2.0,1.0
185,4fe77d33e4b02db7ae89f0a7,Bar,f9cff3cd7959287708ec2346fdc9f24c,0.9444860733477488,8.2,2.0,183.0,3.0
186,5beb3ee39cadd9043837d715,Cyr,f9cff3cd7959287708ec2346fdc9f24c,0.0432893018476096,8.2,2.0,14.0,3.0
187,5e22629249c88c000895a64d,Stem Bar,f9cff3cd7959287708ec2346fdc9f24c,0.9175034076230848,8.2,2.0,18.0,2.0
188,4ad4c06af964a52010f920e3,Else's,0c9cd68aa1bd69a080463ce7f302337c,0.95186509380776,9.0,2.0,122.0,8.0
189,4bf5fa98abdaef3bde2ba184,Tattoo Box Montreal,0c9cd68aa1bd69a080463ce7f302337c,0.8865457763314707,8.0,2.0,39.0,3.0
190,56858d0e498e81a958de42c7,North Star Machines à Piastres,c6315ed8be3d1b1db4e1743fd8cf702d,0.9935915276855994,7.6,2.0,36.0,2.0
191,5d56143cfcdc0c0008656df2,Taverne Atlantic,9fce8c378d9e1fc9d96999ff50a71f6a,0.9879109664804072,8.2,2.0,82.0,1.0
192,5d3243c51eef220008669db8,Boucherie Bar à vin Provisions,9fce8c378d9e1fc9d96999ff50a71f6a,0.9699629621700314,8.2,2.0,216.0,1.0
193,5efc903267cf5200087dd0ef,TAS Café Bistro Lounge,9fce8c378d9e1fc9d96999ff50a71f6a,0.9509445003461146,8.2,1.0,172.0,1.0
194,62ae54bef1d09e5fad4fa820,Wills,9fce8c378d9e1fc9d96999ff50a71f6a,0.9800752174812848,8.2,2.0,127.0,2.0
195,9254c944e4ce43cae9fb8865,Taverne Portara,9fce8c378d9e1fc9d96999ff50a71f6a,0.8996190724673447,8.2,2.0,6.0,2.0
196,4e6aa917d4c01ce017ad2ab9,Le Off Miss Villeray,3da178370890fe8edbd73af1c48b6fa7,0.7673324912400894,8.2,3.0,166.0,3.0
197,d43ce92f4263431eb76f18f5,Raphaël Bistrot Bar à Vins,3da178370890fe8edbd73af1c48b6fa7,0.8996190724673447,8.2,2.0,212.0,2.0
198,568bc64e498ec34f4d922bab,Autos Lajeunesse,3da178370890fe8edbd73af1c48b6fa7,0.029116444368323,8.2,2.0,222.0,4.0
199,6122bffc6f4b773f2d181e56,Le Petit 26,3da178370890fe8edbd73af1c48b6fa7,0.5650517030979041,8.2,2.0,72.0,4.0
200,627f0d9a7b019300c0336743,Chez Josie,3da178370890fe8edbd73af1c48b6fa7,0.9722394684821626,8.2,3.0,214.0,2.0
201,61689accf0825425f7f3c223,Etna,3da178370890fe8edbd73af1c48b6fa7,0.8870595959379706,8.2,2.0,152.0,2.0
202,57c8c0e1498eae8bcbda7374,Bar le Record,8ae2d0c3c6bfb29c5614921e85221107,0.9683572758997196,8.2,2.0,75.0,3.0
203,84d255e0f9e249cc21d10198,Bistro Bar Bizzwack,8ae2d0c3c6bfb29c5614921e85221107,0.1413003917874499,8.2,2.0,4.0,3.0
204,112465524b364f0fa56d17be,Bar Cafe EVA,73eda86efde149b545d1e7646de05cd6,0.3844012931126763,8.2,2.0,150.0,1.0
205,515879eee4b0d2c60278af2c,SuWu,4752f08cc123b7e93771ee25c318efee,0.917703226358946,8.0,2.0,112.0,3.0
206,4b761beff964a5204a3d2ee3,Bar Chez Pierre,4c87345d7a652a966f526460dfa264c5,0.6158342075403027,8.2,2.0,119.0,2.0
207,5c54edf3acb00b002c1b0943,Porto Lounge,4c87345d7a652a966f526460dfa264c5,0.6713624069594011,8.2,3.0,59.0,2.0
208,5adb9b12ba57b41e9370c47b,Bar Pamplemousse,eb0fd4c2ab7be34b815978bb8ebfbe65,0.9779271660707788,8.0,2.0,28.0,4.0
209,4ad4c06bf964a5208bf920e3,Foufounes Electriques,eb0fd4c2ab7be34b815978bb8ebfbe65,0.9900661542743368,7.9,1.0,23.0,3.0
210,4c2ec35566e40f476fe9c08b,Bar Taboo,75029d868bd65133941f05b6d4fa2daf,0.9839502736803044,5.8,2.0,144.0,3.0
211,4e8520329adfdc1fadf2ba2f,Bar le Jockey,5e32fab9110f792cab5784b893f3a1af,0.9601147530454516,7.9,2.0,181.0,3.0
212,52ea88d3498ee6cf2fd4e2fc,Bar Tennesse,5e32fab9110f792cab5784b893f3a1af,0.90285954883784,8.2,1.0,34.0,2.0
213,4ccd99c2ee23a14324cc26a8,Bar Coucou,5e32fab9110f792cab5784b893f3a1af,0.0986034097639998,8.2,2.0,194.0,1.0
214,55ff20dc498e3854e4b64752,Bar la Plaza,5e32fab9110f792cab5784b893f3a1af,0.8730151933603089,8.2,1.0,130.0,2.0
215,4c648a6aaf8a76b0fa7c78c5,Bar 1650,5e32fab9110f792cab5784b893f3a1af,0.9283007557430044,8.2,2.0,84.0,1.0
216,633ad43585d1901c113461ef,Le Système,5e32fab9110f792cab5784b893f3a1af,0.9573244271268206,8.2,2.0,206.0,2.0
217,4ad92b8ef964a520cc1821e3,Helm Brasseur Gourmand,462e77d533503e90f53675acf2f9ddcc,0.9609711190562846,7.4,2.0,55.0,1.0
218,868de8ae45ab4d4ba41f1e71,Billard Eljumelgi,e61bdf615b9672bd815d52f210429d3c,0.3704353907526743,8.2,2.0,141.0,2.0
219,594c456d59fe5c1c5d3cf28d,Nhâu Bar,81835dccb50d8900b00cc0a3ea1b480f,0.9657739051003732,8.0,2.0,114.0,9.0
220,5928f3b65455b230d386bc0f,Boho,81835dccb50d8900b00cc0a3ea1b480f,0.7775375195358496,8.3,3.0,131.0,2.0
221,4ae8c5a1f964a52027b221e3,Méchant Bœuf Bar & Brasserie,81835dccb50d8900b00cc0a3ea1b480f,0.9546411469595438,8.2,2.0,146.0,7.0
222,4ced7fee62ef6dcb75d9f259,Philemon Bar,81835dccb50d8900b00cc0a3ea1b480f,0.9552834214676686,8.0,2.0,47.0,5.0
223,4eeaa9bc0e01182cafa426f0,Bistro-Brasserie les Soeurs Grises,81835dccb50d8900b00cc0a3ea1b480f,0.9723821961506348,7.3,2.0,65.0,2.0
224,56edf560498e0692bffee7a5,Randolph Pub Ludique,2b9e2e02951cbf0f3386b55b303d7105,0.9538061900989816,9.0,1.0,16.0,3.0
225,4b1b1894f964a520fff723e3,Broue Pub Brouhaha,2b9e2e02951cbf0f3386b55b303d7105,0.9821947233580964,8.4,2.0,132.0,5.0
226,51676069e4b033680a8dfe14,Pub Rosemont,2b9e2e02951cbf0f3386b55b303d7105,0.967215454551942,7.8,3.0,17.0,4.0
227,385f842eb1544d5374d781d2,Bar Taverne les Torchés,2b9e2e02951cbf0f3386b55b303d7105,0.2045144761537748,8.2,2.0,136.0,2.0
228,52d0c1cf11d267002e370708,Le Lexor Lounge,2b9e2e02951cbf0f3386b55b303d7105,0.5366917153724835,8.2,2.0,147.0,2.0
229,504eacfbe4b0225693eaa493,Bar Rolex,2b9e2e02951cbf0f3386b55b303d7105,0.6437017848094942,8.2,2.0,172.0,2.0
230,5c1c6c5db6b04b002ccde72c,Pub Papineau,2b9e2e02951cbf0f3386b55b303d7105,0.5065833137082789,8.2,2.0,202.0,1.0
231,4fe8fd83e4b07bc3afb58f88,Dice Club,2b9e2e02951cbf0f3386b55b303d7105,0.7230797776302925,8.2,2.0,43.0,1.0
232,5d16dd303f9ff700237563cf,Vinvinvin,07151bf35f8c11187f1e4e0c0311b250,0.9736810179337316,8.2,2.0,103.0,4.0
233,56168654498e0e25431da209,Nestor,07151bf35f8c11187f1e4e0c0311b250,0.9653528584783804,7.5,2.0,46.0,3.0
234,598528d34c954c7964d137f1,Arabica Lounge,16fb65f48b8435b23e10d3e232fd5f0c,0.9725106510522598,7.5,1.0,190.0,2.0
235,4ba6563bf964a520c54739e3,Jono Bar,26aa0933324c9525e24f3b802787f507,0.952849914720218,8.2,2.0,81.0,2.0
236,56d1423bcd10e735a3aa9b9e,Le Diplomate,7fb17e275b3e5006964621b39f5decbd,0.921927965345722,6.6,3.0,119.0,1.0
237,4deec8a4887754a6af84463d,Bar Chez P.P,5fe27f765b1c3a37dd8b9f9e155ebfff,0.8841907698016799,8.2,2.0,217.0,1.0
238,55634921498e57b144d55b38,Le Bar Loic,d63041391198f1496b84b02d71a3ed90,0.9726391059538848,8.6,3.0,42.0,3.0
239,5352e152498eb6d10554a79d,L'Annexe St-Ambroise (L’Annexe St-Ambroise),d63041391198f1496b84b02d71a3ed90,0.9359580951565366,8.6,1.0,41.0,3.0
240,4c4da7940d90b713fa1b8c78,Terrasse St-Ambroise,d63041391198f1496b84b02d71a3ed90,0.980967265409236,8.4,2.0,113.0,3.0
241,5a942e136fd6261fec882325,Cordova,d63041391198f1496b84b02d71a3ed90,0.941909838931826,8.5,1.0,43.0,4.0
242,4d26698977a2a1cd5b7c4fb7,Bar de Courcelles,d63041391198f1496b84b02d71a3ed90,0.952942687704725,8.1,1.0,157.0,4.0
243,5c0f61b6c53093002cc647d8,Messorem Bracitorium,d63041391198f1496b84b02d71a3ed90,0.9856487329351232,8.2,2.0,85.0,2.0
244,550cad24498ebe3e1243497c,Le Téquila Bar,d63041391198f1496b84b02d71a3ed90,0.968514276335039,6.1,1.0,180.0,4.0
245,4d631f182f16b60c1f0bddf4,Bar Bistro Notre Dame,d63041391198f1496b84b02d71a3ed90,0.9733955625967872,8.2,2.0,55.0,3.0
246,601ecd3cdde2dc05ebba243d,BarBara,d63041391198f1496b84b02d71a3ed90,0.971925467611524,8.2,2.0,165.0,3.0
247,5091f6a3e4b045f238965949,Le Saint Édouard,8569736c023d7713fa1054b1dc71a704,0.9352087748970576,7.4,2.0,108.0,4.0
248,4fcbb484e4b088c92e504205,Taverne St-Sacrement,8569736c023d7713fa1054b1dc71a704,0.9740877917888772,6.9,2.0,64.0,1.0
249,4b7482fef964a52007e12de3,Taverne Bar la Remise Inc,8569736c023d7713fa1054b1dc71a704,0.9623555774404648,6.3,2.0,71.0,1.0
250,4b4ea1d6f964a52004f326e3,Brasserie Chez Baptiste,8569736c023d7713fa1054b1dc71a704,0.9777773020188828,6.7,2.0,182.0,1.0
251,57d88695498e1975f1ea9ab4,The Whiskey Man,8569736c023d7713fa1054b1dc71a704,0.3782568669849493,8.2,2.0,51.0,1.0
252,5a220e62646e381283294b96,Les Garnements Rosemont,8569736c023d7713fa1054b1dc71a704,0.104597971839831,8.2,2.0,38.0,2.0
253,50ef7a9ce4b0568907fee592,Bar la Marche a Côté,8569736c023d7713fa1054b1dc71a704,0.926780706073776,8.2,2.0,14.0,1.0
254,553c653a498e6d24233fe909,Espace Urbain Montreal,8569736c023d7713fa1054b1dc71a704,0.1714872936693142,8.2,2.0,162.0,1.0
255,4dcca178d22deadedd26846f,La Succursale,c7c82cf193fdc50ec1a106c90cb51544,0.982844134249645,8.1,2.0,98.0,3.0
256,4fc04470e4b055703895014c,Broue Bar Gaspé,c7c82cf193fdc50ec1a106c90cb51544,0.112126856351738,8.2,2.0,221.0,1.0
257,4b09d277f964a5203d1e23e3,Bar Sel et Poivre,c7c82cf193fdc50ec1a106c90cb51544,0.9800323991807433,5.9,2.0,88.0,1.0
258,4cf59ee3e308236a18cbe1ac,Bar la Broue du Plateau Enr,531dfca0ea4152da1c5e60b7fa74ba1c,0.7315292556038451,8.2,2.0,85.0,1.0
259,572f7ede498e47f582ceb891,Igloo's - the One & Only,531dfca0ea4152da1c5e60b7fa74ba1c,0.0199676008192568,8.2,3.0,24.0,1.0
260,7976a909323e47727f89c030,Bistro Jono Bar 2201 Mont Royal e,531dfca0ea4152da1c5e60b7fa74ba1c,0.8996190724673447,8.2,2.0,79.0,1.0
261,4b8f064af964a520474533e3,La Distillerie,cf46557eb890581a5631cafc7b9a2bba,0.9646392201360194,8.6,3.0,139.0,1.0
262,514ce722e412d48b33804432,N sur Mackay,4249917b3ff262f4cd831f8ea34cf74e,0.954163009270162,7.5,3.0,142.0,2.0
263,54555de1498e9def9130414f,Kinka Izakaya Montreal,4249917b3ff262f4cd831f8ea34cf74e,0.9361079592084324,6.9,2.0,144.0,2.0
264,4b439640f964a520c8e325e3,Station des Sports,4249917b3ff262f4cd831f8ea34cf74e,0.9805248096369722,6.3,2.0,83.0,2.0
265,4bd22df641b9ef3b3d8dfde5,Forum Sports Bar,4249917b3ff262f4cd831f8ea34cf74e,0.5579795471251079,6.0,1.0,200.0,2.0
266,4b9bbda8f964a520e41f36e3,La Boîte à Karaoke,4249917b3ff262f4cd831f8ea34cf74e,0.8863174120619153,6.0,2.0,189.0,1.0
267,4b648e7ff964a52062bd2ae3,Forum de Montréal,4249917b3ff262f4cd831f8ea34cf74e,0.9910581115702184,5.6,2.0,138.0,2.0
268,20fe087931c843b37861467e,G a Delicatessen,4249917b3ff262f4cd831f8ea34cf74e,0.4501191692202928,8.2,2.0,157.0,1.0
270,4ad4c06bf964a52034f920e3,Hurley's Irish Pub,7b28024fd4c90ded38fc0447771d1ca4,0.9784195765270076,7.7,2.0,135.0,5.0
271,4ad4c06af964a5200df920e3,Brutopia,f05dc5b7b3635787d9fe3fd8565bee7a,0.9858842335881022,7.7,1.0,115.0,5.0
272,4ae09422f964a5208b8021e3,La Cage Aux Sports,f7b1f88c4f4e3231537dd0a5a7397287,0.9883034675687056,6.2,1.0,93.0,2.0
273,5c4b95c8b1538e002ca1972f,Broken Coconut,c0bf44a23aa9fdfd893bd437866dbf2a,0.1449470837169139,8.2,3.0,56.0,1.0
275,4addf655f964a520c66621e3,Thomson House,4dfba1c78f4c98769c58749cb8f10472,0.9665660436603938,8.0,2.0,111.0,1.0
276,4d2b5ed38292236ac68a33bb,Purple Haze,dfaab1117322af6f88c48893144bcf6f,0.8898356490897543,8.2,3.0,188.0,1.0
277,37278bd1603f446911800f2e,Riverside St-Henri,dfaab1117322af6f88c48893144bcf6f,0.8996190724673447,8.2,2.0,215.0,1.0
278,ae949ebcacc2473167faec57,Toucan,e1d27e3bb1414d200aac4dbc156450d7,0.8996190724673447,8.2,2.0,178.0,1.0
279,4ccb26d8b571b60c581eca65,Domaine Papineau,955f8b917ca4548746c2189a36b96fb2,0.1961292256310347,8.2,3.0,198.0,1.0
280,4b4e665ef964a52056ec26e3,Complexe Sky,63c25a074954b752156b8c981b4e1f99,0.9793829882891948,7.1,2.0,17.0,1.0
281,4fd28960e4b00f27bcbd0ac5,Sky Pub Terrasse,63c25a074954b752156b8c981b4e1f99,0.901382317469153,7.0,2.0,59.0,1.0
282,4b887358f964a520ccf831e3,Bar le Cocktail,63c25a074954b752156b8c981b4e1f99,0.965467040613158,6.6,2.0,6.0,1.0
283,550b5c1f498ed654c5c0df00,Broue Pub Brouhaha Papineau,7eaaf829040807e1e2c7091f2866f62e,0.998544177781584,6.9,2.0,87.0,1.0
284,513ca53ae4b09233464f0ccb,Bar le Grand Chapeau,286671379fa925e68543ac801281068b,0.9974594475011952,8.2,2.0,69.0,1.0
285,581283b738faee396e63500f,Cafe Baraki,286671379fa925e68543ac801281068b,0.1402870253412975,8.2,2.0,43.0,1.0
286,5b44d6fb835c9a002cf848c2,Bar Café Loutraki,286671379fa925e68543ac801281068b,0.9394192411169868,8.2,2.0,182.0,1.0
287,62388992446d46be5b028b97,Brasserie Quebecoise,aa4100b71e77eb483a5d173547e56ab6,0.1678905564238155,8.2,2.0,179.0,1.0
288,4b5bf7ddf964a5206a1f29e3,Yer'Mad Bistro Bar,b9d14281ceeaf9913a820adab2e125c6,0.9760859791474876,7.5,2.0,182.0,1.0
289,4ad4c06af964a520fcf820e3,McLean's Pub,ac93999c9a8a448cf9db2701716fa637,0.9899591085229827,7.7,1.0,8.0,1.0
290,4ced962662ef6dcb6270f359,Bar U-Turn,cfc09f1f86e151cf8778b662a3d3650b,0.94235229470409,8.2,2.0,42.0,2.0
291,53080654498e6684dfd9aadf,Bar Monaco,cfc09f1f86e151cf8778b662a3d3650b,0.1173150071007015,8.2,2.0,152.0,2.0
292,5cb26a6c9fca56002cb3474b,Billy Buck,cfc09f1f86e151cf8778b662a3d3650b,0.0738472956675016,8.2,1.0,186.0,2.0
293,4f74c0f19c60489d5b7697d2,Cafe Sport Alex,cfc09f1f86e151cf8778b662a3d3650b,0.5543614007293384,8.2,2.0,154.0,2.0
294,4dfac788e4cd567936072592,Aquarium Café Bar,cfc09f1f86e151cf8778b662a3d3650b,0.9393835591998688,8.2,2.0,166.0,1.0
295,5a275c644b78c5058d9c9e6f,Clandestino,d5193bc68b01855a79fd8c694ef2e2f9,0.9458633953485052,7.8,3.0,200.0,1.0
296,4bf71147508c0f476c403d31,BEVO Bar + Pizzeria,0a3aa715457ea0c777ddd396228eafd1,0.9628337151298464,7.6,2.0,174.0,1.0
297,5b91f01e018cbb002c2d7736,Le 409,7214c61eb7f8d875d6db8db935ad16ea,0.9589015678634382,7.1,2.0,32.0,1.0
298,5866b5cbb6e67d6edd13ad8b,Pub Saint Pierre,7214c61eb7f8d875d6db8db935ad16ea,0.9596080698223756,7.2,1.0,122.0,1.0
299,4ad4c06bf964a52075f920e3,Bar le Confessionnal,7214c61eb7f8d875d6db8db935ad16ea,0.8885867819906228,6.6,2.0,97.0,1.0
300,5b0ac711f193c0002c18040b,King Crab,31c3024050ee6f3e44c85eceae251db1,0.9118942102521284,8.2,3.0,47.0,1.0
301,597bf745033693058a6a4ba7,Ti-Agrikol,15f3a0b338dba26f99a8df6fab3fdbc7,0.2896800759311196,7.2,3.0,19.0,1.0
302,582a9f8f70fc422c2d6de1f7,Le MTL Bar,15f3a0b338dba26f99a8df6fab3fdbc7,0.95142977441892,6.1,2.0,35.0,1.0
303,5b20670be1f0aa002c41bab6,Les Enfants du Rock MTL,15f3a0b338dba26f99a8df6fab3fdbc7,0.9621200767874856,8.2,2.0,41.0,1.0
304,EQCd_CUFrK_gSARL7s01fw,La Distillerie No.1,36c6491aa1b52e5ef7005f984738de27,0.9132710359718812,9.0,2.0,315.0,21.0
306,hdJlf4YNdDtQA67nXvFeyw,Arcade MTL,36c6491aa1b52e5ef7005f984738de27,0.3610469769867845,9.0,1.0,26.0,13.0
307,SbFWAF3Rhtb-vvl5WUqg_A,Yer'Mad,36c6491aa1b52e5ef7005f984738de27,0.9367104719507644,9.0,1.0,15.0,11.0
308,o7MzamFzaLiCFDmfXAmyRA,Le Normandie,36c6491aa1b52e5ef7005f984738de27,0.7953383485108165,9.0,1.0,8.0,14.0
309,6yrZA98dlYpoSRMjMOTTuw,Patrick's Pub,36c6491aa1b52e5ef7005f984738de27,0.511161303116426,7.0,2.0,25.0,6.0
310,B5kbcJs8FlS0oF-moPJ6NA,Bistro à Jojo,36c6491aa1b52e5ef7005f984738de27,0.6818966046715307,8.0,2.0,23.0,11.0
311,QPq7OiHqyONN9relgqwFZA,Midway,36c6491aa1b52e5ef7005f984738de27,0.0060270910688802,8.0,2.0,35.0,25.0
312,rgriAyAgPcs3sZHOrvF8ig,Pub le Sainte-Élisabeth,36c6491aa1b52e5ef7005f984738de27,0.6263277456904444,8.0,2.0,123.0,16.0
313,SgLr6EzoWrIjgl5VpB07rA,Pub l'Île Noire,36c6491aa1b52e5ef7005f984738de27,0.4100085297423477,8.0,2.0,60.0,4.0
314,FpmQN6DHQDBk7o6VUJ1VtA,Bootlegger l'Authentique,36c6491aa1b52e5ef7005f984738de27,0.1009109839715931,9.0,2.0,46.0,15.0
315,qVdVY4YN0Rr0uKPkE1ltgQ,Le Mal Nécessaire,36c6491aa1b52e5ef7005f984738de27,0.9531104033224468,8.0,2.0,163.0,29.0
316,cGXuJydIyA_j_8nY-hYe1A,Stereo,36c6491aa1b52e5ef7005f984738de27,0.88940868985371,7.0,3.0,54.0,13.0
317,uyyvYlZRUK3UWMDllDRWxA,Ginkgo,36c6491aa1b52e5ef7005f984738de27,0.7014880107406363,8.0,2.0,75.0,10.0
318,BReKNnKFYRld2decRXM4Og,Les Foufounes Electriques,36c6491aa1b52e5ef7005f984738de27,0.4396312025503709,7.0,1.0,78.0,18.0
319,SEZdzNlky2JOWCtewBeWsg,Bistro au Vieux St-Hubert,36c6491aa1b52e5ef7005f984738de27,0.339477272032637,7.0,2.0,6.0,10.0
320,JsWnBDHZW1HFkgJVYCaEfg,Le Blossom,36c6491aa1b52e5ef7005f984738de27,0.8439483898103798,6.0,2.0,31.0,8.0
321,2RIcAKwFl3_mJEVZCJfKqA,Le Trèfle,65f5707d61306518123222b4680bc282,0.9260847760666464,8.0,2.0,35.0,8.0
322,B1oB2s2lDskUoY5r_1g1xg,El Jumelgi,65f5707d61306518123222b4680bc282,0.7497227090053711,8.0,1.0,1.0,5.0
324,XKyFYsRIkd0Tmef9fT_84w,Candi Bar,0e58810dea9e4869279089cb8576642f,0.980401106065926,7.0,2.0,60.0,11.0
325,PxJXsLv6cad2YJAwj_LfAw,Le Rouge Gorge,0e58810dea9e4869279089cb8576642f,0.6178820950840411,9.0,2.0,33.0,10.0
327,G7LYpILnHveyvbg3sJePPw,L’Entrepôt - Mont-Royal,0e58810dea9e4869279089cb8576642f,0.6405845390992355,8.0,1.0,138.0,10.0
328,jfYlk4SmJyyOi9zU5rrNdw,L'Escogriffe Bar Spectacle,0e58810dea9e4869279089cb8576642f,0.2876687593705797,9.0,1.0,18.0,16.0
329,BQZ-KkZilWvOGG8-kGzsfw,L'Barouf,0e58810dea9e4869279089cb8576642f,0.5305300825904612,7.0,2.0,32.0,11.0
330,CEsh0ScOKlL3mpvjypqszA,Ichigo Ichie,0e58810dea9e4869279089cb8576642f,0.3601228045498349,9.0,2.0,117.0,12.0
331,05ODI64RZUWNLu84PerxLw,Bar la Shop,0e58810dea9e4869279089cb8576642f,0.9285177659576354,8.0,1.0,8.0,7.0
332,mqSQ88UysxPX5hV7y2-MTA,Big In Japan,0e58810dea9e4869279089cb8576642f,0.2655869999063003,7.0,2.0,258.0,12.0
333,MaZ7AhdfZiyJGcfbX_3JTQ,Le A Bar,0e58810dea9e4869279089cb8576642f,0.5585012092922808,9.0,2.0,15.0,12.0
334,jPE7EGhcFyVor-rzbppDgw,Barraca,0e58810dea9e4869279089cb8576642f,0.7574496823701331,7.0,2.0,63.0,7.0
335,cTm9pJXTYCfA4RtQ2dnwdA,West Shefford,0e58810dea9e4869279089cb8576642f,0.9635026831493466,7.0,1.0,7.0,7.0
336,GIf1tyweFeS_5hrzMaNkfg,La Distillerie No.2,0e58810dea9e4869279089cb8576642f,0.3184119510134133,9.0,2.0,71.0,8.0
337,rx3da3AnlsTGstA4Vc5F-g,Chez Baptiste,0e58810dea9e4869279089cb8576642f,0.3510652955480793,7.0,1.0,19.0,11.0
338,YmAbgAGupY68YrHCsv2-EQ,La Rockette,0e58810dea9e4869279089cb8576642f,0.8361971112089961,6.0,1.0,16.0,6.0
339,oiiTuyoAALAeNhOV6T-i5w,Plein Sud,0e58810dea9e4869279089cb8576642f,0.0363629260892608,9.0,2.0,58.0,8.0
340,D92KzSJGnwXCMeQsR4kBAQ,Bar Vintage 132,eeda0f4010f34ca2199f3585a76fef66,0.0034799969430699,9.0,2.0,8.0,5.0
341,z5I_mpQSd6Xq1losyHtA1A,Über Cafbar,eeda0f4010f34ca2199f3585a76fef66,0.3767738849379272,9.0,2.0,6.0,4.0
342,tZEIJrzwEQam4A2WZ-kf0Q,Sacre Fut,eeda0f4010f34ca2199f3585a76fef66,0.2631662141587076,8.0,2.0,1.0,3.0
343,tnLMp4jhjO4hytdPX0gl5A,Resto Bar Coin Du Metro,eeda0f4010f34ca2199f3585a76fef66,0.8162339753270541,6.0,2.0,4.0,3.0
344,QJyFT9MJ-34LZhkB1nMOsg,Le Petit Flore,eeda0f4010f34ca2199f3585a76fef66,0.7233479136237444,8.0,2.0,10.0,4.0
345,whUznyO5yPSMdmU_kW2OOQ,La Zone,8140fc3c3486abf913b0bd9211926f2b,0.5796002542811144,2.0,1.0,2.0,6.0
346,xxs6Jni9Fcq7Dw9YArR3ew,Caffè Roma,8140fc3c3486abf913b0bd9211926f2b,0.4730969302839457,10.0,1.0,3.0,7.0
348,X2bUZ2udFByvLlKs0FUMYw,Boswell,e287c24d95d9f0e3767d167d83ecebcd,0.5146704939080623,9.0,2.0,46.0,8.0
350,Akhq4AKxKRDPa6BHpiSEVQ,Pot Masson,e287c24d95d9f0e3767d167d83ecebcd,0.7994593704021972,7.0,1.0,47.0,6.0
351,qDM1IuspbAvT5XoJb3Zf8g,Baron Samedi,e287c24d95d9f0e3767d167d83ecebcd,0.3661043929181092,6.0,2.0,10.0,6.0
352,fAoGXXZLuktaim6drXwRpg,Au P'tit Buck,bfc27d829d7ce8c0f9e55b1cab901cbb,0.0055933754960841,8.0,1.0,2.0,8.0
353,RLTcfYJcZNS6vKwtpMxk8g,Sharky's,1ff33fd73e2add3c30fcd821850dccd3,0.3316543338939282,3.0,2.0,3.0,2.0
354,n1j9BZZ4MxK1H9Z-BHAkUQ,Roasters,1ff33fd73e2add3c30fcd821850dccd3,0.8457121688653043,6.0,2.0,28.0,2.0
355,j9d1c73emq6sL0v5IfrC-w,Chez Victoire,2501128835e132f929d56798aa789839,0.4917558382784009,8.0,3.0,66.0,7.0
357,kSE6-eoOke52AHO3fXV9Bg,Le Boudoir Cafe Bar,2501128835e132f929d56798aa789839,0.8391228559361068,6.0,2.0,14.0,6.0
358,2VxWrTRKAIVYmrlLAtNY9A,Grenade,2501128835e132f929d56798aa789839,0.399765080581176,8.0,2.0,54.0,9.0
360,zktCQRlDtF6XmOpqKBz1mA,Le Vestiaire,00c210cb99cf9d1b923c1548938aee56,0.1588053462805446,9.0,2.0,28.0,6.0
361,EoKuFDZiLleHf3d9KAXwiA,Le Zotique,00c210cb99cf9d1b923c1548938aee56,0.7720186157240823,7.0,3.0,4.0,7.0
363,ixRdNNWfAX5hNAtrCLAscg,Alexandraplatz,00c210cb99cf9d1b923c1548938aee56,0.162084880651729,8.0,2.0,35.0,6.0
364,hKX_7qaljBtpcEYp73Kzyw,Yïsst ,00c210cb99cf9d1b923c1548938aee56,0.1176940417055185,8.0,2.0,19.0,7.0
365,OAVzNTyUKUyt1Am6r7Dyiw,Salon Miss Villeray,00c210cb99cf9d1b923c1548938aee56,0.2593659241714615,7.0,1.0,10.0,6.0
366,knzc5-lsEpOlyDzrKUruFg,Brasserie Beaubien,00c210cb99cf9d1b923c1548938aee56,0.7354747419771495,8.0,1.0,2.0,5.0
367,NG3TF5xwiF76S0N8SZ8xuQ,Bruno Sport Bar,00c210cb99cf9d1b923c1548938aee56,0.8519124365764048,9.0,1.0,10.0,6.0
369,-Bus-TnZSfw20gnHHpwSlg,Restaurant El Chalateco,00c210cb99cf9d1b923c1548938aee56,0.1533454529570648,8.0,2.0,27.0,4.0
370,cGNtSkENoYTEctN5AcFb9g,Le Jockey,00c210cb99cf9d1b923c1548938aee56,0.6984895728779247,8.0,1.0,9.0,5.0
371,BdYEbF9z2IqaJ7R5bduxJw,Taverna,00c210cb99cf9d1b923c1548938aee56,0.0203431041639525,8.0,2.0,4.0,6.0
372,ybBXNZeUkjE_wGFcaKmoLg,Melrose,00c210cb99cf9d1b923c1548938aee56,0.1311145436984853,7.0,1.0,8.0,3.0
373,0YWjz8hyWHzeun1rjfszHg,Le Petit Buck,00c210cb99cf9d1b923c1548938aee56,0.4508994921137774,6.0,1.0,1.0,5.0
374,25m6rM6hFw2CGADUjbYKXg,Pastaga,00c210cb99cf9d1b923c1548938aee56,0.4350676747691192,8.0,3.0,72.0,1.0
375,qXmg2Y6c-Le7KAoL4apHfg,Nouveau Cafe Cozmos,f9bb106633ce38eeec6728faed3155ad,0.8293632039929301,9.0,2.0,4.0,5.0
376,y3bZmHLDUULqgHc3UagHjw,Blue Dog,a32e2261fca6732a8f47eec9fef69017,0.0033836877744638,9.0,1.0,27.0,13.0
377,cLkyosdtcATTRTXX9EmHvg,North Star,a32e2261fca6732a8f47eec9fef69017,0.9508385564729136,9.0,2.0,30.0,12.0
378,0QX23jvjcpKTYM6kVJAjow,Barfly,a32e2261fca6732a8f47eec9fef69017,0.6371089341290126,8.0,1.0,41.0,11.0
379,Ipcdle852xIuI1L5kCYAvA,Les Torchés,a32e2261fca6732a8f47eec9fef69017,0.1951996262244645,8.0,2.0,36.0,12.0
380,p94oHG7K9BqcMVVOlkzhPg,larrys,a32e2261fca6732a8f47eec9fef69017,0.577169630874624,9.0,2.0,108.0,10.0
381,zrosikSitR0JcwqR-3nYOg,Le Bayou Bar,a32e2261fca6732a8f47eec9fef69017,0.0580988230689323,8.0,4.0,2.0,4.0
382,7q2GyT57Mg0QZGWW2g_SGg,Chez Serge,a32e2261fca6732a8f47eec9fef69017,0.0285797144180576,8.0,2.0,35.0,4.0
383,t_lzZWjLB5fcFzqB730VcA,Bar Kabinet,a32e2261fca6732a8f47eec9fef69017,0.3061829935509704,8.0,2.0,30.0,5.0
384,G0wnPbOROYiOn5kp9rTMfg,Datcha,a32e2261fca6732a8f47eec9fef69017,0.3188589049204002,7.0,3.0,20.0,4.0
385,W2xOWSsxBgZbeMmd3bVWTQ,Primetime Lounge,a32e2261fca6732a8f47eec9fef69017,0.7263019250445205,8.0,1.0,8.0,2.0
386,KHcqvfwkGv6k6KtLDcpogQ,Sparrow,a32e2261fca6732a8f47eec9fef69017,0.1390735171395201,8.0,2.0,208.0,9.0
387,BCSofuQwu1VE8wjzDaQ3qQ,The Coldroom,f332a5c6e3f7fc73096885d6efc0f829,0.6463525617508723,9.0,2.0,242.0,21.0
388,Od15y4U3Z8w5dRQJLKAjyg,Stereobar,f332a5c6e3f7fc73096885d6efc0f829,0.3380539857418978,5.0,3.0,6.0,7.0
390,5KQrTh5gMQfZrA3yIlPrjw,Bar Zoé,0243c740e1d4fe272e0c414cdd900c7d,0.4633156703810852,8.0,1.0,12.0,4.0
391,Rk7M8uRtPsGu-zjDyElGwg,Beaubien Deli,700cf042fd8763ec6c702d94d5b6689b,0.4017697203889439,8.0,2.0,8.0,3.0
392,i4Ufr_LWzHiLmeKYkrR7Gw,Le Verre Bouteille,82cc3be4d76f16ca475536a6e07461c5,0.2606263468152145,8.0,2.0,8.0,7.0
393,qT2eHJQdff2-3gflfY1Xog,Davidson Taverne,0f8246e77098962beaa5e48211a7cff8,0.0459831495124519,8.0,1.0,1.0,5.0
394,IW0b-1EyRvwi8OVsN_dPew,Snowbird Tiki Bar,c8aba35f90d2eeada8a20ea7915c943a,0.1881346942810245,7.0,3.0,36.0,7.0
395,aY4hxuMJCJzXjlQ_HloFXw,Waverly,c8aba35f90d2eeada8a20ea7915c943a,0.9703487302408316,7.0,2.0,54.0,6.0
397,2vYRUAonMg9HBUDs30NL8g,Pub Bishop & Bagg,c8aba35f90d2eeada8a20ea7915c943a,0.2303329181578935,8.0,2.0,91.0,7.0
398,Uo9OOFVZjKQR2Rm0XXA98A,L'Gros Luxe Mile End,c8aba35f90d2eeada8a20ea7915c943a,0.590342343238384,8.0,2.0,84.0,4.0
399,wMbi9wthv6GXtCKPJAtZAQ,Taverne la Remise,c8aba35f90d2eeada8a20ea7915c943a,0.0545345880745471,6.0,1.0,7.0,6.0
401,Sjj8ZEvBZdjDYMJH7nBZmw,Mezcaleros,c8aba35f90d2eeada8a20ea7915c943a,0.2613108054639717,7.0,1.0,17.0,3.0
402,D37qORFp1NSZqsAOVlagyQ,Madisons New York Bar & Grill,0d4d6ab1ff41bf892ecbb0e09a8e2f40,0.8210515916173656,6.0,2.0,36.0,3.0
403,bygF2VFxleQqEVLfsh4gDg,La Distillerie No.3,e335f2f5ad674c200bb9795ee863749c,0.2189939487703159,8.0,2.0,17.0,5.0
405,QX8ry6q2K0cQUprakDBVDg,Le Rosemont,e335f2f5ad674c200bb9795ee863749c,0.9371491918929092,8.0,2.0,12.0,7.0
406,uP7ojXytz8q7YZbQLNibow,Lobby Bar,e335f2f5ad674c200bb9795ee863749c,0.1005816686952849,6.0,2.0,9.0,5.0
407,9rT_Zr_A2qYmLaHpSi6eqw,Maison Saint-Paul,30efd061ab22a0caa3dc67f5e027154e,0.4528452045268663,9.0,3.0,100.0,13.0
408,agYLB665pM7rYjHveAlK8Q,Wolf & Workman,30efd061ab22a0caa3dc67f5e027154e,0.766115381474204,9.0,2.0,120.0,21.0
410,5NRLnaFBxO4V7bN5ENaefA,Terrasse William Gray,30efd061ab22a0caa3dc67f5e027154e,0.8609320364109544,7.0,3.0,60.0,8.0
411,lAXvPp580Puo-BPlbE_o1g,Les 3 Brasseurs,30efd061ab22a0caa3dc67f5e027154e,0.8304625046220732,7.0,2.0,224.0,19.0
413,UBu451W5-yxYQenrdkOKIQ,Le Stud,76d6ac391db2e789d1696e32fccf92f6,0.4388279271449369,7.0,2.0,28.0,7.0
414,98xak1WOfnQVdVsulJLqPg,Bar Aigle Noir,76d6ac391db2e789d1696e32fccf92f6,0.4195975156549029,6.0,3.0,18.0,7.0
416,Gg_e8CqCLGo-CmqgCOL5FQ,Macbar et Fromage,76d6ac391db2e789d1696e32fccf92f6,0.8439458512003404,8.0,2.0,44.0,6.0
418,-iQdfdTpXa3Y-WC5OJGTfw,Saloon Bistro Bar,76d6ac391db2e789d1696e32fccf92f6,0.2415805928913678,7.0,2.0,95.0,6.0
419,GmAk-gqWLn9KzskFt2cCIQ,Lounge l'Un et l'Autre,76d6ac391db2e789d1696e32fccf92f6,0.775878004878895,7.0,2.0,2.0,5.0
422,Q2SjioubbDH3p5GN2f-fZg,Botero,cecb49c91023c7469470569da814659e,0.4668520606721529,9.0,2.0,2.0,16.0
423,E-HDevNTu_UIKIx8MA_RMA,NYK'S,cecb49c91023c7469470569da814659e,0.657889516143223,8.0,2.0,188.0,29.0
424,hhoF0oNZaSY-G4a6jkNpDg,La Voûte,cecb49c91023c7469470569da814659e,0.772185173991366,8.0,4.0,34.0,13.0
425,t2Eg5QRgLg9DWUeMe_Duhg,Sarah B.,cecb49c91023c7469470569da814659e,0.8350855052977464,8.0,2.0,28.0,14.0
426,-hCG6fsmBbUxLkvBkCyuiw,Le Confessionnal,cecb49c91023c7469470569da814659e,0.1386168364254226,6.0,2.0,18.0,12.0
427,eLajoeeUpG6gZuICUQNMVw,Gokudo,cecb49c91023c7469470569da814659e,0.4764322385476874,9.0,2.0,62.0,27.0
428,XI3iNUgChOfJk5ppjKVEQQ,Barroco,cecb49c91023c7469470569da814659e,0.9764071803239572,9.0,3.0,301.0,15.0
429,cgYU1DKsvUgBvjp35ZimJQ,Pub Victoria,cecb49c91023c7469470569da814659e,0.7726905234518487,6.0,2.0,14.0,11.0
432,evTWdlBsQl6EMiVcm0fXww,Cloakroom Bar,69f583a85e1a83b443c203b781bfc0c9,0.0475470763545494,10.0,3.0,194.0,22.0
434,ol-aOSZbIh46Uy3tKjciaA,Mad Hatter Pub,69f583a85e1a83b443c203b781bfc0c9,0.0040528870800711,8.0,1.0,101.0,26.0
435,oAUi0mz8MTbBIzGKK1AyWA,N Sur Mackay,69f583a85e1a83b443c203b781bfc0c9,0.2514369855479905,9.0,2.0,89.0,26.0
436,HfcveKmEBGQo-Sp9CGiyHA,Grumpy's Bar,69f583a85e1a83b443c203b781bfc0c9,0.0336557085166069,8.0,1.0,36.0,27.0
437,H_rv7lLUIziHo3ntKjOUuw,Alice Bar,69f583a85e1a83b443c203b781bfc0c9,0.9812255301435484,8.0,2.0,3.0,18.0
439,vr7AxduHXDabV5Ha4AlZxw,The Brass Door Pub,69f583a85e1a83b443c203b781bfc0c9,0.4317289720307558,8.0,1.0,35.0,7.0
440,khG1RMnSphhbOSjkMT2XrA,Le Warehouse,69f583a85e1a83b443c203b781bfc0c9,0.7060129469454455,7.0,1.0,161.0,17.0
441,N8n_6SyhRN_ebAFkkUfPQg,Piranha Bar,69f583a85e1a83b443c203b781bfc0c9,0.0520552454139143,7.0,2.0,22.0,17.0
442,MaI_EevMbWBUnK36L4pAng,Sir Winston Churchill Pub,69f583a85e1a83b443c203b781bfc0c9,0.7955603603511494,7.0,2.0,143.0,11.0
443,Mazv23vyWF_86RjTfLJcSg,Peel Pub,69f583a85e1a83b443c203b781bfc0c9,0.8937115897630457,6.0,1.0,109.0,16.0
444,tQdX2txQNiCgC2pbjLzFGA,Notre-Bœuf-de-Grâce,69f583a85e1a83b443c203b781bfc0c9,0.0976799951248412,8.0,2.0,56.0,10.0
446,vRLIiqmbAswP4DMAvjYj6A,Ziggy's Pub,69f583a85e1a83b443c203b781bfc0c9,0.8752686415111388,7.0,2.0,35.0,7.0
448,SfHE6qK6dT7wxX-Ow82tRg,Café Parvis,650b371db12a750bd2db8da8ecfa0890,0.2256759889819583,8.0,2.0,223.0,12.0
450,koG71Tmokay8IBV580qanA,Blvd44,650b371db12a750bd2db8da8ecfa0890,0.668374983963994,5.0,2.0,26.0,5.0
451,LxiwqfN59A1pDdYd7NyJQQ,Biirū,650b371db12a750bd2db8da8ecfa0890,0.0309469047535497,8.0,2.0,191.0,12.0
452,bI28nvujPldWdWsQ5sVRlQ,Apartment 200,650b371db12a750bd2db8da8ecfa0890,0.3269792161245114,6.0,2.0,72.0,6.0
453,uYPMY3v1w85b5adrW-giLg,Clébard,1013ec013026d8e51b4e126c5c72c5c8,0.3668415064851426,7.0,2.0,19.0,7.0
454,tslgvM54OLOeUPqD48p72w,Quai des Brumes,1013ec013026d8e51b4e126c5c72c5c8,0.5834791197340989,7.0,1.0,18.0,5.0
455,QouAo7lqUhPtW7qZpkNS8g,La Cage ,81e413363c9c2b6933f4706dd9fafc6b,0.8705237431410701,7.0,2.0,36.0,12.0
456,5ek7jh5HvAaR34I5EdyNCg,Henri - Brasserie Francaise,81e413363c9c2b6933f4706dd9fafc6b,0.5652435075665032,8.0,3.0,44.0,12.0
457,aHRwaqenQHy98AwWjbHvdA,Ye Olde Orchard,81e413363c9c2b6933f4706dd9fafc6b,0.1351580491272059,8.0,2.0,83.0,7.0
458,cB65Ezz9-FewdTiHtT84jg,Pub Lord William,ede6b6e636d0057c3569441aad58f64c,0.7903974786817001,8.0,2.0,38.0,18.0
459,U57wwW8EcfVPpEiEhJyUJg,Industria Pizzeria + Bar,ede6b6e636d0057c3569441aad58f64c,0.5847600292488543,7.0,2.0,44.0,7.0
460,m-dBv0j_MHKnFC_PJGJDyg,Perles et Paddock,ede6b6e636d0057c3569441aad58f64c,0.9365330460771708,8.0,4.0,50.0,16.0
461,OixAX9U7ukSgEc8SIzScow,Resto-Pub 100 Génies,ede6b6e636d0057c3569441aad58f64c,0.4220105862228074,6.0,2.0,8.0,10.0
462,10RFV-vuQ52VUkmzFXbWaA,Le Bureau,ede6b6e636d0057c3569441aad58f64c,0.267389873629022,7.0,3.0,33.0,14.0
463,7rjsddY6fB_SJXIVOLywTQ,Knox,ede6b6e636d0057c3569441aad58f64c,0.3581856820956773,9.0,2.0,19.0,7.0
464,pdyYkeJl64LvDgfxbNzNTw,Mélisse,ede6b6e636d0057c3569441aad58f64c,0.6524666197255612,9.0,2.0,45.0,8.0
465,7bdU3QMrMHwvm9D2H6VV9A,Arem Restaurant,ede6b6e636d0057c3569441aad58f64c,0.9108776275837652,3.0,2.0,4.0,11.0
466,2xBmsmgKHJaqV7uWpbmMiA,Bar le Sénateur,ede6b6e636d0057c3569441aad58f64c,0.9748883505814896,7.0,3.0,6.0,6.0
467,dkrWH6vG9SqzLRzC3rB10A,Taverne 1909 signé St-Hubert,ede6b6e636d0057c3569441aad58f64c,0.685895112908812,5.0,2.0,40.0,3.0
468,o05HPzyrpcguxH9AL1Knvw,Pub Burgundy Lion,444448176f019fa75930cba6037f6ed8,0.2843725872723186,8.0,2.0,234.0,15.0
469,7WjfywEVPymUMFz2eEz9Tg,La Drinkerie Ste-Cunégonde,444448176f019fa75930cba6037f6ed8,0.9738420312280274,8.0,2.0,51.0,14.0
470,U4aFxVyXfPc7Yh46oTRzOQ,Canal Lounge,444448176f019fa75930cba6037f6ed8,0.8157204588095107,9.0,2.0,28.0,9.0
471,wGL1O5ZAxeag8YsCTkhvdw,Bar Ganadara,444448176f019fa75930cba6037f6ed8,0.4292956424926337,8.0,2.0,72.0,11.0
472,u-SvRRAfYgpbXZRfQgcTzA,Imadake,444448176f019fa75930cba6037f6ed8,0.302084579062999,8.0,2.0,287.0,11.0
473,y32M2Hkr7GsUqGG6KwOhZw,KINKA IZAKAYA MONTREAL,444448176f019fa75930cba6037f6ed8,0.3575000059716078,8.0,2.0,378.0,13.0
474,v4y6tcmJyqYXzznCYT0-Zw,Forum Sports Bar & GamesCentre,444448176f019fa75930cba6037f6ed8,0.3957514823846058,5.0,2.0,32.0,8.0
475,qhSVvcuu4N0V1EmmtOy2fw,Cock'n Bull Pub,444448176f019fa75930cba6037f6ed8,0.7266941699917755,7.0,1.0,16.0,8.0
476,wzkK4F47eBVEjXPXX3j5fw,La Chic Régal,444448176f019fa75930cba6037f6ed8,0.7156119336529815,6.0,1.0,7.0,6.0
477,VLWmzZ3_46cmL8Quc4rgsA,Kampaï Garden,444448176f019fa75930cba6037f6ed8,0.5111734264541535,7.0,2.0,159.0,8.0
478,MyDFeohoa_sZoQHycqO3wA,La Station des Sports,444448176f019fa75930cba6037f6ed8,0.8552301546980349,5.0,2.0,108.0,7.0
479,EJrzMjeteCMseoSA2cbC0Q,Pub Epoxy,444448176f019fa75930cba6037f6ed8,0.7711467699983215,7.0,2.0,9.0,8.0
480,Sp1SC02FtmTDgRCmO29-CA,La Belle & La Boeuf,444448176f019fa75930cba6037f6ed8,0.3655116770757812,7.0,2.0,217.0,1.0
481,soeuzTjGSP_t6HOOlCE2Qw,Le Tequila Bar,f9cff3cd7959287708ec2346fdc9f24c,0.3352672333875369,7.0,2.0,44.0,8.0
482,VnIPEcuYrdTzzIIav_4bxw,Cafe Lounge,ce541d236b1fb3391edee931485e6ad7,0.162237170851297,4.0,1.0,2.0,2.0
483,3jKUbhGSjFTv5jZ0wnW0xA,Les Deux Gamins,4752f08cc123b7e93771ee25c318efee,0.9311203188809392,8.0,2.0,598.0,4.0
484,gFE-uZ2CnS6Bdr_3-RM1WQ,El Furniture Warehouse,4752f08cc123b7e93771ee25c318efee,0.8963612800032533,8.0,1.0,22.0,4.0
485,svd-Hr6EmIWP2IjqNbplRQ,Abreuvoir Bar & Terrasse,4752f08cc123b7e93771ee25c318efee,0.3895235554978968,8.0,2.0,25.0,1.0
486,EzZF5s0bmDcJKifpTdmiXA,Mme Lee,4752f08cc123b7e93771ee25c318efee,0.9786803816522724,6.0,2.0,31.0,4.0
487,9dn5pee_n2dWQfN57xoJpg,Bar De Courcelle,4c87345d7a652a966f526460dfa264c5,0.8757693478097721,8.0,1.0,27.0,6.0
490,MhINNBBwzGn4-n_YI67wog,MVP Bar Sportif,eb0fd4c2ab7be34b815978bb8ebfbe65,0.0055255719637479,6.0,2.0,52.0,2.0
491,GqJXM5UE05_-5UvhuIr_5g,La Marche à Côté,268397f44e5cae3f431fc80129c14fd5,0.6372660745606986,6.0,2.0,2.0,3.0
494,FRuuIDOd21pTJHvEGIt1Gg,Holder,81835dccb50d8900b00cc0a3ea1b480f,0.8445537013910664,8.0,3.0,377.0,7.0
495,ZG7QfG8o6ylQYfxXM95luA,La Catrina,81835dccb50d8900b00cc0a3ea1b480f,0.6629055393463372,8.0,2.0,47.0,10.0
496,SNMkOEOmJndZTXuyGVc8hw,The Farsides,81835dccb50d8900b00cc0a3ea1b480f,0.5257025832127228,6.0,2.0,39.0,7.0
497,OVh3nyxQVUa15cxQdtkZQA,Somwhr Liquor Lounge,81835dccb50d8900b00cc0a3ea1b480f,0.3609563321369932,5.0,2.0,7.0,6.0
498,zWPCyy1VEqoO3J_IcUWDTQ,Le Saint-Sulpice,81835dccb50d8900b00cc0a3ea1b480f,0.9790095577906226,7.0,2.0,76.0,6.0
499,uFZ7Q8JCgGJAaObiYs3ksg,Bord'Elle Boutique Bar and Eatery,81835dccb50d8900b00cc0a3ea1b480f,0.1461776859561346,7.0,4.0,65.0,1.0
500,gMLmr0YQhf489vw934OINA,Andrews Bar,16fb65f48b8435b23e10d3e232fd5f0c,0.4810085901676324,7.0,1.0,11.0,10.0
501,fQaIzHM__ItyxahTuGQ2IQ,Riverside,d63041391198f1496b84b02d71a3ed90,0.6855381138594719,8.0,1.0,25.0,3.0
502,o7y1SUS_lH4TycXeKIQcZQ,Loïc,d63041391198f1496b84b02d71a3ed90,0.7498990881883894,6.0,3.0,24.0,3.0
503,kYWKmXgfcN1nzt50Ulgcyw,Cafe Del Monko,d63041391198f1496b84b02d71a3ed90,0.7977306243287099,10.0,1.0,1.0,3.0
504,jdgOBjF-txwzIkXNIEvUWw,Elena,d63041391198f1496b84b02d71a3ed90,0.0428219938500409,8.0,3.0,57.0,3.0
505,7hdEAII1LHvU9WWiyo2l_g,Taverne Saint-Sacrement,f07d83b19d7555633ed07b8705e1439c,0.5277548581234626,7.0,2.0,27.0,2.0
506,__fyRzU8kL6HkVV3wgxfmQ,Beaumonde Par Mademoiselle,1e35b33de4e369aeedcdd6de0f62c2cb,0.7692117495768449,6.0,2.0,5.0,2.0
507,nOOFiJqPddK8QL1Wfw1wZQ,Shehrazad,7b28024fd4c90ded38fc0447771d1ca4,0.6770274648979019,8.0,2.0,5.0,6.0
508,eHbY4WUzUye96OmtPaXfGg,Crobar,7b28024fd4c90ded38fc0447771d1ca4,0.8744558567120408,6.0,1.0,5.0,1.0
509,2lqPBsK4Q32yWvnlYqXoIA,Joverse,3e138c9acff07bff5f9e684c01bc564f,0.7611551587310535,7.0,2.0,55.0,2.0
510,lLaX4U3_IfiWIFDqv78dcA,Furco,014e10dba2d92bd20c826b88864dc6b6,0.018815603378498,7.0,2.0,64.0,4.0
511,ze1qR5KCkfL9bNAOYDE9tQ,Ace Bar,014e10dba2d92bd20c826b88864dc6b6,0.6984339181005254,5.0,2.0,6.0,3.0
512,HckbDALXYG34UZwRxi_gUw,La P'tite Grenouille Montréal,12d398be5955fed8787b107d04ba8cab,0.068077365000342,6.0,2.0,25.0,3.0
513,eIDCXxjiize_E8H5IgMASw,Galt,f7b1f88c4f4e3231537dd0a5a7397287,0.6267705686823758,6.0,3.0,1.0,1.0
514,QxOdvCdkCKl11P0Xyu1T8Q,Nuvoo,f7b1f88c4f4e3231537dd0a5a7397287,0.7800711742597243,2.0,1.0,2.0,2.0
515,DrIGFIi_EB4LGNZH7opJuw,St-Laurent Bifteck,b7ea33e5396a99849c76067836da7f21,0.6652851447676101,8.0,1.0,51.0,2.0
518,uaf_yrwWo35aWM0_qJCgrw,Pincette,3cc8af25d891cb13e3301e4a612d0383,0.3315548502323108,9.0,3.0,38.0,5.0
519,ZntrjpC6xAPHPVIYc_TUmA,John Michael's Pub,3cc8af25d891cb13e3301e4a612d0383,0.7803640553309156,6.0,2.0,48.0,4.0
520,jsaZ2JDgCMl2uk2cRmVPjg,Pub St-Paul,3cc8af25d891cb13e3301e4a612d0383,0.6491073879024983,5.0,2.0,51.0,3.0
524,YMJ7E1AcjDF5kN7hVkWd_w,Vargas,7214c61eb7f8d875d6db8db935ad16ea,0.5514266831104968,7.0,3.0,95.0,1.0
525,EyCO8HurmdWYbVCdxPg-Ig,L'Gros Luxe Plateau,15f3a0b338dba26f99a8df6fab3fdbc7,0.5716441842195056,7.0,2.0,42.0,1.0
