,fsq_id,bar_name,station_id,popularity,y_id,review_count,price,total_counts,rating
0,55aedbd9498eb6db5d095733,Le 4e Mur,36c6491aa1b52e5ef7005f984738de27,0.9660450876704704,RO32EAy8IfnWAm04vCPmzA,99.0,3.0,11.0,9.0
1,4b0c1ff8f964a520603723e3,Le Saint Bock,36c6491aa1b52e5ef7005f984738de27,0.9801108993984028,,,2.0,9.0,8.3
2,4ad4c06bf964a5203ef920e3,Brasserie Artisanale l'Amère a Boire Inc,36c6491aa1b52e5ef7005f984738de27,0.9608640733049304,,,2.0,8.0,8.1
3,56ec4544498e27e294330c2b,Cadet,36c6491aa1b52e5ef7005f984738de27,0.9811314022279788,,,2.0,23.0,9.5
4,4c1009053ce120a19f6d071c,Pub l'Ile Noire,36c6491aa1b52e5ef7005f984738de27,0.9757577055100016,,,2.0,6.0,7.8
5,5786aca5498e11e46ccfe8e7,Renard,36c6491aa1b52e5ef7005f984738de27,0.982351723793416,MIRu1QpQT0ymwk5k3ozNjg,21.0,3.0,12.0,8.0
6,4ad4c06bf964a5202af920e3,Le Cheval Blanc,36c6491aa1b52e5ef7005f984738de27,0.9835434998251588,,,2.0,2.0,7.7
7,4ad4c06ef964a52010fb20e3,Cabaret Mado,36c6491aa1b52e5ef7005f984738de27,0.9631976706844504,,,2.0,11.0,8.3
8,5536df62498e2325f5f9be5c,Le Red Tiger,36c6491aa1b52e5ef7005f984738de27,0.9686926859206292,m0FxJP2atkE8mn-xO23fpQ,137.0,2.0,9.0,8.0
9,54767635498ee8c8c4f3ae4e,Patrick'S Pub Irlandais,36c6491aa1b52e5ef7005f984738de27,0.9720539225131488,,,2.0,2.0,7.6
10,50cfc6a0e4b00c2caa3b1e57,Madame Smith,65f5707d61306518123222b4680bc282,0.9703982815588716,,,2.0,7.0,7.9
11,4f039af102d5cce0cf039639,L'Espace Public-Brasseurs de Quartier,65f5707d61306518123222b4680bc282,0.9792117150870282,,,2.0,5.0,8.7
12,53b68e72498e8b9d660abb9d,Le Trèfle - Taverne Irlandaise,65f5707d61306518123222b4680bc282,0.9747800209809672,,,2.0,7.0,7.6
13,54ff8f33498e0e2e2734aaf2,Le Blind Pig,65f5707d61306518123222b4680bc282,0.9773419826300428,VDE1U5IpjdmKcMBC3X3VxQ,25.0,1.0,7.0,7.0
14,557e24bb122b43ee5b6f9f09,Brasserie de Lasalle Enr,65f5707d61306518123222b4680bc282,0.5996988446195237,,,2.0,5.0,8.2
15,212eaec4bd794982cf8789a9,La Nef,65f5707d61306518123222b4680bc282,0.7792359787906684,,,2.0,7.0,8.2
16,4c6f5686d274b60c4e8cd60d,Bar le Bureau,65f5707d61306518123222b4680bc282,0.9100102050282958,,,2.0,3.0,8.2
17,5465440c498e7f14d79989c3,Bar l'Assemblée,65f5707d61306518123222b4680bc282,0.9256460211094222,,,2.0,4.0,8.2
18,514531a5e4b0910b604fb7cc,Taverne l'Escale,65f5707d61306518123222b4680bc282,0.9412247461231597,,,2.0,4.0,8.2
19,5781c6e1498e7519bb8a5e83,Loupblond,65f5707d61306518123222b4680bc282,0.0338264574279046,,,2.0,4.0,8.2
20,54f4fd2c498e6ed27bd8e8ae,Rouge Gorge,0e58810dea9e4869279089cb8576642f,0.9532210066582456,,,2.0,11.0,8.2
21,56159b81498e692deb443cb9,Pub West Shefford,0e58810dea9e4869279089cb8576642f,0.9640326275450128,,,2.0,8.0,8.1
22,4ad4c06bf964a52090f920e3,Bily Kun,0e58810dea9e4869279089cb8576642f,0.956589379634189,lg6MS4t0EDSVt9jUW_bhRw,68.0,2.0,13.0,8.0
23,4ae3d573f964a5203e9921e3,La Distillerie No2,0e58810dea9e4869279089cb8576642f,0.968492867184768,,,2.0,7.0,8.3
24,541260c1498eaf769b43d38c,Fitzroy,0e58810dea9e4869279089cb8576642f,0.975493659323328,7FHIflJPWXgNavfDw2-STw,46.0,2.0,8.0,6.0
25,4ad4c06bf964a52060f920e3,Bar Plan B,0e58810dea9e4869279089cb8576642f,0.9550265116644188,6SArrlMdEw0JbO9UxtmlMQ,35.0,2.0,7.0,7.0
26,4cd1f545de0f6dcbe6617463,A Bar,0e58810dea9e4869279089cb8576642f,0.9262882956175468,,,2.0,2.0,7.7
27,4ae294f6f964a5201e8f21e3,Cafe-Bar le Boudoir,0e58810dea9e4869279089cb8576642f,0.9252606564045474,,,1.0,4.0,7.4
28,5560d3e3498eb97d20dc071a,Le Terminal,0e58810dea9e4869279089cb8576642f,0.9725748785030722,,,2.0,6.0,7.5
29,4ae3b893f964a520749821e3,Aux Verres Stérilisés Inc,0e58810dea9e4869279089cb8576642f,0.9487893125521848,,,2.0,1.0,6.8
30,51057014e4b05ec8610cb068,132 Bar Vintage,eeda0f4010f34ca2199f3585a76fef66,0.935308684264988,,,3.0,3.0,8.3
31,50a66e27e4b052420c9534a3,Les Cavistes,eeda0f4010f34ca2199f3585a76fef66,0.9494744053608511,9SsjBLmevA18JmHngxtQJw,13.0,2.0,3.0,8.0
32,4bd384809854d13a220afe4d,Uber Cafbar,eeda0f4010f34ca2199f3585a76fef66,0.954748192710898,,,2.0,4.0,7.5
33,a235d106f4c5408473d1dca0,In Vino Veritas,eeda0f4010f34ca2199f3585a76fef66,0.3041669342810451,,,2.0,3.0,8.2
34,4d0c25fa801054816a001796,Bienvenu Bar Salon,eeda0f4010f34ca2199f3585a76fef66,0.937228371405939,,,2.0,4.0,8.2
35,4dcf65d3183899ddfaec7935,Bar Lajeunesse,eeda0f4010f34ca2199f3585a76fef66,0.5046993084844462,,,2.0,2.0,8.2
36,4d0c5208d515236a09cd064b,Bar Ahuntsic,eeda0f4010f34ca2199f3585a76fef66,0.9933060723486552,,,2.0,3.0,8.2
37,4b7eb7b0f964a520eafa2fe3,Le Rendez Vous du Thé,eeda0f4010f34ca2199f3585a76fef66,0.9319260385221976,,,2.0,3.0,8.2
38,5a0e4f8c8194fc76a7737397,Le Pourvoyeur,eeda0f4010f34ca2199f3585a76fef66,0.9605215269005972,,,3.0,7.0,8.2
39,ae4819eb18ca4e495deeb86a,Lanny Izakaya,eeda0f4010f34ca2199f3585a76fef66,0.8996190724673447,,,2.0,4.0,8.2
40,5606f3e59a184b4d75b78b9a,Resto-Bar Lucky 7,8140fc3c3486abf913b0bd9211926f2b,0.6085265509145276,,,2.0,6.0,8.2
41,48d57f4a1808476d9b42c59d,Brasserie Place 37,8140fc3c3486abf913b0bd9211926f2b,0.8063542358003811,,,2.0,2.0,8.2
42,2069e40c3f484191f0149871,Perandello Sport Bar,8140fc3c3486abf913b0bd9211926f2b,0.3135084601825487,,,2.0,2.0,8.2
43,34c15ba7ec3c4fa2619b1274,Brasserie Chez le Pere Gedeon,8140fc3c3486abf913b0bd9211926f2b,0.8996190724673447,,,2.0,6.0,8.2
44,4af8a196f964a520d30e22e3,Chez Baptiste Sur Masson,e287c24d95d9f0e3767d167d83ecebcd,0.9611780741755692,,,2.0,3.0,7.0
45,4de0837ec65bcc724f423d55,Morelli,e287c24d95d9f0e3767d167d83ecebcd,0.1116772641960507,,,2.0,7.0,8.2
46,b60737e7cfeb43165b412c9a,Taverne Morelli,e287c24d95d9f0e3767d167d83ecebcd,0.8996190724673447,,,2.0,4.0,8.2
47,57aca538498efa5e389d018a,Cherry Bar Inc,bfc27d829d7ce8c0f9e55b1cab901cbb,0.9025526843506247,,,2.0,4.0,8.2
48,0676e51e2d2f425b5977cdac,Action Production a N J,bfc27d829d7ce8c0f9e55b1cab901cbb,0.8996190724673447,,,2.0,2.0,8.2
49,61fbec86eea3a30441af3db2,Vin Prendre Une Bière,1ff33fd73e2add3c30fcd821850dccd3,0.6761509202366425,,,2.0,2.0,8.2
50,4ce5d01eb9975481ecb9ec44,Resto Bar Trophys,1ff33fd73e2add3c30fcd821850dccd3,0.978269712475112,,,2.0,2.0,8.2
51,27e752c42904450e443198df,Solevino,1ff33fd73e2add3c30fcd821850dccd3,0.3006629700200532,,,2.0,2.0,8.2
52,2a12178ac65d4877aff124f9,Resto Bar Beauharnois,1ff33fd73e2add3c30fcd821850dccd3,0.0584755257730487,,,2.0,4.0,8.2
53,4c6f343a0d68ef3b3fd946e7,Le Bar Salon Solid Gold Inc,1ff33fd73e2add3c30fcd821850dccd3,0.9777630292520356,,,2.0,4.0,8.2
54,573d039ccd10fe71e376c912,Pub Pit Caribou,2501128835e132f929d56798aa789839,0.9676079556402406,,,2.0,3.0,8.4
55,58818ec01174200247eb1f81,Le Royal,2501128835e132f929d56798aa789839,0.0782647170067153,,,3.0,4.0,8.5
56,53c9c69b498e1fd4f3aa670a,Grenade - Resto-bar et terrasse,2501128835e132f929d56798aa789839,0.9634545804877004,,,2.0,5.0,8.0
57,4adb8f80f964a520fd2821e3,Barraca Rhumerie,2501128835e132f929d56798aa789839,0.925867248995554,,,1.0,3.0,7.4
58,5849d31423188e1e7a58e397,Marconi,00c210cb99cf9d1b923c1548938aee56,0.9641682188300612,,,2.0,5.0,9.0
59,548f5fec498e19e6e8b9f5da,Brasserie Harricana,00c210cb99cf9d1b923c1548938aee56,0.9738380183690508,,,2.0,6.0,8.8
60,5668a837498e95e2fca374ba,Birra,00c210cb99cf9d1b923c1548938aee56,0.9846995939397832,,,2.0,6.0,8.1
61,4ad4c06bf964a5205af920e3,Vices & Versa Bistro du Terroir Inc,00c210cb99cf9d1b923c1548938aee56,0.9729459704411,,,2.0,5.0,8.5
62,556653bc498e86ab9700cf34,Yïsst,00c210cb99cf9d1b923c1548938aee56,0.9680718205627752,,,2.0,4.0,8.5
63,50d0ecf1e4b0fda9f35bfd5f,Bar le Vestiaire,00c210cb99cf9d1b923c1548938aee56,0.987418556024178,,,2.0,6.0,8.1
64,5a9dd63f3af9884365660a40,Cicchetti,00c210cb99cf9d1b923c1548938aee56,0.9682930484489072,,,2.0,7.0,7.9
65,51f9d75e498eceabc4345166,Huis Clos,00c210cb99cf9d1b923c1548938aee56,0.9449428018868598,DPr8FQsb74aXeDgDxiZBfA,17.0,2.0,6.0,7.0
66,5c156a1ccbcdee002c5dfe6b,Bar St-Denis,00c210cb99cf9d1b923c1548938aee56,0.9759075695618974,,,2.0,5.0,6.9
67,4f42f3d3e4b03c8ff60869f3,Notre Dame des Quilles,00c210cb99cf9d1b923c1548938aee56,0.944792937834964,xM5jI2jE7-R-qhP9CxriwA,36.0,2.0,1.0,9.0
68,5675d65b498ef5898f8b080b,Taverne Cobra,f9bb106633ce38eeec6728faed3155ad,0.9416457927451526,,,1.0,1.0,7.4
69,4b15c25cf964a520dbb323e3,Miss Villeray,f9bb106633ce38eeec6728faed3155ad,0.9518080027403713,,,2.0,4.0,7.1
71,4b9ae085f964a520a7de35e3,Buvette Chez Simone,a32e2261fca6732a8f47eec9fef69017,0.944899983586318,ml_Fo07EBZQ8uSSnvkZb3A,118.0,2.0,6.0,9.0
72,58c8b974951e7d7e08bc6fd8,Darling,a32e2261fca6732a8f47eec9fef69017,0.9799039442791182,,,3.0,10.0,9.2
73,4b47fbe5f964a520b64526e3,Salon Daome,a32e2261fca6732a8f47eec9fef69017,0.4863088484018069,,,1.0,11.0,8.5
74,533de7ac498e9266dca655ff,Le Majestique,a32e2261fca6732a8f47eec9fef69017,0.976735390039036,EpAXhhvS-8U9aG2LlAr5WA,204.0,2.0,10.0,9.0
75,4ad4c06bf964a5203df920e3,Brasserie Dieu du Ciel,a32e2261fca6732a8f47eec9fef69017,0.9624340776581244,,,2.0,8.0,9.1
76,4ad4c06bf964a5206df920e3,Casa del Popolo,a32e2261fca6732a8f47eec9fef69017,0.9515510929371214,,,2.0,9.0,8.2
77,4ae22438f964a5201e8b21e3,Réservoir,a32e2261fca6732a8f47eec9fef69017,0.9639898092444712,,,1.0,10.0,8.5
78,595eaff1f427de5e694c808c,Bar Suzanne,a32e2261fca6732a8f47eec9fef69017,0.9591085229827228,hQjNgFcp9gHbTPdomCXvrA,48.0,2.0,8.0,8.0
79,563d374ccd102a339a37edf2,Bar Henrietta,a32e2261fca6732a8f47eec9fef69017,0.9574314728781748,xgcVMrwfGjugeR1Nmj6Nww,42.0,3.0,7.0,8.0
80,5372ed9f498e6f504d4fe05d,Bar le Mal Nécessaire,f332a5c6e3f7fc73096885d6efc0f829,0.9816666309847496,,,3.0,21.0,8.8
81,4ad4c06af964a5200ff920e3,Sainte-Elisabeth,f332a5c6e3f7fc73096885d6efc0f829,0.972631969570461,,,2.0,4.0,8.0
82,4cd21ce53e63721ed8c5a7cc,Bar Zoe Karaoke et Cocktails,0243c740e1d4fe272e0c414cdd900c7d,0.9857700514533244,,,2.0,4.0,7.6
83,754658eea30844a566cf5f79,Bar Hélène,0243c740e1d4fe272e0c414cdd900c7d,0.4761680475568591,,,2.0,5.0,8.2
84,34f21679eb114782ec3509a5,Beamers Bar,0243c740e1d4fe272e0c414cdd900c7d,0.0980610446238055,,,2.0,5.0,8.2
85,1e132627230345ea96339611,Café Bar Brewski's,0243c740e1d4fe272e0c414cdd900c7d,0.7973053016192454,,,2.0,3.0,8.2
86,04370f71f5954b42f7db79fb,Au Ptit Buck,0243c740e1d4fe272e0c414cdd900c7d,0.379976735390039,,,2.0,5.0,8.2
87,528c47fc11d211233bdfb21b,Bar Excel,0243c740e1d4fe272e0c414cdd900c7d,0.9512014101493644,,,3.0,5.0,8.2
88,68ede87884ff4255b8991866,Bar Zoe,0243c740e1d4fe272e0c414cdd900c7d,0.8996190724673447,,,2.0,4.0,8.2
89,5282865f11d2a93492597e98,Empire Cafe,278e51e3bb2d95cf556a62edff8f95ec,0.475111862810165,,,1.0,3.0,8.2
90,1a3471063dbb45eb49299f6d,Chez Momo,278e51e3bb2d95cf556a62edff8f95ec,0.8996190724673447,,,2.0,1.0,8.2
91,e27e3493e6ad43b84b9dc022,Bar 1370,278e51e3bb2d95cf556a62edff8f95ec,0.8996190724673447,,,2.0,2.0,8.2
92,5485fcbc498e2f5b907f32ab,Limite08,700cf042fd8763ec6c702d94d5b6689b,0.7328923048377544,,,2.0,2.0,8.2
93,4ca67cbcb7106dcbb8a75ea5,Taverne La-Paz,700cf042fd8763ec6c702d94d5b6689b,0.4427769095177946,,,2.0,2.0,8.2
94,57f7f9bbcd10b5d0637b4b5d,Ruelle des papillons,700cf042fd8763ec6c702d94d5b6689b,0.1802507725135056,,,3.0,3.0,8.2
95,63268d3977e6454897dab7e3,Le Grand Lionel,700cf042fd8763ec6c702d94d5b6689b,0.8996190724673447,,,2.0,3.0,8.2
96,561ea014498e1dcaa9772c8a,Boswell Brasserie Artisanale,82cc3be4d76f16ca475536a6e07461c5,0.97502265801737,,,2.0,7.0,8.3
97,4bf9ff125efe2d7fe5216d34,Bar Davidson,0f8246e77098962beaa5e48211a7cff8,0.9615777116472912,SFKOW754UyuQh8QiUvpt8g,1.0,1.0,4.0,6.0
98,4e0279ac483bb38cf0effa93,Bar St Vincent,0f8246e77098962beaa5e48211a7cff8,0.908326018540324,,,2.0,4.0,8.2
99,5ac0419d4c954c34ab44ee4b,Blockhaus,0f8246e77098962beaa5e48211a7cff8,0.981623812684208,,,3.0,4.0,8.2
100,4c3751b70a71c9b614973ec9,Brasserie des Patriotes,0f8246e77098962beaa5e48211a7cff8,0.9607427547867292,whd3MdVtonR-l4tODJ2TZQ,3.0,1.0,3.0,7.0
101,543745e9498e0d5e64dd929a,Ping Pong Club,c8aba35f90d2eeada8a20ea7915c943a,0.9569319260385222,GvRP6TlAc_Q4b80TbSWL7w,36.0,2.0,5.0,8.0
102,530d54f0498e3559bf75e043,Bishop & Bagg,c8aba35f90d2eeada8a20ea7915c943a,0.955968514276335,,,2.0,6.0,8.6
103,540314f8498e97602cef55ba,Isle de Garde,c8aba35f90d2eeada8a20ea7915c943a,0.97061237306158,,,3.0,4.0,9.1
104,4ad4c06af964a520faf820e3,Whisky Café,c8aba35f90d2eeada8a20ea7915c943a,0.8980139444932097,uZKn-fdAFXJWiDetBsKURQ,37.0,3.0,4.0,8.0
105,4b1f4cecf964a520512524e3,Nacho Libre,c8aba35f90d2eeada8a20ea7915c943a,0.9636686719904088,,,2.0,4.0,7.8
106,4ccaf5c7c9b846885faab2c3,Bar Waverly,c8aba35f90d2eeada8a20ea7915c943a,0.9615634388804442,,,1.0,4.0,7.4
107,4ae3af79f964a520249821e3,Bar Tapas Taza Flores,c8aba35f90d2eeada8a20ea7915c943a,0.9264310232860192,,,3.0,3.0,7.8
108,500a199de4b0114578789f65,The Emerald,c8aba35f90d2eeada8a20ea7915c943a,0.9233052873464784,,,3.0,2.0,7.7
109,5d125be07140700023cc5b8c,Bières Jukebox,0d4d6ab1ff41bf892ecbb0e09a8e2f40,0.8779036160054807,,,2.0,4.0,8.2
110,52647dcd498e25e8a0faceb5,MaBrasserie,e335f2f5ad674c200bb9795ee863749c,0.965759632333526,,,2.0,5.0,9.0
111,4d0bf0f25ce054814e8425dc,La Distillerie No 3,e335f2f5ad674c200bb9795ee863749c,0.9546696924932384,,,2.0,4.0,8.2
112,4e8230b4f5b91d2e46d64910,Quai No.4,e335f2f5ad674c200bb9795ee863749c,0.9562682423801266,,,3.0,3.0,8.0
113,4ae3ea74f964a520979921e3,Verre Bouteille,e335f2f5ad674c200bb9795ee863749c,0.9658952236185746,,,1.0,4.0,6.9
114,4b27e67ff964a520ee8b24e3,Bar Lounge Lobby,e335f2f5ad674c200bb9795ee863749c,0.9181100002140916,,,3.0,2.0,6.4
115,4b0a1766f964a520b52123e3,La Porte Rouge,e335f2f5ad674c200bb9795ee863749c,0.9208146895316393,,,2.0,4.0,6.3
116,55777789498e80fb292f9b8a,Pub BreWskey,30efd061ab22a0caa3dc67f5e027154e,0.9912079756221144,,,1.0,7.0,8.9
117,57e2f1e3498ea815291bae31,Cold Room,30efd061ab22a0caa3dc67f5e027154e,0.9576598371477304,,,3.0,9.0,8.7
118,595eb9036cf01a44b31964c5,Perché,30efd061ab22a0caa3dc67f5e027154e,0.9697274615170524,,,2.0,7.0,8.3
119,4bdf009389ca76b0cfab5d5e,Terrasse Place d'Armes,30efd061ab22a0caa3dc67f5e027154e,0.9753223861211616,yg0fwJoTyQOYYYKmwTSk7w,68.0,3.0,17.0,7.0
120,4ad4c06bf964a5204cf920e3,Modavie,30efd061ab22a0caa3dc67f5e027154e,0.9911294754044544,,,2.0,12.0,8.5
121,5c9583a2123a19002cd832f8,Pub Wolf & Workman,30efd061ab22a0caa3dc67f5e027154e,0.9745017020274466,,,2.0,16.0,8.8
122,511d7d4be4b0ae5fffd73e82,Rebel Brasserie Urbaine,76d6ac391db2e789d1696e32fccf92f6,0.8936393414545377,,,3.0,6.0,8.1
123,4b6cdd27f964a520035a2ce3,Bar l'aigle Noir,76d6ac391db2e789d1696e32fccf92f6,0.9849279582093386,,,2.0,5.0,7.9
124,4b4e66d8f964a5206bec26e3,Bar le Stud,76d6ac391db2e789d1696e32fccf92f6,0.993470209167398,,,2.0,6.0,7.5
125,5c79a3fc66fc65002c413d1b,Bistro Tendresse,76d6ac391db2e789d1696e32fccf92f6,0.9561112419448072,,,3.0,4.0,7.8
126,4b186576f964a52017d223e3,Le National,76d6ac391db2e789d1696e32fccf92f6,0.9417028838125416,,,2.0,3.0,7.6
127,4fa9c7f9e4b096d4709e4294,Bar Stock&Lounge,76d6ac391db2e789d1696e32fccf92f6,0.9770708000599456,,,2.0,2.0,7.4
128,595efe0c112c6c7093f64ef6,District Video Lounge,76d6ac391db2e789d1696e32fccf92f6,0.9774418919979732,,,3.0,5.0,7.3
129,57dafea0498e5359faf5f11f,Tiradito,cecb49c91023c7469470569da814659e,0.9509516367295382,Yx-ZtYKpmdvscPSY0UhP3w,150.0,2.0,20.0,8.0
130,59622257531593143d4e0ff9,Nacarat,cecb49c91023c7469470569da814659e,0.9825586789127008,EKIwV8nxZerC_cD6w3F6Cg,28.0,3.0,25.0,8.0
131,550bd362498e0e9050efe954,Escondite,cecb49c91023c7469470569da814659e,0.9734026989802108,9KeJfn7-6DFfUFoZLu_DNQ,247.0,2.0,43.0,8.0
132,4b0435bcf964a520215222e3,Nyks Bistro Pub,cecb49c91023c7469470569da814659e,0.992235614835114,,,2.0,22.0,8.8
133,556467ea498e21a8004aabc5,Tommy,cecb49c91023c7469470569da814659e,0.9809387198755416,,,1.0,15.0,8.4
134,583677b7288b6a0d9c6b399f,Bord'Elle,cecb49c91023c7469470569da814659e,0.974730066297002,,,3.0,4.0,7.8
135,556902a1498e618f7c287e74,Soubois,69f583a85e1a83b443c203b781bfc0c9,0.9849850492767276,CF3VHl1l92MX8hwxFUDrDw,38.0,2.0,18.0,6.0
136,5928b8f482a7501cafce9f60,Bar George,69f583a85e1a83b443c203b781bfc0c9,0.977284891562654,,,3.0,17.0,8.5
137,567aba8e498e6b5bdd0ad844,Bar Cloakroom,69f583a85e1a83b443c203b781bfc0c9,0.9756506597586476,,,3.0,14.0,8.6
138,4b08d25cf964a520a41223e3,Ye Olde Orchard Pub & Grill,69f583a85e1a83b443c203b781bfc0c9,0.9777987111691536,,,2.0,22.0,8.3
140,53701414498ec249d96976cc,Brass Door,69f583a85e1a83b443c203b781bfc0c9,0.9632333526015686,,,1.0,6.0,8.0
141,4ad4c06bf964a52024f920e3,Upstairs Jazz Bar & Grill,69f583a85e1a83b443c203b781bfc0c9,0.9832152261876728,,,2.0,17.0,8.4
142,56453da5498e11179bd146d7,C'Cho-Colat,69f583a85e1a83b443c203b781bfc0c9,0.9745587930948354,,,1.0,12.0,8.1
143,57fffed138fa0da136f2a8e3,La Cage,7efdfc0229daac74cfa58a8a39d13ac2,0.99533280524096,,,1.0,12.0,8.4
144,4ae4d07df964a520669e21e3,Benelux,650b371db12a750bd2db8da8ecfa0890,0.9899876540566772,NJDu9wztk9hHyBoBU2TBjg,127.0,1.0,11.0,8.0
145,4ae0e7f9f964a520928321e3,Pullman,650b371db12a750bd2db8da8ecfa0890,0.969534779164615,bXoRrDhojAQ1B3nGNEs7wg,204.0,2.0,16.0,8.0
146,4b6e6475f964a52081bb2ce3,McKibbin's Irish Pub,650b371db12a750bd2db8da8ecfa0890,0.9877182841279696,FaGtI6jCKR650CiERd0Q_w,62.0,2.0,14.0,7.0
147,52d731d011d2a0079c930734,Biiru,650b371db12a750bd2db8da8ecfa0890,0.96940632426299,,,2.0,11.0,8.2
148,58af99d2f22995176a094d1f,Siboire,1013ec013026d8e51b4e126c5c72c5c8,0.9792045787036046,,,2.0,4.0,7.7
149,4cae667a1463a143f58f8ca9,Taverne Metro-Pub,04f6eaaa0d7993020973687c13f41663,0.9615563024970204,,,2.0,4.0,8.2
150,4c6b77620c3ac9b64239d238,Bar Sexe Mania,04f6eaaa0d7993020973687c13f41663,0.9524574136319196,,,2.0,3.0,8.2
151,4e1631551495f6691bf04a74,The Kath Women,04f6eaaa0d7993020973687c13f41663,0.0899612494380098,,,1.0,3.0,8.2
152,4dfffdabae6001fafcac02df,Bar Fullum,04f6eaaa0d7993020973687c13f41663,0.9643252192653808,,,2.0,4.0,8.2
153,4ae39fe71c9a42a9f3218291,Pro Max Pub,04f6eaaa0d7993020973687c13f41663,0.3763371798439986,,,2.0,3.0,8.2
154,d59bb0c519244a9ef1279ccc,Pro-Max Pub,04f6eaaa0d7993020973687c13f41663,0.1991978705031864,,,2.0,2.0,8.2
155,4b19b820f964a520afe223e3,Astral 2000,04f6eaaa0d7993020973687c13f41663,0.9325112219629336,,,2.0,1.0,5.2
156,0cc4274e64dd439ff406d3b7,Alfred's Damn Right Joint,04f6eaaa0d7993020973687c13f41663,0.8996190724673447,,,2.0,2.0,8.2
157,52a3688811d2c18af186e13a,Bier Markt,81e413363c9c2b6933f4706dd9fafc6b,0.99135783967401,,,2.0,6.0,7.7
158,5238c53411d28de3660ad07f,Etoh Brasserie,f9d30314d14794ea0c378ba2c1ee0c5d,0.9894881072170244,,,2.0,4.0,8.4
159,4c203792b4e62d7f2ee1e093,Bar la Québécoise,f9d30314d14794ea0c378ba2c1ee0c5d,0.9044438259578812,,,1.0,4.0,7.1
160,4ca6c3a1a6e08cfa74517e94,Bar Pam Pam,9836aac1ee4659e9103ab4a3ac10c9e0,0.81946377214955,,,1.0,4.0,8.2
161,b08bbcc843104ea1d6b02c3b,Ritz Bar,9836aac1ee4659e9103ab4a3ac10c9e0,0.4635366488970719,,,2.0,2.0,8.2
162,5271be1911d2c6270f077c3f,Cozmos Café Bar,9836aac1ee4659e9103ab4a3ac10c9e0,0.9908154745338158,,,1.0,4.0,8.2
163,4ed948e0c2ee3cd6444a7e19,Bande Paul,9836aac1ee4659e9103ab4a3ac10c9e0,0.5851477588187858,,,2.0,3.0,8.2
164,4c1e1ffffcf8c9b684bbac0b,Bar Sportivo,9836aac1ee4659e9103ab4a3ac10c9e0,0.9392979225987854,,,1.0,1.0,5.7
165,595d3687898bdc5f36d6b0af,Kamehameha Snack-Bar,6086b10ac3a09a5ad176d6a32deaf0ad,0.9050504185488878,,,2.0,1.0,7.3
166,50bfe73ce4b0a80fdba120c1,Le Bureau Bar a Tapas,ede6b6e636d0057c3569441aad58f64c,0.9452425299906514,,,3.0,16.0,8.3
167,593054634aa3f82f20e61573,Monopole,ede6b6e636d0057c3569441aad58f64c,0.9713117386370936,ghwcjmCP3SEGzVPpZE_4Dg,21.0,1.0,11.0,10.0
168,53977b1a498ee68a34848261,Zibo,ede6b6e636d0057c3569441aad58f64c,0.9882178309676224,,,2.0,9.0,7.8
169,5c424340dab4b1002ce2f25c,Milky Way Cocktail Bar,ede6b6e636d0057c3569441aad58f64c,0.9785551678120562,,,3.0,6.0,8.6
170,55df496d498eac393a801eb6,Bird Bar,ede6b6e636d0057c3569441aad58f64c,0.9537490990315928,,,1.0,8.0,7.9
171,56ec7718498e0ec380cdf79a,Knox Taverne,ede6b6e636d0057c3569441aad58f64c,0.9693278240453304,,,2.0,7.0,8.1
172,4f722440e4b0995f2face125,New City Gas,ede6b6e636d0057c3569441aad58f64c,0.9793901246726184,,,2.0,9.0,7.7
173,55720dc6498e200d00257919,Lord William Pub,ede6b6e636d0057c3569441aad58f64c,0.98012517216525,,,1.0,9.0,7.5
174,4b47a1eaf964a5203c3826e3,Resto-pub le 100 génies,ede6b6e636d0057c3569441aad58f64c,0.9895737438181078,,,2.0,5.0,6.5
175,56dc5cb3498ed1be4ca910ab,Association Montréal Beach,ede6b6e636d0057c3569441aad58f64c,0.4137746472842493,,,2.0,1.0,8.2
176,51d36b04498e0485ae7335e3,Le Vin Papillon,444448176f019fa75930cba6037f6ed8,0.9511300463151284,IkilcGqiN3_sQk-VvnoAeg,145.0,3.0,11.0,9.0
177,4ae3a16cf964a520729721e3,Burgundy Lion,444448176f019fa75930cba6037f6ed8,0.9686998223040528,,,2.0,11.0,8.7
178,577ef91f498eccce05ee8202,Atwater Cocktail Club,444448176f019fa75930cba6037f6ed8,0.9870117821690324,HTiupfkYLtdXByDPG8z7KA,120.0,3.0,8.0,9.0
179,4d82b213e83fa14327853da1,Drinkerie Ste-Cunégonde,444448176f019fa75930cba6037f6ed8,0.9665303617432758,,,2.0,8.0,7.5
180,573e6e51cd10204ed96a075d,El Gordo,444448176f019fa75930cba6037f6ed8,0.950152361786094,,,2.0,8.0,7.2
181,583df7e572714f2d3df950c7,Moose Bawr,444448176f019fa75930cba6037f6ed8,0.983372226622992,yzJ3B2QsVdLwneX74JQb2Q,81.0,2.0,3.0,7.0
182,582e6cac761b1a3f49712ade,Kampai Garden,444448176f019fa75930cba6037f6ed8,0.9794043974394656,,,1.0,3.0,7.2
183,5b9c52b006fb600038c0646f,Paperplane MTL,f9cff3cd7959287708ec2346fdc9f24c,0.6844790796919937,,,2.0,6.0,6.2
184,589222369dc8d06afb12ba49,Cafeteria BBR,f9cff3cd7959287708ec2346fdc9f24c,0.8425571089083475,,,3.0,1.0,8.2
185,4fe77d33e4b02db7ae89f0a7,Bar,f9cff3cd7959287708ec2346fdc9f24c,0.9444860733477488,,,2.0,3.0,8.2
186,5beb3ee39cadd9043837d715,Cyr,f9cff3cd7959287708ec2346fdc9f24c,0.0432893018476096,,,2.0,3.0,8.2
187,5e22629249c88c000895a64d,Stem Bar,f9cff3cd7959287708ec2346fdc9f24c,0.9175034076230848,,,2.0,2.0,8.2
188,4ad4c06af964a52010f920e3,Else's,0c9cd68aa1bd69a080463ce7f302337c,0.95186509380776,oq3X84QyoUC8tLDyOJUXRQ,122.0,2.0,8.0,9.0
189,4bf5fa98abdaef3bde2ba184,Tattoo Box Montreal,0c9cd68aa1bd69a080463ce7f302337c,0.8865457763314707,,,2.0,3.0,8.0
190,56858d0e498e81a958de42c7,North Star Machines à Piastres,c6315ed8be3d1b1db4e1743fd8cf702d,0.9935915276855994,,,2.0,2.0,7.6
191,5d56143cfcdc0c0008656df2,Taverne Atlantic,9fce8c378d9e1fc9d96999ff50a71f6a,0.9879109664804072,,,2.0,1.0,8.2
192,5d3243c51eef220008669db8,Boucherie Bar à vin Provisions,9fce8c378d9e1fc9d96999ff50a71f6a,0.9699629621700314,,,2.0,1.0,8.2
193,5efc903267cf5200087dd0ef,TAS Café Bistro Lounge,9fce8c378d9e1fc9d96999ff50a71f6a,0.9509445003461146,,,1.0,1.0,8.2
194,62ae54bef1d09e5fad4fa820,Wills,9fce8c378d9e1fc9d96999ff50a71f6a,0.9800752174812848,,,2.0,2.0,8.2
195,9254c944e4ce43cae9fb8865,Taverne Portara,9fce8c378d9e1fc9d96999ff50a71f6a,0.8996190724673447,,,2.0,2.0,8.2
196,4e6aa917d4c01ce017ad2ab9,Le Off Miss Villeray,3da178370890fe8edbd73af1c48b6fa7,0.7673324912400894,,,3.0,3.0,8.2
197,d43ce92f4263431eb76f18f5,Raphaël Bistrot Bar à Vins,3da178370890fe8edbd73af1c48b6fa7,0.8996190724673447,,,2.0,2.0,8.2
198,568bc64e498ec34f4d922bab,Autos Lajeunesse,3da178370890fe8edbd73af1c48b6fa7,0.029116444368323,,,2.0,4.0,8.2
199,6122bffc6f4b773f2d181e56,Le Petit 26,3da178370890fe8edbd73af1c48b6fa7,0.5650517030979041,,,2.0,4.0,8.2
200,627f0d9a7b019300c0336743,Chez Josie,3da178370890fe8edbd73af1c48b6fa7,0.9722394684821626,,,3.0,2.0,8.2
201,61689accf0825425f7f3c223,Etna,3da178370890fe8edbd73af1c48b6fa7,0.8870595959379706,,,2.0,2.0,8.2
202,57c8c0e1498eae8bcbda7374,Bar le Record,8ae2d0c3c6bfb29c5614921e85221107,0.9683572758997196,,,2.0,3.0,8.2
203,84d255e0f9e249cc21d10198,Bistro Bar Bizzwack,8ae2d0c3c6bfb29c5614921e85221107,0.1413003917874499,,,2.0,3.0,8.2
204,112465524b364f0fa56d17be,Bar Cafe EVA,73eda86efde149b545d1e7646de05cd6,0.3844012931126763,,,2.0,1.0,8.2
205,515879eee4b0d2c60278af2c,SuWu,4752f08cc123b7e93771ee25c318efee,0.917703226358946,,,2.0,3.0,8.0
206,4b761beff964a5204a3d2ee3,Bar Chez Pierre,4c87345d7a652a966f526460dfa264c5,0.6158342075403027,,,2.0,2.0,8.2
207,5c54edf3acb00b002c1b0943,Porto Lounge,4c87345d7a652a966f526460dfa264c5,0.6713624069594011,,,3.0,2.0,8.2
208,5adb9b12ba57b41e9370c47b,Bar Pamplemousse,eb0fd4c2ab7be34b815978bb8ebfbe65,0.9779271660707788,,,2.0,4.0,8.0
209,4ad4c06bf964a5208bf920e3,Foufounes Electriques,eb0fd4c2ab7be34b815978bb8ebfbe65,0.9900661542743368,,,1.0,3.0,7.9
210,4c2ec35566e40f476fe9c08b,Bar Taboo,75029d868bd65133941f05b6d4fa2daf,0.9839502736803044,,,2.0,3.0,5.8
211,4e8520329adfdc1fadf2ba2f,Bar le Jockey,5e32fab9110f792cab5784b893f3a1af,0.9601147530454516,,,2.0,3.0,7.9
212,52ea88d3498ee6cf2fd4e2fc,Bar Tennesse,5e32fab9110f792cab5784b893f3a1af,0.90285954883784,,,1.0,2.0,8.2
213,4ccd99c2ee23a14324cc26a8,Bar Coucou,5e32fab9110f792cab5784b893f3a1af,0.0986034097639998,,,2.0,1.0,8.2
214,55ff20dc498e3854e4b64752,Bar la Plaza,5e32fab9110f792cab5784b893f3a1af,0.8730151933603089,,,1.0,2.0,8.2
215,4c648a6aaf8a76b0fa7c78c5,Bar 1650,5e32fab9110f792cab5784b893f3a1af,0.9283007557430044,,,2.0,1.0,8.2
216,633ad43585d1901c113461ef,Le Système,5e32fab9110f792cab5784b893f3a1af,0.9573244271268206,,,2.0,2.0,8.2
217,4ad92b8ef964a520cc1821e3,Helm Brasseur Gourmand,462e77d533503e90f53675acf2f9ddcc,0.9609711190562846,,,2.0,1.0,7.4
218,868de8ae45ab4d4ba41f1e71,Billard Eljumelgi,e61bdf615b9672bd815d52f210429d3c,0.3704353907526743,,,2.0,2.0,8.2
219,594c456d59fe5c1c5d3cf28d,Nhâu Bar,81835dccb50d8900b00cc0a3ea1b480f,0.9657739051003732,,,2.0,9.0,8.0
220,5928f3b65455b230d386bc0f,Boho,81835dccb50d8900b00cc0a3ea1b480f,0.7775375195358496,,,3.0,2.0,8.3
221,4ae8c5a1f964a52027b221e3,Méchant Bœuf Bar & Brasserie,81835dccb50d8900b00cc0a3ea1b480f,0.9546411469595438,,,2.0,7.0,8.2
222,4ced7fee62ef6dcb75d9f259,Philemon Bar,81835dccb50d8900b00cc0a3ea1b480f,0.9552834214676686,,,2.0,5.0,8.0
223,4eeaa9bc0e01182cafa426f0,Bistro-Brasserie les Soeurs Grises,81835dccb50d8900b00cc0a3ea1b480f,0.9723821961506348,,,2.0,2.0,7.3
224,56edf560498e0692bffee7a5,Randolph Pub Ludique,2b9e2e02951cbf0f3386b55b303d7105,0.9538061900989816,CSvqBrjruPrl7ioULpkYtw,16.0,1.0,3.0,9.0
225,4b1b1894f964a520fff723e3,Broue Pub Brouhaha,2b9e2e02951cbf0f3386b55b303d7105,0.9821947233580964,,,2.0,5.0,8.4
226,51676069e4b033680a8dfe14,Pub Rosemont,2b9e2e02951cbf0f3386b55b303d7105,0.967215454551942,,,3.0,4.0,7.8
227,385f842eb1544d5374d781d2,Bar Taverne les Torchés,2b9e2e02951cbf0f3386b55b303d7105,0.2045144761537748,,,2.0,2.0,8.2
228,52d0c1cf11d267002e370708,Le Lexor Lounge,2b9e2e02951cbf0f3386b55b303d7105,0.5366917153724835,,,2.0,2.0,8.2
229,504eacfbe4b0225693eaa493,Bar Rolex,2b9e2e02951cbf0f3386b55b303d7105,0.6437017848094942,,,2.0,2.0,8.2
230,5c1c6c5db6b04b002ccde72c,Pub Papineau,2b9e2e02951cbf0f3386b55b303d7105,0.5065833137082789,,,2.0,1.0,8.2
231,4fe8fd83e4b07bc3afb58f88,Dice Club,2b9e2e02951cbf0f3386b55b303d7105,0.7230797776302925,,,2.0,1.0,8.2
232,5d16dd303f9ff700237563cf,Vinvinvin,07151bf35f8c11187f1e4e0c0311b250,0.9736810179337316,,,2.0,4.0,8.2
233,56168654498e0e25431da209,Nestor,07151bf35f8c11187f1e4e0c0311b250,0.9653528584783804,,,2.0,3.0,7.5
234,598528d34c954c7964d137f1,Arabica Lounge,16fb65f48b8435b23e10d3e232fd5f0c,0.9725106510522598,,,1.0,2.0,7.5
235,4ba6563bf964a520c54739e3,Jono Bar,26aa0933324c9525e24f3b802787f507,0.952849914720218,,,2.0,2.0,8.2
236,56d1423bcd10e735a3aa9b9e,Le Diplomate,7fb17e275b3e5006964621b39f5decbd,0.921927965345722,,,3.0,1.0,6.6
237,4deec8a4887754a6af84463d,Bar Chez P.P,5fe27f765b1c3a37dd8b9f9e155ebfff,0.8841907698016799,,,2.0,1.0,8.2
238,55634921498e57b144d55b38,Le Bar Loic,d63041391198f1496b84b02d71a3ed90,0.9726391059538848,,,3.0,3.0,8.6
239,5352e152498eb6d10554a79d,L'Annexe St-Ambroise (L’Annexe St-Ambroise),d63041391198f1496b84b02d71a3ed90,0.9359580951565366,,,1.0,3.0,8.6
240,4c4da7940d90b713fa1b8c78,Terrasse St-Ambroise,d63041391198f1496b84b02d71a3ed90,0.980967265409236,,,2.0,3.0,8.4
241,5a942e136fd6261fec882325,Cordova,d63041391198f1496b84b02d71a3ed90,0.941909838931826,,,1.0,4.0,8.5
242,4d26698977a2a1cd5b7c4fb7,Bar de Courcelles,d63041391198f1496b84b02d71a3ed90,0.952942687704725,,,1.0,4.0,8.1
243,5c0f61b6c53093002cc647d8,Messorem Bracitorium,d63041391198f1496b84b02d71a3ed90,0.9856487329351232,,,2.0,2.0,8.2
244,550cad24498ebe3e1243497c,Le Téquila Bar,d63041391198f1496b84b02d71a3ed90,0.968514276335039,,,1.0,4.0,6.1
245,4d631f182f16b60c1f0bddf4,Bar Bistro Notre Dame,d63041391198f1496b84b02d71a3ed90,0.9733955625967872,,,2.0,3.0,8.2
246,601ecd3cdde2dc05ebba243d,BarBara,d63041391198f1496b84b02d71a3ed90,0.971925467611524,,,2.0,3.0,8.2
247,5091f6a3e4b045f238965949,Le Saint Édouard,8569736c023d7713fa1054b1dc71a704,0.9352087748970576,,,2.0,4.0,7.4
248,4fcbb484e4b088c92e504205,Taverne St-Sacrement,8569736c023d7713fa1054b1dc71a704,0.9740877917888772,,,2.0,1.0,6.9
249,4b7482fef964a52007e12de3,Taverne Bar la Remise Inc,8569736c023d7713fa1054b1dc71a704,0.9623555774404648,,,2.0,1.0,6.3
250,4b4ea1d6f964a52004f326e3,Brasserie Chez Baptiste,8569736c023d7713fa1054b1dc71a704,0.9777773020188828,,,2.0,1.0,6.7
251,57d88695498e1975f1ea9ab4,The Whiskey Man,8569736c023d7713fa1054b1dc71a704,0.3782568669849493,,,2.0,1.0,8.2
252,5a220e62646e381283294b96,Les Garnements Rosemont,8569736c023d7713fa1054b1dc71a704,0.104597971839831,,,2.0,2.0,8.2
253,50ef7a9ce4b0568907fee592,Bar la Marche a Côté,8569736c023d7713fa1054b1dc71a704,0.926780706073776,,,2.0,1.0,8.2
254,553c653a498e6d24233fe909,Espace Urbain Montreal,8569736c023d7713fa1054b1dc71a704,0.1714872936693142,,,2.0,1.0,8.2
255,4dcca178d22deadedd26846f,La Succursale,c7c82cf193fdc50ec1a106c90cb51544,0.982844134249645,,,2.0,3.0,8.1
256,4fc04470e4b055703895014c,Broue Bar Gaspé,c7c82cf193fdc50ec1a106c90cb51544,0.112126856351738,,,2.0,1.0,8.2
257,4b09d277f964a5203d1e23e3,Bar Sel et Poivre,c7c82cf193fdc50ec1a106c90cb51544,0.9800323991807433,,,2.0,1.0,5.9
258,4cf59ee3e308236a18cbe1ac,Bar la Broue du Plateau Enr,531dfca0ea4152da1c5e60b7fa74ba1c,0.7315292556038451,,,2.0,1.0,8.2
259,572f7ede498e47f582ceb891,Igloo's - the One & Only,531dfca0ea4152da1c5e60b7fa74ba1c,0.0199676008192568,,,3.0,1.0,8.2
260,7976a909323e47727f89c030,Bistro Jono Bar 2201 Mont Royal e,531dfca0ea4152da1c5e60b7fa74ba1c,0.8996190724673447,,,2.0,1.0,8.2
261,4b8f064af964a520474533e3,La Distillerie,cf46557eb890581a5631cafc7b9a2bba,0.9646392201360194,,,3.0,1.0,8.6
262,514ce722e412d48b33804432,N sur Mackay,4249917b3ff262f4cd831f8ea34cf74e,0.954163009270162,,,3.0,2.0,7.5
263,54555de1498e9def9130414f,Kinka Izakaya Montreal,4249917b3ff262f4cd831f8ea34cf74e,0.9361079592084324,,,2.0,2.0,6.9
264,4b439640f964a520c8e325e3,Station des Sports,4249917b3ff262f4cd831f8ea34cf74e,0.9805248096369722,,,2.0,2.0,6.3
265,4bd22df641b9ef3b3d8dfde5,Forum Sports Bar,4249917b3ff262f4cd831f8ea34cf74e,0.5579795471251079,,,1.0,2.0,6.0
266,4b9bbda8f964a520e41f36e3,La Boîte à Karaoke,4249917b3ff262f4cd831f8ea34cf74e,0.8863174120619153,,,2.0,1.0,6.0
267,4b648e7ff964a52062bd2ae3,Forum de Montréal,4249917b3ff262f4cd831f8ea34cf74e,0.9910581115702184,,,2.0,2.0,5.6
268,20fe087931c843b37861467e,G a Delicatessen,4249917b3ff262f4cd831f8ea34cf74e,0.4501191692202928,,,2.0,1.0,8.2
270,4ad4c06bf964a52034f920e3,Hurley's Irish Pub,7b28024fd4c90ded38fc0447771d1ca4,0.9784195765270076,,,2.0,5.0,7.7
271,4ad4c06af964a5200df920e3,Brutopia,f05dc5b7b3635787d9fe3fd8565bee7a,0.9858842335881022,,,1.0,5.0,7.7
272,4ae09422f964a5208b8021e3,La Cage Aux Sports,f7b1f88c4f4e3231537dd0a5a7397287,0.9883034675687056,,,1.0,2.0,6.2
273,5c4b95c8b1538e002ca1972f,Broken Coconut,c0bf44a23aa9fdfd893bd437866dbf2a,0.1449470837169139,,,3.0,1.0,8.2
275,4addf655f964a520c66621e3,Thomson House,4dfba1c78f4c98769c58749cb8f10472,0.9665660436603938,,,2.0,1.0,8.0
276,4d2b5ed38292236ac68a33bb,Purple Haze,dfaab1117322af6f88c48893144bcf6f,0.8898356490897543,,,3.0,1.0,8.2
277,37278bd1603f446911800f2e,Riverside St-Henri,dfaab1117322af6f88c48893144bcf6f,0.8996190724673447,,,2.0,1.0,8.2
278,ae949ebcacc2473167faec57,Toucan,e1d27e3bb1414d200aac4dbc156450d7,0.8996190724673447,,,2.0,1.0,8.2
279,4ccb26d8b571b60c581eca65,Domaine Papineau,955f8b917ca4548746c2189a36b96fb2,0.1961292256310347,,,3.0,1.0,8.2
280,4b4e665ef964a52056ec26e3,Complexe Sky,63c25a074954b752156b8c981b4e1f99,0.9793829882891948,,,2.0,1.0,7.1
281,4fd28960e4b00f27bcbd0ac5,Sky Pub Terrasse,63c25a074954b752156b8c981b4e1f99,0.901382317469153,,,2.0,1.0,7.0
282,4b887358f964a520ccf831e3,Bar le Cocktail,63c25a074954b752156b8c981b4e1f99,0.965467040613158,,,2.0,1.0,6.6
283,550b5c1f498ed654c5c0df00,Broue Pub Brouhaha Papineau,7eaaf829040807e1e2c7091f2866f62e,0.998544177781584,,,2.0,1.0,6.9
284,513ca53ae4b09233464f0ccb,Bar le Grand Chapeau,286671379fa925e68543ac801281068b,0.9974594475011952,,,2.0,1.0,8.2
285,581283b738faee396e63500f,Cafe Baraki,286671379fa925e68543ac801281068b,0.1402870253412975,,,2.0,1.0,8.2
286,5b44d6fb835c9a002cf848c2,Bar Café Loutraki,286671379fa925e68543ac801281068b,0.9394192411169868,,,2.0,1.0,8.2
287,62388992446d46be5b028b97,Brasserie Quebecoise,aa4100b71e77eb483a5d173547e56ab6,0.1678905564238155,,,2.0,1.0,8.2
288,4b5bf7ddf964a5206a1f29e3,Yer'Mad Bistro Bar,b9d14281ceeaf9913a820adab2e125c6,0.9760859791474876,,,2.0,1.0,7.5
289,4ad4c06af964a520fcf820e3,McLean's Pub,ac93999c9a8a448cf9db2701716fa637,0.9899591085229827,,,1.0,1.0,7.7
290,4ced962662ef6dcb6270f359,Bar U-Turn,cfc09f1f86e151cf8778b662a3d3650b,0.94235229470409,,,2.0,2.0,8.2
291,53080654498e6684dfd9aadf,Bar Monaco,cfc09f1f86e151cf8778b662a3d3650b,0.1173150071007015,,,2.0,2.0,8.2
292,5cb26a6c9fca56002cb3474b,Billy Buck,cfc09f1f86e151cf8778b662a3d3650b,0.0738472956675016,,,1.0,2.0,8.2
293,4f74c0f19c60489d5b7697d2,Cafe Sport Alex,cfc09f1f86e151cf8778b662a3d3650b,0.5543614007293384,,,2.0,2.0,8.2
294,4dfac788e4cd567936072592,Aquarium Café Bar,cfc09f1f86e151cf8778b662a3d3650b,0.9393835591998688,,,2.0,1.0,8.2
295,5a275c644b78c5058d9c9e6f,Clandestino,d5193bc68b01855a79fd8c694ef2e2f9,0.9458633953485052,,,3.0,1.0,7.8
296,4bf71147508c0f476c403d31,BEVO Bar + Pizzeria,0a3aa715457ea0c777ddd396228eafd1,0.9628337151298464,,,2.0,1.0,7.6
297,5b91f01e018cbb002c2d7736,Le 409,7214c61eb7f8d875d6db8db935ad16ea,0.9589015678634382,,,2.0,1.0,7.1
298,5866b5cbb6e67d6edd13ad8b,Pub Saint Pierre,7214c61eb7f8d875d6db8db935ad16ea,0.9596080698223756,,,1.0,1.0,7.2
299,4ad4c06bf964a52075f920e3,Bar le Confessionnal,7214c61eb7f8d875d6db8db935ad16ea,0.8885867819906228,,,2.0,1.0,6.6
300,5b0ac711f193c0002c18040b,King Crab,31c3024050ee6f3e44c85eceae251db1,0.9118942102521284,,,3.0,1.0,8.2
301,597bf745033693058a6a4ba7,Ti-Agrikol,15f3a0b338dba26f99a8df6fab3fdbc7,0.2896800759311196,,,3.0,1.0,7.2
302,582a9f8f70fc422c2d6de1f7,Le MTL Bar,15f3a0b338dba26f99a8df6fab3fdbc7,0.95142977441892,,,2.0,1.0,6.1
303,5b20670be1f0aa002c41bab6,Les Enfants du Rock MTL,15f3a0b338dba26f99a8df6fab3fdbc7,0.9621200767874856,,,2.0,1.0,8.2
304,,La Distillerie No.1,36c6491aa1b52e5ef7005f984738de27,,EQCd_CUFrK_gSARL7s01fw,315.0,2.0,21.0,9.0
306,,Arcade MTL,36c6491aa1b52e5ef7005f984738de27,,hdJlf4YNdDtQA67nXvFeyw,26.0,1.0,13.0,9.0
307,,Yer'Mad,36c6491aa1b52e5ef7005f984738de27,,SbFWAF3Rhtb-vvl5WUqg_A,15.0,1.0,11.0,9.0
308,,Le Normandie,36c6491aa1b52e5ef7005f984738de27,,o7MzamFzaLiCFDmfXAmyRA,8.0,1.0,14.0,9.0
309,,Patrick's Pub,36c6491aa1b52e5ef7005f984738de27,,6yrZA98dlYpoSRMjMOTTuw,25.0,2.0,6.0,7.0
310,,Bistro à Jojo,36c6491aa1b52e5ef7005f984738de27,,B5kbcJs8FlS0oF-moPJ6NA,23.0,2.0,11.0,8.0
311,,Midway,36c6491aa1b52e5ef7005f984738de27,,QPq7OiHqyONN9relgqwFZA,35.0,2.0,25.0,8.0
312,,Pub le Sainte-Élisabeth,36c6491aa1b52e5ef7005f984738de27,,rgriAyAgPcs3sZHOrvF8ig,123.0,2.0,16.0,8.0
313,,Pub l'Île Noire,36c6491aa1b52e5ef7005f984738de27,,SgLr6EzoWrIjgl5VpB07rA,60.0,2.0,4.0,8.0
314,,Bootlegger l'Authentique,36c6491aa1b52e5ef7005f984738de27,,FpmQN6DHQDBk7o6VUJ1VtA,46.0,2.0,15.0,9.0
315,,Le Mal Nécessaire,36c6491aa1b52e5ef7005f984738de27,,qVdVY4YN0Rr0uKPkE1ltgQ,163.0,2.0,29.0,8.0
316,,Stereo,36c6491aa1b52e5ef7005f984738de27,,cGXuJydIyA_j_8nY-hYe1A,54.0,3.0,13.0,7.0
317,,Ginkgo,36c6491aa1b52e5ef7005f984738de27,,uyyvYlZRUK3UWMDllDRWxA,75.0,2.0,10.0,8.0
318,,Les Foufounes Electriques,36c6491aa1b52e5ef7005f984738de27,,BReKNnKFYRld2decRXM4Og,78.0,1.0,18.0,7.0
319,,Bistro au Vieux St-Hubert,36c6491aa1b52e5ef7005f984738de27,,SEZdzNlky2JOWCtewBeWsg,6.0,2.0,10.0,7.0
320,,Le Blossom,36c6491aa1b52e5ef7005f984738de27,,JsWnBDHZW1HFkgJVYCaEfg,31.0,2.0,8.0,6.0
321,,Le Trèfle,65f5707d61306518123222b4680bc282,,2RIcAKwFl3_mJEVZCJfKqA,35.0,2.0,8.0,8.0
322,,El Jumelgi,65f5707d61306518123222b4680bc282,,B1oB2s2lDskUoY5r_1g1xg,1.0,1.0,5.0,8.0
324,,Candi Bar,0e58810dea9e4869279089cb8576642f,,XKyFYsRIkd0Tmef9fT_84w,60.0,2.0,11.0,7.0
325,,Le Rouge Gorge,0e58810dea9e4869279089cb8576642f,,PxJXsLv6cad2YJAwj_LfAw,33.0,2.0,10.0,9.0
327,,L’Entrepôt - Mont-Royal,0e58810dea9e4869279089cb8576642f,,G7LYpILnHveyvbg3sJePPw,138.0,1.0,10.0,8.0
328,,L'Escogriffe Bar Spectacle,0e58810dea9e4869279089cb8576642f,,jfYlk4SmJyyOi9zU5rrNdw,18.0,1.0,16.0,9.0
329,,L'Barouf,0e58810dea9e4869279089cb8576642f,,BQZ-KkZilWvOGG8-kGzsfw,32.0,2.0,11.0,7.0
330,,Ichigo Ichie,0e58810dea9e4869279089cb8576642f,,CEsh0ScOKlL3mpvjypqszA,117.0,2.0,12.0,9.0
331,,Bar la Shop,0e58810dea9e4869279089cb8576642f,,05ODI64RZUWNLu84PerxLw,8.0,1.0,7.0,8.0
332,,Big In Japan,0e58810dea9e4869279089cb8576642f,,mqSQ88UysxPX5hV7y2-MTA,258.0,2.0,12.0,7.0
333,,Le A Bar,0e58810dea9e4869279089cb8576642f,,MaZ7AhdfZiyJGcfbX_3JTQ,15.0,2.0,12.0,9.0
334,,Barraca,0e58810dea9e4869279089cb8576642f,,jPE7EGhcFyVor-rzbppDgw,63.0,2.0,7.0,7.0
335,,West Shefford,0e58810dea9e4869279089cb8576642f,,cTm9pJXTYCfA4RtQ2dnwdA,7.0,1.0,7.0,7.0
336,,La Distillerie No.2,0e58810dea9e4869279089cb8576642f,,GIf1tyweFeS_5hrzMaNkfg,71.0,2.0,8.0,9.0
337,,Chez Baptiste,0e58810dea9e4869279089cb8576642f,,rx3da3AnlsTGstA4Vc5F-g,19.0,1.0,11.0,7.0
338,,La Rockette,0e58810dea9e4869279089cb8576642f,,YmAbgAGupY68YrHCsv2-EQ,16.0,1.0,6.0,6.0
339,,Plein Sud,0e58810dea9e4869279089cb8576642f,,oiiTuyoAALAeNhOV6T-i5w,58.0,2.0,8.0,9.0
340,,Bar Vintage 132,eeda0f4010f34ca2199f3585a76fef66,,D92KzSJGnwXCMeQsR4kBAQ,8.0,2.0,5.0,9.0
341,,Über Cafbar,eeda0f4010f34ca2199f3585a76fef66,,z5I_mpQSd6Xq1losyHtA1A,6.0,2.0,4.0,9.0
342,,Sacre Fut,eeda0f4010f34ca2199f3585a76fef66,,tZEIJrzwEQam4A2WZ-kf0Q,1.0,2.0,3.0,8.0
343,,Resto Bar Coin Du Metro,eeda0f4010f34ca2199f3585a76fef66,,tnLMp4jhjO4hytdPX0gl5A,4.0,2.0,3.0,6.0
344,,Le Petit Flore,eeda0f4010f34ca2199f3585a76fef66,,QJyFT9MJ-34LZhkB1nMOsg,10.0,2.0,4.0,8.0
345,,La Zone,8140fc3c3486abf913b0bd9211926f2b,,whUznyO5yPSMdmU_kW2OOQ,2.0,1.0,6.0,2.0
346,,Caffè Roma,8140fc3c3486abf913b0bd9211926f2b,,xxs6Jni9Fcq7Dw9YArR3ew,3.0,1.0,7.0,10.0
348,,Boswell,e287c24d95d9f0e3767d167d83ecebcd,,X2bUZ2udFByvLlKs0FUMYw,46.0,2.0,8.0,9.0
350,,Pot Masson,e287c24d95d9f0e3767d167d83ecebcd,,Akhq4AKxKRDPa6BHpiSEVQ,47.0,1.0,6.0,7.0
351,,Baron Samedi,e287c24d95d9f0e3767d167d83ecebcd,,qDM1IuspbAvT5XoJb3Zf8g,10.0,2.0,6.0,6.0
352,,Au P'tit Buck,bfc27d829d7ce8c0f9e55b1cab901cbb,,fAoGXXZLuktaim6drXwRpg,2.0,1.0,8.0,8.0
353,,Sharky's,1ff33fd73e2add3c30fcd821850dccd3,,RLTcfYJcZNS6vKwtpMxk8g,3.0,2.0,2.0,3.0
354,,Roasters,1ff33fd73e2add3c30fcd821850dccd3,,n1j9BZZ4MxK1H9Z-BHAkUQ,28.0,2.0,2.0,6.0
355,,Chez Victoire,2501128835e132f929d56798aa789839,,j9d1c73emq6sL0v5IfrC-w,66.0,3.0,7.0,8.0
357,,Le Boudoir Cafe Bar,2501128835e132f929d56798aa789839,,kSE6-eoOke52AHO3fXV9Bg,14.0,2.0,6.0,6.0
358,,Grenade,2501128835e132f929d56798aa789839,,2VxWrTRKAIVYmrlLAtNY9A,54.0,2.0,9.0,8.0
360,,Le Vestiaire,00c210cb99cf9d1b923c1548938aee56,,zktCQRlDtF6XmOpqKBz1mA,28.0,2.0,6.0,9.0
361,,Le Zotique,00c210cb99cf9d1b923c1548938aee56,,EoKuFDZiLleHf3d9KAXwiA,4.0,3.0,7.0,7.0
363,,Alexandraplatz,00c210cb99cf9d1b923c1548938aee56,,ixRdNNWfAX5hNAtrCLAscg,35.0,2.0,6.0,8.0
364,,Yïsst ,00c210cb99cf9d1b923c1548938aee56,,hKX_7qaljBtpcEYp73Kzyw,19.0,2.0,7.0,8.0
365,,Salon Miss Villeray,00c210cb99cf9d1b923c1548938aee56,,OAVzNTyUKUyt1Am6r7Dyiw,10.0,1.0,6.0,7.0
366,,Brasserie Beaubien,00c210cb99cf9d1b923c1548938aee56,,knzc5-lsEpOlyDzrKUruFg,2.0,1.0,5.0,8.0
367,,Bruno Sport Bar,00c210cb99cf9d1b923c1548938aee56,,NG3TF5xwiF76S0N8SZ8xuQ,10.0,1.0,6.0,9.0
369,,Restaurant El Chalateco,00c210cb99cf9d1b923c1548938aee56,,-Bus-TnZSfw20gnHHpwSlg,27.0,2.0,4.0,8.0
370,,Le Jockey,00c210cb99cf9d1b923c1548938aee56,,cGNtSkENoYTEctN5AcFb9g,9.0,1.0,5.0,8.0
371,,Taverna,00c210cb99cf9d1b923c1548938aee56,,BdYEbF9z2IqaJ7R5bduxJw,4.0,2.0,6.0,8.0
372,,Melrose,00c210cb99cf9d1b923c1548938aee56,,ybBXNZeUkjE_wGFcaKmoLg,8.0,1.0,3.0,7.0
373,,Le Petit Buck,00c210cb99cf9d1b923c1548938aee56,,0YWjz8hyWHzeun1rjfszHg,1.0,1.0,5.0,6.0
374,,Pastaga,00c210cb99cf9d1b923c1548938aee56,,25m6rM6hFw2CGADUjbYKXg,72.0,3.0,1.0,8.0
375,,Nouveau Cafe Cozmos,f9bb106633ce38eeec6728faed3155ad,,qXmg2Y6c-Le7KAoL4apHfg,4.0,2.0,5.0,9.0
376,,Blue Dog,a32e2261fca6732a8f47eec9fef69017,,y3bZmHLDUULqgHc3UagHjw,27.0,1.0,13.0,9.0
377,,North Star,a32e2261fca6732a8f47eec9fef69017,,cLkyosdtcATTRTXX9EmHvg,30.0,2.0,12.0,9.0
378,,Barfly,a32e2261fca6732a8f47eec9fef69017,,0QX23jvjcpKTYM6kVJAjow,41.0,1.0,11.0,8.0
379,,Les Torchés,a32e2261fca6732a8f47eec9fef69017,,Ipcdle852xIuI1L5kCYAvA,36.0,2.0,12.0,8.0
380,,larrys,a32e2261fca6732a8f47eec9fef69017,,p94oHG7K9BqcMVVOlkzhPg,108.0,2.0,10.0,9.0
381,,Le Bayou Bar,a32e2261fca6732a8f47eec9fef69017,,zrosikSitR0JcwqR-3nYOg,2.0,4.0,4.0,8.0
382,,Chez Serge,a32e2261fca6732a8f47eec9fef69017,,7q2GyT57Mg0QZGWW2g_SGg,35.0,2.0,4.0,8.0
383,,Bar Kabinet,a32e2261fca6732a8f47eec9fef69017,,t_lzZWjLB5fcFzqB730VcA,30.0,2.0,5.0,8.0
384,,Datcha,a32e2261fca6732a8f47eec9fef69017,,G0wnPbOROYiOn5kp9rTMfg,20.0,3.0,4.0,7.0
385,,Primetime Lounge,a32e2261fca6732a8f47eec9fef69017,,W2xOWSsxBgZbeMmd3bVWTQ,8.0,1.0,2.0,8.0
386,,Sparrow,a32e2261fca6732a8f47eec9fef69017,,KHcqvfwkGv6k6KtLDcpogQ,208.0,2.0,9.0,8.0
387,,The Coldroom,f332a5c6e3f7fc73096885d6efc0f829,,BCSofuQwu1VE8wjzDaQ3qQ,242.0,2.0,21.0,9.0
388,,Stereobar,f332a5c6e3f7fc73096885d6efc0f829,,Od15y4U3Z8w5dRQJLKAjyg,6.0,3.0,7.0,5.0
390,,Bar Zoé,0243c740e1d4fe272e0c414cdd900c7d,,5KQrTh5gMQfZrA3yIlPrjw,12.0,1.0,4.0,8.0
391,,Beaubien Deli,700cf042fd8763ec6c702d94d5b6689b,,Rk7M8uRtPsGu-zjDyElGwg,8.0,2.0,3.0,8.0
392,,Le Verre Bouteille,82cc3be4d76f16ca475536a6e07461c5,,i4Ufr_LWzHiLmeKYkrR7Gw,8.0,2.0,7.0,8.0
393,,Davidson Taverne,0f8246e77098962beaa5e48211a7cff8,,qT2eHJQdff2-3gflfY1Xog,1.0,1.0,5.0,8.0
394,,Snowbird Tiki Bar,c8aba35f90d2eeada8a20ea7915c943a,,IW0b-1EyRvwi8OVsN_dPew,36.0,3.0,7.0,7.0
395,,Waverly,c8aba35f90d2eeada8a20ea7915c943a,,aY4hxuMJCJzXjlQ_HloFXw,54.0,2.0,6.0,7.0
397,,Pub Bishop & Bagg,c8aba35f90d2eeada8a20ea7915c943a,,2vYRUAonMg9HBUDs30NL8g,91.0,2.0,7.0,8.0
398,,L'Gros Luxe Mile End,c8aba35f90d2eeada8a20ea7915c943a,,Uo9OOFVZjKQR2Rm0XXA98A,84.0,2.0,4.0,8.0
399,,Taverne la Remise,c8aba35f90d2eeada8a20ea7915c943a,,wMbi9wthv6GXtCKPJAtZAQ,7.0,1.0,6.0,6.0
401,,Mezcaleros,c8aba35f90d2eeada8a20ea7915c943a,,Sjj8ZEvBZdjDYMJH7nBZmw,17.0,1.0,3.0,7.0
402,,Madisons New York Bar & Grill,0d4d6ab1ff41bf892ecbb0e09a8e2f40,,D37qORFp1NSZqsAOVlagyQ,36.0,2.0,3.0,6.0
403,,La Distillerie No.3,e335f2f5ad674c200bb9795ee863749c,,bygF2VFxleQqEVLfsh4gDg,17.0,2.0,5.0,8.0
405,,Le Rosemont,e335f2f5ad674c200bb9795ee863749c,,QX8ry6q2K0cQUprakDBVDg,12.0,2.0,7.0,8.0
406,,Lobby Bar,e335f2f5ad674c200bb9795ee863749c,,uP7ojXytz8q7YZbQLNibow,9.0,2.0,5.0,6.0
407,,Maison Saint-Paul,30efd061ab22a0caa3dc67f5e027154e,,9rT_Zr_A2qYmLaHpSi6eqw,100.0,3.0,13.0,9.0
408,,Wolf & Workman,30efd061ab22a0caa3dc67f5e027154e,,agYLB665pM7rYjHveAlK8Q,120.0,2.0,21.0,9.0
410,,Terrasse William Gray,30efd061ab22a0caa3dc67f5e027154e,,5NRLnaFBxO4V7bN5ENaefA,60.0,3.0,8.0,7.0
411,,Les 3 Brasseurs,30efd061ab22a0caa3dc67f5e027154e,,lAXvPp580Puo-BPlbE_o1g,224.0,2.0,19.0,7.0
413,,Le Stud,76d6ac391db2e789d1696e32fccf92f6,,UBu451W5-yxYQenrdkOKIQ,28.0,2.0,7.0,7.0
414,,Bar Aigle Noir,76d6ac391db2e789d1696e32fccf92f6,,98xak1WOfnQVdVsulJLqPg,18.0,3.0,7.0,6.0
416,,Macbar et Fromage,76d6ac391db2e789d1696e32fccf92f6,,Gg_e8CqCLGo-CmqgCOL5FQ,44.0,2.0,6.0,8.0
418,,Saloon Bistro Bar,76d6ac391db2e789d1696e32fccf92f6,,-iQdfdTpXa3Y-WC5OJGTfw,95.0,2.0,6.0,7.0
419,,Lounge l'Un et l'Autre,76d6ac391db2e789d1696e32fccf92f6,,GmAk-gqWLn9KzskFt2cCIQ,2.0,2.0,5.0,7.0
422,,Botero,cecb49c91023c7469470569da814659e,,Q2SjioubbDH3p5GN2f-fZg,2.0,2.0,16.0,9.0
423,,NYK'S,cecb49c91023c7469470569da814659e,,E-HDevNTu_UIKIx8MA_RMA,188.0,2.0,29.0,8.0
424,,La Voûte,cecb49c91023c7469470569da814659e,,hhoF0oNZaSY-G4a6jkNpDg,34.0,4.0,13.0,8.0
425,,Sarah B.,cecb49c91023c7469470569da814659e,,t2Eg5QRgLg9DWUeMe_Duhg,28.0,2.0,14.0,8.0
426,,Le Confessionnal,cecb49c91023c7469470569da814659e,,-hCG6fsmBbUxLkvBkCyuiw,18.0,2.0,12.0,6.0
427,,Gokudo,cecb49c91023c7469470569da814659e,,eLajoeeUpG6gZuICUQNMVw,62.0,2.0,27.0,9.0
428,,Barroco,cecb49c91023c7469470569da814659e,,XI3iNUgChOfJk5ppjKVEQQ,301.0,3.0,15.0,9.0
429,,Pub Victoria,cecb49c91023c7469470569da814659e,,cgYU1DKsvUgBvjp35ZimJQ,14.0,2.0,11.0,6.0
432,,Cloakroom Bar,69f583a85e1a83b443c203b781bfc0c9,,evTWdlBsQl6EMiVcm0fXww,194.0,3.0,22.0,10.0
434,,Mad Hatter Pub,69f583a85e1a83b443c203b781bfc0c9,,ol-aOSZbIh46Uy3tKjciaA,101.0,1.0,26.0,8.0
435,,N Sur Mackay,69f583a85e1a83b443c203b781bfc0c9,,oAUi0mz8MTbBIzGKK1AyWA,89.0,2.0,26.0,9.0
436,,Grumpy's Bar,69f583a85e1a83b443c203b781bfc0c9,,HfcveKmEBGQo-Sp9CGiyHA,36.0,1.0,27.0,8.0
437,,Alice Bar,69f583a85e1a83b443c203b781bfc0c9,,H_rv7lLUIziHo3ntKjOUuw,3.0,2.0,18.0,8.0
439,,The Brass Door Pub,69f583a85e1a83b443c203b781bfc0c9,,vr7AxduHXDabV5Ha4AlZxw,35.0,1.0,7.0,8.0
440,,Le Warehouse,69f583a85e1a83b443c203b781bfc0c9,,khG1RMnSphhbOSjkMT2XrA,161.0,1.0,17.0,7.0
441,,Piranha Bar,69f583a85e1a83b443c203b781bfc0c9,,N8n_6SyhRN_ebAFkkUfPQg,22.0,2.0,17.0,7.0
442,,Sir Winston Churchill Pub,69f583a85e1a83b443c203b781bfc0c9,,MaI_EevMbWBUnK36L4pAng,143.0,2.0,11.0,7.0
443,,Peel Pub,69f583a85e1a83b443c203b781bfc0c9,,Mazv23vyWF_86RjTfLJcSg,109.0,1.0,16.0,6.0
444,,Notre-Bœuf-de-Grâce,69f583a85e1a83b443c203b781bfc0c9,,tQdX2txQNiCgC2pbjLzFGA,56.0,2.0,10.0,8.0
446,,Ziggy's Pub,69f583a85e1a83b443c203b781bfc0c9,,vRLIiqmbAswP4DMAvjYj6A,35.0,2.0,7.0,7.0
448,,Café Parvis,650b371db12a750bd2db8da8ecfa0890,,SfHE6qK6dT7wxX-Ow82tRg,223.0,2.0,12.0,8.0
450,,Blvd44,650b371db12a750bd2db8da8ecfa0890,,koG71Tmokay8IBV580qanA,26.0,2.0,5.0,5.0
451,,Biirū,650b371db12a750bd2db8da8ecfa0890,,LxiwqfN59A1pDdYd7NyJQQ,191.0,2.0,12.0,8.0
452,,Apartment 200,650b371db12a750bd2db8da8ecfa0890,,bI28nvujPldWdWsQ5sVRlQ,72.0,2.0,6.0,6.0
453,,Clébard,1013ec013026d8e51b4e126c5c72c5c8,,uYPMY3v1w85b5adrW-giLg,19.0,2.0,7.0,7.0
454,,Quai des Brumes,1013ec013026d8e51b4e126c5c72c5c8,,tslgvM54OLOeUPqD48p72w,18.0,1.0,5.0,7.0
455,,La Cage ,81e413363c9c2b6933f4706dd9fafc6b,,QouAo7lqUhPtW7qZpkNS8g,36.0,2.0,12.0,7.0
456,,Henri - Brasserie Francaise,81e413363c9c2b6933f4706dd9fafc6b,,5ek7jh5HvAaR34I5EdyNCg,44.0,3.0,12.0,8.0
457,,Ye Olde Orchard,81e413363c9c2b6933f4706dd9fafc6b,,aHRwaqenQHy98AwWjbHvdA,83.0,2.0,7.0,8.0
458,,Pub Lord William,ede6b6e636d0057c3569441aad58f64c,,cB65Ezz9-FewdTiHtT84jg,38.0,2.0,18.0,8.0
459,,Industria Pizzeria + Bar,ede6b6e636d0057c3569441aad58f64c,,U57wwW8EcfVPpEiEhJyUJg,44.0,2.0,7.0,7.0
460,,Perles et Paddock,ede6b6e636d0057c3569441aad58f64c,,m-dBv0j_MHKnFC_PJGJDyg,50.0,4.0,16.0,8.0
461,,Resto-Pub 100 Génies,ede6b6e636d0057c3569441aad58f64c,,OixAX9U7ukSgEc8SIzScow,8.0,2.0,10.0,6.0
462,,Le Bureau,ede6b6e636d0057c3569441aad58f64c,,10RFV-vuQ52VUkmzFXbWaA,33.0,3.0,14.0,7.0
463,,Knox,ede6b6e636d0057c3569441aad58f64c,,7rjsddY6fB_SJXIVOLywTQ,19.0,2.0,7.0,9.0
464,,Mélisse,ede6b6e636d0057c3569441aad58f64c,,pdyYkeJl64LvDgfxbNzNTw,45.0,2.0,8.0,9.0
465,,Arem Restaurant,ede6b6e636d0057c3569441aad58f64c,,7bdU3QMrMHwvm9D2H6VV9A,4.0,2.0,11.0,3.0
466,,Bar le Sénateur,ede6b6e636d0057c3569441aad58f64c,,2xBmsmgKHJaqV7uWpbmMiA,6.0,3.0,6.0,7.0
467,,Taverne 1909 signé St-Hubert,ede6b6e636d0057c3569441aad58f64c,,dkrWH6vG9SqzLRzC3rB10A,40.0,2.0,3.0,5.0
468,,Pub Burgundy Lion,444448176f019fa75930cba6037f6ed8,,o05HPzyrpcguxH9AL1Knvw,234.0,2.0,15.0,8.0
469,,La Drinkerie Ste-Cunégonde,444448176f019fa75930cba6037f6ed8,,7WjfywEVPymUMFz2eEz9Tg,51.0,2.0,14.0,8.0
470,,Canal Lounge,444448176f019fa75930cba6037f6ed8,,U4aFxVyXfPc7Yh46oTRzOQ,28.0,2.0,9.0,9.0
471,,Bar Ganadara,444448176f019fa75930cba6037f6ed8,,wGL1O5ZAxeag8YsCTkhvdw,72.0,2.0,11.0,8.0
472,,Imadake,444448176f019fa75930cba6037f6ed8,,u-SvRRAfYgpbXZRfQgcTzA,287.0,2.0,11.0,8.0
473,,KINKA IZAKAYA MONTREAL,444448176f019fa75930cba6037f6ed8,,y32M2Hkr7GsUqGG6KwOhZw,378.0,2.0,13.0,8.0
474,,Forum Sports Bar & GamesCentre,444448176f019fa75930cba6037f6ed8,,v4y6tcmJyqYXzznCYT0-Zw,32.0,2.0,8.0,5.0
475,,Cock'n Bull Pub,444448176f019fa75930cba6037f6ed8,,qhSVvcuu4N0V1EmmtOy2fw,16.0,1.0,8.0,7.0
476,,La Chic Régal,444448176f019fa75930cba6037f6ed8,,wzkK4F47eBVEjXPXX3j5fw,7.0,1.0,6.0,6.0
477,,Kampaï Garden,444448176f019fa75930cba6037f6ed8,,VLWmzZ3_46cmL8Quc4rgsA,159.0,2.0,8.0,7.0
478,,La Station des Sports,444448176f019fa75930cba6037f6ed8,,MyDFeohoa_sZoQHycqO3wA,108.0,2.0,7.0,5.0
479,,Pub Epoxy,444448176f019fa75930cba6037f6ed8,,EJrzMjeteCMseoSA2cbC0Q,9.0,2.0,8.0,7.0
480,,La Belle & La Boeuf,444448176f019fa75930cba6037f6ed8,,Sp1SC02FtmTDgRCmO29-CA,217.0,2.0,1.0,7.0
481,,Le Tequila Bar,f9cff3cd7959287708ec2346fdc9f24c,,soeuzTjGSP_t6HOOlCE2Qw,44.0,2.0,8.0,7.0
482,,Cafe Lounge,ce541d236b1fb3391edee931485e6ad7,,VnIPEcuYrdTzzIIav_4bxw,2.0,1.0,2.0,4.0
483,,Les Deux Gamins,4752f08cc123b7e93771ee25c318efee,,3jKUbhGSjFTv5jZ0wnW0xA,598.0,2.0,4.0,8.0
484,,El Furniture Warehouse,4752f08cc123b7e93771ee25c318efee,,gFE-uZ2CnS6Bdr_3-RM1WQ,22.0,1.0,4.0,8.0
485,,Abreuvoir Bar & Terrasse,4752f08cc123b7e93771ee25c318efee,,svd-Hr6EmIWP2IjqNbplRQ,25.0,2.0,1.0,8.0
486,,Mme Lee,4752f08cc123b7e93771ee25c318efee,,EzZF5s0bmDcJKifpTdmiXA,31.0,2.0,4.0,6.0
487,,Bar De Courcelle,4c87345d7a652a966f526460dfa264c5,,9dn5pee_n2dWQfN57xoJpg,27.0,1.0,6.0,8.0
490,,MVP Bar Sportif,eb0fd4c2ab7be34b815978bb8ebfbe65,,MhINNBBwzGn4-n_YI67wog,52.0,2.0,2.0,6.0
491,,La Marche à Côté,268397f44e5cae3f431fc80129c14fd5,,GqJXM5UE05_-5UvhuIr_5g,2.0,2.0,3.0,6.0
494,,Holder,81835dccb50d8900b00cc0a3ea1b480f,,FRuuIDOd21pTJHvEGIt1Gg,377.0,3.0,7.0,8.0
495,,La Catrina,81835dccb50d8900b00cc0a3ea1b480f,,ZG7QfG8o6ylQYfxXM95luA,47.0,2.0,10.0,8.0
496,,The Farsides,81835dccb50d8900b00cc0a3ea1b480f,,SNMkOEOmJndZTXuyGVc8hw,39.0,2.0,7.0,6.0
497,,Somwhr Liquor Lounge,81835dccb50d8900b00cc0a3ea1b480f,,OVh3nyxQVUa15cxQdtkZQA,7.0,2.0,6.0,5.0
498,,Le Saint-Sulpice,81835dccb50d8900b00cc0a3ea1b480f,,zWPCyy1VEqoO3J_IcUWDTQ,76.0,2.0,6.0,7.0
499,,Bord'Elle Boutique Bar and Eatery,81835dccb50d8900b00cc0a3ea1b480f,,uFZ7Q8JCgGJAaObiYs3ksg,65.0,4.0,1.0,7.0
500,,Andrews Bar,16fb65f48b8435b23e10d3e232fd5f0c,,gMLmr0YQhf489vw934OINA,11.0,1.0,10.0,7.0
501,,Riverside,d63041391198f1496b84b02d71a3ed90,,fQaIzHM__ItyxahTuGQ2IQ,25.0,1.0,3.0,8.0
502,,Loïc,d63041391198f1496b84b02d71a3ed90,,o7y1SUS_lH4TycXeKIQcZQ,24.0,3.0,3.0,6.0
503,,Cafe Del Monko,d63041391198f1496b84b02d71a3ed90,,kYWKmXgfcN1nzt50Ulgcyw,1.0,1.0,3.0,10.0
504,,Elena,d63041391198f1496b84b02d71a3ed90,,jdgOBjF-txwzIkXNIEvUWw,57.0,3.0,3.0,8.0
505,,Taverne Saint-Sacrement,f07d83b19d7555633ed07b8705e1439c,,7hdEAII1LHvU9WWiyo2l_g,27.0,2.0,2.0,7.0
506,,Beaumonde Par Mademoiselle,1e35b33de4e369aeedcdd6de0f62c2cb,,__fyRzU8kL6HkVV3wgxfmQ,5.0,2.0,2.0,6.0
507,,Shehrazad,7b28024fd4c90ded38fc0447771d1ca4,,nOOFiJqPddK8QL1Wfw1wZQ,5.0,2.0,6.0,8.0
508,,Crobar,7b28024fd4c90ded38fc0447771d1ca4,,eHbY4WUzUye96OmtPaXfGg,5.0,1.0,1.0,6.0
509,,Joverse,3e138c9acff07bff5f9e684c01bc564f,,2lqPBsK4Q32yWvnlYqXoIA,55.0,2.0,2.0,7.0
510,,Furco,014e10dba2d92bd20c826b88864dc6b6,,lLaX4U3_IfiWIFDqv78dcA,64.0,2.0,4.0,7.0
511,,Ace Bar,014e10dba2d92bd20c826b88864dc6b6,,ze1qR5KCkfL9bNAOYDE9tQ,6.0,2.0,3.0,5.0
512,,La P'tite Grenouille Montréal,12d398be5955fed8787b107d04ba8cab,,HckbDALXYG34UZwRxi_gUw,25.0,2.0,3.0,6.0
513,,Galt,f7b1f88c4f4e3231537dd0a5a7397287,,eIDCXxjiize_E8H5IgMASw,1.0,3.0,1.0,6.0
514,,Nuvoo,f7b1f88c4f4e3231537dd0a5a7397287,,QxOdvCdkCKl11P0Xyu1T8Q,2.0,1.0,2.0,2.0
515,,St-Laurent Bifteck,b7ea33e5396a99849c76067836da7f21,,DrIGFIi_EB4LGNZH7opJuw,51.0,1.0,2.0,8.0
518,,Pincette,3cc8af25d891cb13e3301e4a612d0383,,uaf_yrwWo35aWM0_qJCgrw,38.0,3.0,5.0,9.0
519,,John Michael's Pub,3cc8af25d891cb13e3301e4a612d0383,,ZntrjpC6xAPHPVIYc_TUmA,48.0,2.0,4.0,6.0
520,,Pub St-Paul,3cc8af25d891cb13e3301e4a612d0383,,jsaZ2JDgCMl2uk2cRmVPjg,51.0,2.0,3.0,5.0
524,,Vargas,7214c61eb7f8d875d6db8db935ad16ea,,YMJ7E1AcjDF5kN7hVkWd_w,95.0,3.0,1.0,7.0
525,,L'Gros Luxe Plateau,15f3a0b338dba26f99a8df6fab3fdbc7,,EyCO8HurmdWYbVCdxPg-Ig,42.0,2.0,1.0,7.0
